#
# TABLE STRUCTURE FOR: alumni_events
#

DROP TABLE IF EXISTS `alumni_events`;

CREATE TABLE `alumni_events` (
  `id` int(11) NOT NULL AUTO_INCREMENT,
  `title` text NOT NULL,
  `event_for` varchar(100) NOT NULL,
  `session_id` int(11) DEFAULT NULL,
  `class_id` int(11) DEFAULT NULL,
  `section` varchar(255) NOT NULL,
  `from_date` datetime NOT NULL,
  `to_date` datetime NOT NULL,
  `note` text NOT NULL,
  `photo` varchar(255) DEFAULT NULL,
  `is_active` int(11) NOT NULL,
  `event_notification_message` text NOT NULL,
  `show_onwebsite` int(11) NOT NULL,
  `created_at` timestamp NOT NULL DEFAULT CURRENT_TIMESTAMP ON UPDATE CURRENT_TIMESTAMP,
  PRIMARY KEY (`id`),
  KEY `session_id` (`session_id`),
  KEY `class_id` (`class_id`),
  CONSTRAINT `alumni_events_ibfk_1` FOREIGN KEY (`session_id`) REFERENCES `sessions` (`id`) ON DELETE CASCADE,
  CONSTRAINT `alumni_events_ibfk_2` FOREIGN KEY (`class_id`) REFERENCES `classes` (`id`) ON DELETE CASCADE
) ENGINE=InnoDB AUTO_INCREMENT=6 DEFAULT CHARSET=utf8;

INSERT INTO `alumni_events` (`id`, `title`, `event_for`, `session_id`, `class_id`, `section`, `from_date`, `to_date`, `note`, `photo`, `is_active`, `event_notification_message`, `show_onwebsite`, `created_at`) VALUES (1, 'Independence Day Celebration !!!!!!', 'all', NULL, NULL, 'null', '2023-08-15 00:00:00', '2023-08-15 23:59:00', '', NULL, 0, 'It is a proud moment for everyone as we approach another Independence Day on August 15th. This annual observance has a great significance and this special day is celebrated for commemorating our brave leaders and fighters of history who won us the freedom we are enjoying today.', 0, '2023-08-24 08:59:57');
INSERT INTO `alumni_events` (`id`, `title`, `event_for`, `session_id`, `class_id`, `section`, `from_date`, `to_date`, `note`, `photo`, `is_active`, `event_notification_message`, `show_onwebsite`, `created_at`) VALUES (2, 'Admission Camp', 'all', NULL, NULL, 'null', '2023-07-01 00:00:00', '2023-07-20 23:59:00', '', NULL, 0, 'Admission camp is an online education website that delivers timely blogs related to the field of education. We also deliver general education related.', 0, '2023-08-24 09:00:42');
INSERT INTO `alumni_events` (`id`, `title`, `event_for`, `session_id`, `class_id`, `section`, `from_date`, `to_date`, `note`, `photo`, `is_active`, `event_notification_message`, `show_onwebsite`, `created_at`) VALUES (3, 'Summer Vacation', 'all', NULL, NULL, 'null', '2023-06-05 00:00:00', '2023-06-12 23:59:00', 'Summer vacation is the best time of the year as it gives me a chance to relax and explore new things. It gives me an opportunity to take a break from my daily study routine and adopt new hobbies like gardening, dancing and painting, while also having fun with friends.', NULL, 0, 'Summer vacation is the best time of the year as it gives me a chance to relax and explore new things. It gives me an opportunity to take a break from my daily study routine and adopt new hobbies like gardening, dancing and painting, while also having fun with friends.', 0, '2023-08-24 09:01:23');
INSERT INTO `alumni_events` (`id`, `title`, `event_for`, `session_id`, `class_id`, `section`, `from_date`, `to_date`, `note`, `photo`, `is_active`, `event_notification_message`, `show_onwebsite`, `created_at`) VALUES (4, 'Sports', 'all', NULL, NULL, 'null', '2023-02-14 00:00:00', '2023-02-15 23:59:00', 'Sports', NULL, 0, 'Sports', 0, '2023-08-24 09:02:04');
INSERT INTO `alumni_events` (`id`, `title`, `event_for`, `session_id`, `class_id`, `section`, `from_date`, `to_date`, `note`, `photo`, `is_active`, `event_notification_message`, `show_onwebsite`, `created_at`) VALUES (5, 'Reunion For 2020-21 Batch', 'class', 18, 2, '[\"1\",\"2\",\"3\"]', '2023-03-07 00:00:00', '2023-03-10 23:59:00', '', NULL, 0, '', 0, '2023-08-24 09:03:06');


#
# TABLE STRUCTURE FOR: alumni_students
#

DROP TABLE IF EXISTS `alumni_students`;

CREATE TABLE `alumni_students` (
  `id` int(11) NOT NULL AUTO_INCREMENT,
  `student_id` int(11) NOT NULL,
  `current_email` varchar(255) NOT NULL,
  `current_phone` varchar(255) NOT NULL,
  `occupation` text NOT NULL,
  `address` text NOT NULL,
  `photo` varchar(255) DEFAULT NULL,
  `created_at` timestamp NOT NULL DEFAULT CURRENT_TIMESTAMP ON UPDATE CURRENT_TIMESTAMP,
  PRIMARY KEY (`id`),
  KEY `student_id` (`student_id`),
  CONSTRAINT `alumni_students_ibfk_1` FOREIGN KEY (`student_id`) REFERENCES `students` (`id`) ON DELETE CASCADE
) ENGINE=InnoDB DEFAULT CHARSET=utf8;

#
# TABLE STRUCTURE FOR: attendence_type
#

DROP TABLE IF EXISTS `attendence_type`;

CREATE TABLE `attendence_type` (
  `id` int(11) NOT NULL AUTO_INCREMENT,
  `type` varchar(50) DEFAULT NULL,
  `key_value` varchar(50) NOT NULL,
  `is_active` varchar(255) DEFAULT 'no',
  `created_at` timestamp NOT NULL DEFAULT CURRENT_TIMESTAMP ON UPDATE CURRENT_TIMESTAMP,
  `updated_at` date DEFAULT NULL,
  PRIMARY KEY (`id`)
) ENGINE=InnoDB AUTO_INCREMENT=7 DEFAULT CHARSET=utf8;

INSERT INTO `attendence_type` (`id`, `type`, `key_value`, `is_active`, `created_at`, `updated_at`) VALUES (1, 'Present', '<b class=\"text text-success\">P</b>', 'yes', '2016-06-23 23:41:37', '0000-00-00');
INSERT INTO `attendence_type` (`id`, `type`, `key_value`, `is_active`, `created_at`, `updated_at`) VALUES (2, 'Late With Excuse', '<b class=\"text text-warning\">E</b>', 'no', '2018-05-29 13:49:48', '0000-00-00');
INSERT INTO `attendence_type` (`id`, `type`, `key_value`, `is_active`, `created_at`, `updated_at`) VALUES (3, 'Late', '<b class=\"text text-warning\">L</b>', 'yes', '2016-06-23 23:42:28', '0000-00-00');
INSERT INTO `attendence_type` (`id`, `type`, `key_value`, `is_active`, `created_at`, `updated_at`) VALUES (4, 'Absent', '<b class=\"text text-danger\">A</b>', 'yes', '2016-10-11 17:05:40', '0000-00-00');
INSERT INTO `attendence_type` (`id`, `type`, `key_value`, `is_active`, `created_at`, `updated_at`) VALUES (5, 'Holiday', 'H', 'yes', '2016-10-11 17:05:01', '0000-00-00');
INSERT INTO `attendence_type` (`id`, `type`, `key_value`, `is_active`, `created_at`, `updated_at`) VALUES (6, 'Half Day', '<b class=\"text text-warning\">F</b>', 'yes', '2016-06-23 23:42:28', '0000-00-00');


#
# TABLE STRUCTURE FOR: book_issues
#

DROP TABLE IF EXISTS `book_issues`;

CREATE TABLE `book_issues` (
  `id` int(11) NOT NULL AUTO_INCREMENT,
  `book_id` int(11) NOT NULL,
  `member_id` int(11) DEFAULT NULL,
  `duereturn_date` date DEFAULT NULL,
  `return_date` date DEFAULT NULL,
  `issue_date` date DEFAULT NULL,
  `is_returned` int(11) DEFAULT '0',
  `is_active` varchar(10) NOT NULL DEFAULT 'no',
  `created_at` timestamp NOT NULL DEFAULT CURRENT_TIMESTAMP ON UPDATE CURRENT_TIMESTAMP,
  PRIMARY KEY (`id`),
  KEY `book_id` (`book_id`),
  KEY `member_id` (`member_id`),
  CONSTRAINT `book_issues_ibfk_1` FOREIGN KEY (`book_id`) REFERENCES `books` (`id`) ON DELETE CASCADE,
  CONSTRAINT `book_issues_ibfk_2` FOREIGN KEY (`member_id`) REFERENCES `libarary_members` (`id`) ON DELETE CASCADE
) ENGINE=InnoDB AUTO_INCREMENT=2 DEFAULT CHARSET=utf8;

INSERT INTO `book_issues` (`id`, `book_id`, `member_id`, `duereturn_date`, `return_date`, `issue_date`, `is_returned`, `is_active`, `created_at`) VALUES (1, 2, 1, '2023-09-02', NULL, '2023-09-02', 0, 'no', '2023-09-02 00:34:36');


#
# TABLE STRUCTURE FOR: books
#

DROP TABLE IF EXISTS `books`;

CREATE TABLE `books` (
  `id` int(11) NOT NULL AUTO_INCREMENT,
  `book_title` varchar(100) NOT NULL,
  `book_no` varchar(50) NOT NULL,
  `isbn_no` varchar(100) NOT NULL,
  `subject` varchar(100) DEFAULT NULL,
  `rack_no` varchar(100) NOT NULL,
  `publish` varchar(100) DEFAULT NULL,
  `author` varchar(100) DEFAULT NULL,
  `qty` int(11) DEFAULT NULL,
  `perunitcost` float(10,2) DEFAULT NULL,
  `postdate` date DEFAULT NULL,
  `description` text,
  `available` varchar(10) DEFAULT 'yes',
  `is_active` varchar(255) DEFAULT 'no',
  `created_at` timestamp NOT NULL DEFAULT CURRENT_TIMESTAMP ON UPDATE CURRENT_TIMESTAMP,
  `updated_at` date DEFAULT NULL,
  PRIMARY KEY (`id`)
) ENGINE=InnoDB AUTO_INCREMENT=6 DEFAULT CHARSET=utf8;

INSERT INTO `books` (`id`, `book_title`, `book_no`, `isbn_no`, `subject`, `rack_no`, `publish`, `author`, `qty`, `perunitcost`, `postdate`, `description`, `available`, `is_active`, `created_at`, `updated_at`) VALUES (1, 'Hindi the native language', 'SS4564', '5464DFD', 'HINDI', '563', 'R.K. Publisher', 'Tarun', 50, '35.00', '2023-08-31', '', 'yes', 'no', '2023-08-24 08:29:28', NULL);
INSERT INTO `books` (`id`, `book_title`, `book_no`, `isbn_no`, `subject`, `rack_no`, `publish`, `author`, `qty`, `perunitcost`, `postdate`, `description`, `available`, `is_active`, `created_at`, `updated_at`) VALUES (2, 'Food And Fun', '657', 'SD4563', 'Social Studies', '3453', 'D.K. Publisher', 'Jack', 50, '35.00', '2023-08-25', '', 'yes', 'no', '2023-08-24 08:30:31', NULL);
INSERT INTO `books` (`id`, `book_title`, `book_no`, `isbn_no`, `subject`, `rack_no`, `publish`, `author`, `qty`, `perunitcost`, `postdate`, `description`, `available`, `is_active`, `created_at`, `updated_at`) VALUES (3, 'A Seed Tells farmer Story', '456345', '56FDF45', 'EVS 1', '4532', 'S.K. Publisher', 'Harry', 50, '50.00', '2023-08-22', '', 'yes', 'no', '2023-08-24 08:31:28', NULL);
INSERT INTO `books` (`id`, `book_title`, `book_no`, `isbn_no`, `subject`, `rack_no`, `publish`, `author`, `qty`, `perunitcost`, `postdate`, `description`, `available`, `is_active`, `created_at`, `updated_at`) VALUES (4, 'Surface areas and volumes', 'CV5575', 'SD342', 'SCIENCE', '6785', 'L.K . Publisher', 'Rahul Verma', 100, '100.00', '2023-08-15', '', 'yes', 'no', '2023-08-24 08:32:45', NULL);
INSERT INTO `books` (`id`, `book_title`, `book_no`, `isbn_no`, `subject`, `rack_no`, `publish`, `author`, `qty`, `perunitcost`, `postdate`, `description`, `available`, `is_active`, `created_at`, `updated_at`) VALUES (5, 'Hindi the native language', 'SDS232', 'WE3422', 'HINDI', 'ASa3422', 'Naresh Books Publication', 'J M Singh', 100, '50.00', '2023-07-20', '', 'yes', 'no', '2023-08-24 08:33:57', NULL);


#
# TABLE STRUCTURE FOR: captcha
#

DROP TABLE IF EXISTS `captcha`;

CREATE TABLE `captcha` (
  `id` int(11) NOT NULL AUTO_INCREMENT,
  `name` varchar(250) NOT NULL,
  `status` int(11) NOT NULL,
  `created_at` timestamp NOT NULL DEFAULT CURRENT_TIMESTAMP ON UPDATE CURRENT_TIMESTAMP,
  PRIMARY KEY (`id`)
) ENGINE=InnoDB AUTO_INCREMENT=6 DEFAULT CHARSET=utf8;

INSERT INTO `captcha` (`id`, `name`, `status`, `created_at`) VALUES (1, 'userlogin', 0, '2021-01-19 13:40:29');
INSERT INTO `captcha` (`id`, `name`, `status`, `created_at`) VALUES (2, 'login', 0, '2021-01-19 13:40:31');
INSERT INTO `captcha` (`id`, `name`, `status`, `created_at`) VALUES (3, 'admission', 0, '2021-01-19 10:18:11');
INSERT INTO `captcha` (`id`, `name`, `status`, `created_at`) VALUES (4, 'complain', 0, '2021-01-19 10:18:13');
INSERT INTO `captcha` (`id`, `name`, `status`, `created_at`) VALUES (5, 'contact_us', 0, '2021-01-19 10:18:15');


#
# TABLE STRUCTURE FOR: categories
#

DROP TABLE IF EXISTS `categories`;

CREATE TABLE `categories` (
  `id` int(11) NOT NULL AUTO_INCREMENT,
  `category` varchar(100) DEFAULT NULL,
  `is_active` varchar(255) DEFAULT 'no',
  `created_at` timestamp NOT NULL DEFAULT CURRENT_TIMESTAMP ON UPDATE CURRENT_TIMESTAMP,
  `updated_at` date DEFAULT NULL,
  PRIMARY KEY (`id`)
) ENGINE=InnoDB AUTO_INCREMENT=5 DEFAULT CHARSET=utf8;

INSERT INTO `categories` (`id`, `category`, `is_active`, `created_at`, `updated_at`) VALUES (1, 'General', 'no', '2023-08-01 17:30:49', NULL);
INSERT INTO `categories` (`id`, `category`, `is_active`, `created_at`, `updated_at`) VALUES (2, 'OBC', 'no', '2023-08-12 00:20:13', NULL);
INSERT INTO `categories` (`id`, `category`, `is_active`, `created_at`, `updated_at`) VALUES (3, 'Special', 'no', '2023-08-12 00:20:18', NULL);
INSERT INTO `categories` (`id`, `category`, `is_active`, `created_at`, `updated_at`) VALUES (4, 'Physically Challenged', 'no', '2023-08-12 00:20:24', NULL);


#
# TABLE STRUCTURE FOR: certificates
#

DROP TABLE IF EXISTS `certificates`;

CREATE TABLE `certificates` (
  `id` int(11) NOT NULL AUTO_INCREMENT,
  `certificate_name` varchar(100) NOT NULL,
  `certificate_text` text NOT NULL,
  `left_header` varchar(100) NOT NULL,
  `center_header` varchar(100) NOT NULL,
  `right_header` varchar(100) NOT NULL,
  `left_footer` varchar(100) NOT NULL,
  `right_footer` varchar(100) NOT NULL,
  `center_footer` varchar(100) NOT NULL,
  `background_image` varchar(100) DEFAULT NULL,
  `created_for` tinyint(1) NOT NULL COMMENT '1 = staff, 2 = students',
  `status` tinyint(1) NOT NULL,
  `header_height` int(11) NOT NULL,
  `content_height` int(11) NOT NULL,
  `footer_height` int(11) NOT NULL,
  `content_width` int(11) NOT NULL,
  `enable_student_image` tinyint(1) NOT NULL COMMENT '0=no,1=yes',
  `enable_image_height` int(11) NOT NULL,
  `created_at` timestamp NULL DEFAULT CURRENT_TIMESTAMP ON UPDATE CURRENT_TIMESTAMP,
  `updated_at` date DEFAULT NULL,
  PRIMARY KEY (`id`)
) ENGINE=InnoDB AUTO_INCREMENT=2 DEFAULT CHARSET=utf8;

INSERT INTO `certificates` (`id`, `certificate_name`, `certificate_text`, `left_header`, `center_header`, `right_header`, `left_footer`, `right_footer`, `center_footer`, `background_image`, `created_for`, `status`, `header_height`, `content_height`, `footer_height`, `content_width`, `enable_student_image`, `enable_image_height`, `created_at`, `updated_at`) VALUES (1, 'Sample Transfer Certificate', 'This is certify that <b>[name]</b> has born on [dob]  <br> and have following details [present_address] [guardian] [created_at] [admission_no] [roll_no] [class] [section] [gender] [admission_date] [category] [cast] [father_name] [mother_name] [religion] [email] [phone] .<br>We wish best of luck for future endeavors.', 'Reff. No.....1111111.........', 'To Whomever It May Concern', 'Date: _10__/_10__/__2019__', '.................................<br>admin', '.................................<br>principal', '.................................<br>admin', 'sampletc121.png', 2, 1, 360, 400, 480, 810, 1, 230, '2019-12-21 20:44:34', '0000-00-00');


#
# TABLE STRUCTURE FOR: chat_connections
#

DROP TABLE IF EXISTS `chat_connections`;

CREATE TABLE `chat_connections` (
  `id` int(11) NOT NULL AUTO_INCREMENT,
  `chat_user_one` int(11) NOT NULL,
  `chat_user_two` int(11) NOT NULL,
  `ip` varchar(30) DEFAULT NULL,
  `time` int(11) DEFAULT NULL,
  `created_at` timestamp NOT NULL DEFAULT CURRENT_TIMESTAMP ON UPDATE CURRENT_TIMESTAMP,
  `updated_at` date DEFAULT NULL,
  PRIMARY KEY (`id`),
  KEY `chat_user_one` (`chat_user_one`),
  KEY `chat_user_two` (`chat_user_two`),
  CONSTRAINT `chat_connections_ibfk_1` FOREIGN KEY (`chat_user_one`) REFERENCES `chat_users` (`id`) ON DELETE CASCADE,
  CONSTRAINT `chat_connections_ibfk_2` FOREIGN KEY (`chat_user_two`) REFERENCES `chat_users` (`id`) ON DELETE CASCADE
) ENGINE=InnoDB DEFAULT CHARSET=utf8;

#
# TABLE STRUCTURE FOR: chat_messages
#

DROP TABLE IF EXISTS `chat_messages`;

CREATE TABLE `chat_messages` (
  `id` int(11) NOT NULL AUTO_INCREMENT,
  `message` text,
  `chat_user_id` int(11) NOT NULL,
  `ip` varchar(30) NOT NULL,
  `time` int(11) NOT NULL,
  `is_first` int(1) DEFAULT '0',
  `is_read` int(1) NOT NULL DEFAULT '0',
  `chat_connection_id` int(11) NOT NULL,
  `created_at` datetime DEFAULT NULL,
  PRIMARY KEY (`id`),
  KEY `chat_user_id` (`chat_user_id`),
  KEY `chat_connection_id` (`chat_connection_id`),
  CONSTRAINT `chat_messages_ibfk_1` FOREIGN KEY (`chat_user_id`) REFERENCES `chat_users` (`id`) ON DELETE CASCADE,
  CONSTRAINT `chat_messages_ibfk_2` FOREIGN KEY (`chat_connection_id`) REFERENCES `chat_connections` (`id`) ON DELETE CASCADE
) ENGINE=InnoDB DEFAULT CHARSET=utf8;

#
# TABLE STRUCTURE FOR: chat_users
#

DROP TABLE IF EXISTS `chat_users`;

CREATE TABLE `chat_users` (
  `id` int(11) NOT NULL AUTO_INCREMENT,
  `user_type` varchar(20) DEFAULT NULL,
  `staff_id` int(11) DEFAULT NULL,
  `student_id` int(11) DEFAULT NULL,
  `create_staff_id` int(11) DEFAULT NULL,
  `create_student_id` int(11) DEFAULT NULL,
  `is_active` int(11) DEFAULT '0',
  `created_at` timestamp NOT NULL DEFAULT CURRENT_TIMESTAMP ON UPDATE CURRENT_TIMESTAMP,
  `updated_at` date DEFAULT NULL,
  PRIMARY KEY (`id`),
  KEY `staff_id` (`staff_id`),
  KEY `student_id` (`student_id`),
  KEY `create_staff_id` (`create_staff_id`),
  KEY `create_student_id` (`create_student_id`),
  CONSTRAINT `chat_users_ibfk_1` FOREIGN KEY (`staff_id`) REFERENCES `staff` (`id`) ON DELETE CASCADE,
  CONSTRAINT `chat_users_ibfk_2` FOREIGN KEY (`student_id`) REFERENCES `students` (`id`) ON DELETE CASCADE,
  CONSTRAINT `chat_users_ibfk_3` FOREIGN KEY (`create_staff_id`) REFERENCES `staff` (`id`) ON DELETE CASCADE,
  CONSTRAINT `chat_users_ibfk_4` FOREIGN KEY (`create_student_id`) REFERENCES `students` (`id`) ON DELETE CASCADE
) ENGINE=InnoDB DEFAULT CHARSET=utf8;

#
# TABLE STRUCTURE FOR: class_section_times
#

DROP TABLE IF EXISTS `class_section_times`;

CREATE TABLE `class_section_times` (
  `id` int(11) NOT NULL AUTO_INCREMENT,
  `class_section_id` int(11) DEFAULT NULL,
  `time` time DEFAULT NULL,
  `created_at` timestamp NOT NULL DEFAULT CURRENT_TIMESTAMP ON UPDATE CURRENT_TIMESTAMP,
  PRIMARY KEY (`id`),
  KEY `class_section_id` (`class_section_id`),
  CONSTRAINT `class_section_times_ibfk_1` FOREIGN KEY (`class_section_id`) REFERENCES `class_sections` (`id`) ON DELETE CASCADE
) ENGINE=InnoDB DEFAULT CHARSET=utf8;

#
# TABLE STRUCTURE FOR: class_sections
#

DROP TABLE IF EXISTS `class_sections`;

CREATE TABLE `class_sections` (
  `id` int(11) NOT NULL AUTO_INCREMENT,
  `class_id` int(11) DEFAULT NULL,
  `section_id` int(11) DEFAULT NULL,
  `is_active` varchar(255) DEFAULT 'no',
  `created_at` timestamp NOT NULL DEFAULT CURRENT_TIMESTAMP ON UPDATE CURRENT_TIMESTAMP,
  `updated_at` date DEFAULT NULL,
  PRIMARY KEY (`id`),
  KEY `class_id` (`class_id`),
  KEY `section_id` (`section_id`),
  CONSTRAINT `class_sections_ibfk_1` FOREIGN KEY (`class_id`) REFERENCES `classes` (`id`) ON DELETE CASCADE,
  CONSTRAINT `class_sections_ibfk_2` FOREIGN KEY (`section_id`) REFERENCES `sections` (`id`) ON DELETE CASCADE
) ENGINE=InnoDB AUTO_INCREMENT=24 DEFAULT CHARSET=utf8;

INSERT INTO `class_sections` (`id`, `class_id`, `section_id`, `is_active`, `created_at`, `updated_at`) VALUES (2, 2, 1, 'no', '2023-08-11 15:37:14', NULL);
INSERT INTO `class_sections` (`id`, `class_id`, `section_id`, `is_active`, `created_at`, `updated_at`) VALUES (3, 2, 2, 'no', '2023-08-11 15:37:14', NULL);
INSERT INTO `class_sections` (`id`, `class_id`, `section_id`, `is_active`, `created_at`, `updated_at`) VALUES (4, 2, 3, 'no', '2023-08-11 15:37:14', NULL);
INSERT INTO `class_sections` (`id`, `class_id`, `section_id`, `is_active`, `created_at`, `updated_at`) VALUES (5, 2, 4, 'no', '2023-08-11 15:37:14', NULL);
INSERT INTO `class_sections` (`id`, `class_id`, `section_id`, `is_active`, `created_at`, `updated_at`) VALUES (6, 3, 1, 'no', '2023-08-11 15:37:27', NULL);
INSERT INTO `class_sections` (`id`, `class_id`, `section_id`, `is_active`, `created_at`, `updated_at`) VALUES (7, 3, 2, 'no', '2023-08-11 15:37:27', NULL);
INSERT INTO `class_sections` (`id`, `class_id`, `section_id`, `is_active`, `created_at`, `updated_at`) VALUES (8, 3, 3, 'no', '2023-08-11 15:37:27', NULL);
INSERT INTO `class_sections` (`id`, `class_id`, `section_id`, `is_active`, `created_at`, `updated_at`) VALUES (9, 3, 4, 'no', '2023-08-11 15:37:27', NULL);
INSERT INTO `class_sections` (`id`, `class_id`, `section_id`, `is_active`, `created_at`, `updated_at`) VALUES (10, 4, 1, 'no', '2023-08-11 15:37:49', NULL);
INSERT INTO `class_sections` (`id`, `class_id`, `section_id`, `is_active`, `created_at`, `updated_at`) VALUES (11, 4, 2, 'no', '2023-08-11 15:37:49', NULL);
INSERT INTO `class_sections` (`id`, `class_id`, `section_id`, `is_active`, `created_at`, `updated_at`) VALUES (12, 4, 3, 'no', '2023-08-11 15:37:49', NULL);
INSERT INTO `class_sections` (`id`, `class_id`, `section_id`, `is_active`, `created_at`, `updated_at`) VALUES (13, 4, 4, 'no', '2023-08-11 15:37:49', NULL);
INSERT INTO `class_sections` (`id`, `class_id`, `section_id`, `is_active`, `created_at`, `updated_at`) VALUES (14, 5, 1, 'no', '2023-08-11 15:37:59', NULL);
INSERT INTO `class_sections` (`id`, `class_id`, `section_id`, `is_active`, `created_at`, `updated_at`) VALUES (15, 5, 2, 'no', '2023-08-11 15:37:59', NULL);
INSERT INTO `class_sections` (`id`, `class_id`, `section_id`, `is_active`, `created_at`, `updated_at`) VALUES (16, 5, 3, 'no', '2023-08-11 15:37:59', NULL);
INSERT INTO `class_sections` (`id`, `class_id`, `section_id`, `is_active`, `created_at`, `updated_at`) VALUES (17, 5, 4, 'no', '2023-08-11 15:37:59', NULL);
INSERT INTO `class_sections` (`id`, `class_id`, `section_id`, `is_active`, `created_at`, `updated_at`) VALUES (18, 6, 3, 'no', '2023-08-27 10:12:09', NULL);
INSERT INTO `class_sections` (`id`, `class_id`, `section_id`, `is_active`, `created_at`, `updated_at`) VALUES (19, 6, 4, 'no', '2023-08-27 10:12:09', NULL);
INSERT INTO `class_sections` (`id`, `class_id`, `section_id`, `is_active`, `created_at`, `updated_at`) VALUES (20, 6, 5, 'no', '2023-08-27 10:12:09', NULL);
INSERT INTO `class_sections` (`id`, `class_id`, `section_id`, `is_active`, `created_at`, `updated_at`) VALUES (21, 7, 1, 'no', '2023-08-28 22:00:43', NULL);
INSERT INTO `class_sections` (`id`, `class_id`, `section_id`, `is_active`, `created_at`, `updated_at`) VALUES (22, 8, 6, 'no', '2023-08-29 19:37:25', NULL);
INSERT INTO `class_sections` (`id`, `class_id`, `section_id`, `is_active`, `created_at`, `updated_at`) VALUES (23, 8, 7, 'no', '2023-08-29 19:37:25', NULL);


#
# TABLE STRUCTURE FOR: class_teacher
#

DROP TABLE IF EXISTS `class_teacher`;

CREATE TABLE `class_teacher` (
  `id` int(11) NOT NULL AUTO_INCREMENT,
  `session_id` int(11) NOT NULL,
  `class_id` int(11) NOT NULL,
  `section_id` int(11) NOT NULL,
  `staff_id` int(11) NOT NULL,
  PRIMARY KEY (`id`),
  KEY `class_id` (`class_id`),
  KEY `section_id` (`section_id`),
  KEY `session_id` (`session_id`),
  KEY `staff_id` (`staff_id`),
  CONSTRAINT `class_teacher_ibfk_1` FOREIGN KEY (`class_id`) REFERENCES `classes` (`id`) ON DELETE CASCADE,
  CONSTRAINT `class_teacher_ibfk_2` FOREIGN KEY (`section_id`) REFERENCES `sections` (`id`) ON DELETE CASCADE,
  CONSTRAINT `class_teacher_ibfk_3` FOREIGN KEY (`session_id`) REFERENCES `sessions` (`id`) ON DELETE CASCADE,
  CONSTRAINT `class_teacher_ibfk_4` FOREIGN KEY (`staff_id`) REFERENCES `staff` (`id`) ON DELETE CASCADE
) ENGINE=InnoDB AUTO_INCREMENT=9 DEFAULT CHARSET=utf8;

INSERT INTO `class_teacher` (`id`, `session_id`, `class_id`, `section_id`, `staff_id`) VALUES (1, 18, 2, 1, 5);
INSERT INTO `class_teacher` (`id`, `session_id`, `class_id`, `section_id`, `staff_id`) VALUES (2, 18, 2, 1, 8);
INSERT INTO `class_teacher` (`id`, `session_id`, `class_id`, `section_id`, `staff_id`) VALUES (3, 18, 2, 2, 2);
INSERT INTO `class_teacher` (`id`, `session_id`, `class_id`, `section_id`, `staff_id`) VALUES (4, 18, 2, 2, 5);
INSERT INTO `class_teacher` (`id`, `session_id`, `class_id`, `section_id`, `staff_id`) VALUES (5, 18, 2, 3, 2);
INSERT INTO `class_teacher` (`id`, `session_id`, `class_id`, `section_id`, `staff_id`) VALUES (6, 18, 2, 3, 8);
INSERT INTO `class_teacher` (`id`, `session_id`, `class_id`, `section_id`, `staff_id`) VALUES (7, 18, 3, 2, 2);
INSERT INTO `class_teacher` (`id`, `session_id`, `class_id`, `section_id`, `staff_id`) VALUES (8, 18, 4, 2, 8);


#
# TABLE STRUCTURE FOR: classes
#

DROP TABLE IF EXISTS `classes`;

CREATE TABLE `classes` (
  `id` int(11) NOT NULL AUTO_INCREMENT,
  `class` varchar(60) DEFAULT NULL,
  `is_active` varchar(255) DEFAULT 'no',
  `created_at` timestamp NOT NULL DEFAULT CURRENT_TIMESTAMP ON UPDATE CURRENT_TIMESTAMP,
  `updated_at` date DEFAULT NULL,
  PRIMARY KEY (`id`)
) ENGINE=InnoDB AUTO_INCREMENT=9 DEFAULT CHARSET=utf8;

INSERT INTO `classes` (`id`, `class`, `is_active`, `created_at`, `updated_at`) VALUES (2, 'Class 1', 'no', '2023-08-11 15:37:14', NULL);
INSERT INTO `classes` (`id`, `class`, `is_active`, `created_at`, `updated_at`) VALUES (3, 'Class 2', 'no', '2023-08-11 15:37:27', NULL);
INSERT INTO `classes` (`id`, `class`, `is_active`, `created_at`, `updated_at`) VALUES (4, 'class 3', 'no', '2023-08-11 15:37:49', NULL);
INSERT INTO `classes` (`id`, `class`, `is_active`, `created_at`, `updated_at`) VALUES (5, 'class 4', 'no', '2023-08-11 15:37:59', NULL);
INSERT INTO `classes` (`id`, `class`, `is_active`, `created_at`, `updated_at`) VALUES (6, 'MPC', 'no', '2023-08-27 10:12:09', NULL);
INSERT INTO `classes` (`id`, `class`, `is_active`, `created_at`, `updated_at`) VALUES (7, 'BiPC', 'no', '2023-08-28 22:00:43', NULL);
INSERT INTO `classes` (`id`, `class`, `is_active`, `created_at`, `updated_at`) VALUES (8, 'SR MPC', 'no', '2023-08-29 19:37:25', NULL);


#
# TABLE STRUCTURE FOR: complaint
#

DROP TABLE IF EXISTS `complaint`;

CREATE TABLE `complaint` (
  `id` int(11) NOT NULL AUTO_INCREMENT,
  `complaint_type` varchar(255) NOT NULL,
  `source` varchar(255) NOT NULL,
  `name` varchar(100) NOT NULL,
  `contact` varchar(15) NOT NULL,
  `email` varchar(200) NOT NULL,
  `date` date NOT NULL,
  `description` text NOT NULL,
  `action_taken` varchar(200) NOT NULL,
  `assigned` varchar(50) NOT NULL,
  `note` text NOT NULL,
  `image` varchar(100) DEFAULT NULL,
  PRIMARY KEY (`id`)
) ENGINE=InnoDB AUTO_INCREMENT=11 DEFAULT CHARSET=utf8;

INSERT INTO `complaint` (`id`, `complaint_type`, `source`, `name`, `contact`, `email`, `date`, `description`, `action_taken`, `assigned`, `note`, `image`) VALUES (1, 'Front Office	', 'Online Front Site', 'Edward', '548898151', '', '2023-08-31', '', '', '', '', NULL);
INSERT INTO `complaint` (`id`, `complaint_type`, `source`, `name`, `contact`, `email`, `date`, `description`, `action_taken`, `assigned`, `note`, `image`) VALUES (2, 'Hostel', 'Advertisement', 'Amelia', '564982425', '', '2023-08-25', '', '', '', '', NULL);
INSERT INTO `complaint` (`id`, `complaint_type`, `source`, `name`, `contact`, `email`, `date`, `description`, `action_taken`, `assigned`, `note`, `image`) VALUES (3, 'Transport', 'Front Office', 'James', '58845542', '', '2023-08-21', '', '', '', '', NULL);
INSERT INTO `complaint` (`id`, `complaint_type`, `source`, `name`, `contact`, `email`, `date`, `description`, `action_taken`, `assigned`, `note`, `image`) VALUES (4, 'Sports', 'Admission Campaign', 'Lily', '658552135', '', '2023-08-15', '', '', '', '', NULL);
INSERT INTO `complaint` (`id`, `complaint_type`, `source`, `name`, `contact`, `email`, `date`, `description`, `action_taken`, `assigned`, `note`, `image`) VALUES (5, 'Teacher', 'Google Ads', 'Marshall', '848485558', '', '2023-08-10', '', '', '', '', NULL);
INSERT INTO `complaint` (`id`, `complaint_type`, `source`, `name`, `contact`, `email`, `date`, `description`, `action_taken`, `assigned`, `note`, `image`) VALUES (6, 'Study', 'Online Front Site', 'Olivia', '7885642651', '', '2023-08-05', '', '', '', '', NULL);
INSERT INTO `complaint` (`id`, `complaint_type`, `source`, `name`, `contact`, `email`, `date`, `description`, `action_taken`, `assigned`, `note`, `image`) VALUES (7, 'Front Office	', 'Online Front Site', 'William', '93254124251', '', '2023-07-31', '', '', '', '', NULL);
INSERT INTO `complaint` (`id`, `complaint_type`, `source`, `name`, `contact`, `email`, `date`, `description`, `action_taken`, `assigned`, `note`, `image`) VALUES (8, 'Hostel', 'Advertisement', 'Daniel', '904541235', '', '2023-07-25', '', '', '', '', NULL);
INSERT INTO `complaint` (`id`, `complaint_type`, `source`, `name`, `contact`, `email`, `date`, `description`, `action_taken`, `assigned`, `note`, `image`) VALUES (9, 'Transport', 'Front Office', 'Charles', '8466525143', '', '2023-07-20', '', '', '', '', NULL);
INSERT INTO `complaint` (`id`, `complaint_type`, `source`, `name`, `contact`, `email`, `date`, `description`, `action_taken`, `assigned`, `note`, `image`) VALUES (10, 'Sports', 'Admission Campaign', 'James', '925425875', '', '2023-07-15', '', '', '', '', NULL);


#
# TABLE STRUCTURE FOR: complaint_type
#

DROP TABLE IF EXISTS `complaint_type`;

CREATE TABLE `complaint_type` (
  `id` int(11) NOT NULL AUTO_INCREMENT,
  `complaint_type` varchar(100) NOT NULL,
  `description` text NOT NULL,
  `created_at` timestamp NOT NULL DEFAULT CURRENT_TIMESTAMP ON UPDATE CURRENT_TIMESTAMP,
  PRIMARY KEY (`id`)
) ENGINE=InnoDB AUTO_INCREMENT=8 DEFAULT CHARSET=utf8;

INSERT INTO `complaint_type` (`id`, `complaint_type`, `description`, `created_at`) VALUES (1, 'Fees', '', '2023-08-11 16:03:47');
INSERT INTO `complaint_type` (`id`, `complaint_type`, `description`, `created_at`) VALUES (2, 'Study', '', '2023-08-11 16:03:51');
INSERT INTO `complaint_type` (`id`, `complaint_type`, `description`, `created_at`) VALUES (3, 'Teacher', '', '2023-08-11 16:03:56');
INSERT INTO `complaint_type` (`id`, `complaint_type`, `description`, `created_at`) VALUES (4, 'Sports', '', '2023-08-11 16:04:01');
INSERT INTO `complaint_type` (`id`, `complaint_type`, `description`, `created_at`) VALUES (5, 'Transport', '', '2023-08-11 16:04:06');
INSERT INTO `complaint_type` (`id`, `complaint_type`, `description`, `created_at`) VALUES (6, 'Hostel', '', '2023-08-11 16:04:11');
INSERT INTO `complaint_type` (`id`, `complaint_type`, `description`, `created_at`) VALUES (7, 'Front Office	', '', '2023-08-11 16:04:16');


#
# TABLE STRUCTURE FOR: content_for
#

DROP TABLE IF EXISTS `content_for`;

CREATE TABLE `content_for` (
  `id` int(11) NOT NULL AUTO_INCREMENT,
  `role` varchar(50) DEFAULT NULL,
  `content_id` int(11) DEFAULT NULL,
  `user_id` int(11) DEFAULT NULL,
  `created_at` timestamp NOT NULL DEFAULT CURRENT_TIMESTAMP ON UPDATE CURRENT_TIMESTAMP,
  PRIMARY KEY (`id`),
  KEY `content_id` (`content_id`),
  KEY `user_id` (`user_id`),
  CONSTRAINT `content_for_ibfk_1` FOREIGN KEY (`content_id`) REFERENCES `contents` (`id`) ON DELETE CASCADE,
  CONSTRAINT `content_for_ibfk_2` FOREIGN KEY (`user_id`) REFERENCES `users` (`id`) ON DELETE CASCADE
) ENGINE=InnoDB DEFAULT CHARSET=utf8;

#
# TABLE STRUCTURE FOR: content_types
#

DROP TABLE IF EXISTS `content_types`;

CREATE TABLE `content_types` (
  `id` int(11) NOT NULL AUTO_INCREMENT,
  `name` varchar(200) DEFAULT NULL,
  `description` text,
  `is_active` int(1) DEFAULT '1',
  `created_at` timestamp NOT NULL DEFAULT CURRENT_TIMESTAMP ON UPDATE CURRENT_TIMESTAMP,
  PRIMARY KEY (`id`)
) ENGINE=InnoDB AUTO_INCREMENT=6 DEFAULT CHARSET=utf8;

INSERT INTO `content_types` (`id`, `name`, `description`, `is_active`, `created_at`) VALUES (1, 'Exam material', '', 1, '2023-08-24 08:22:09');
INSERT INTO `content_types` (`id`, `name`, `description`, `is_active`, `created_at`) VALUES (2, 'Other Downloads', '', 1, '2023-08-24 08:22:15');
INSERT INTO `content_types` (`id`, `name`, `description`, `is_active`, `created_at`) VALUES (3, 'Study Material', '', 1, '2023-08-24 08:22:21');
INSERT INTO `content_types` (`id`, `name`, `description`, `is_active`, `created_at`) VALUES (4, 'Syllabus', '', 1, '2023-08-24 08:22:27');
INSERT INTO `content_types` (`id`, `name`, `description`, `is_active`, `created_at`) VALUES (5, 'Assignment', '', 1, '2023-08-24 08:22:34');


#
# TABLE STRUCTURE FOR: contents
#

DROP TABLE IF EXISTS `contents`;

CREATE TABLE `contents` (
  `id` int(11) NOT NULL AUTO_INCREMENT,
  `title` varchar(100) DEFAULT NULL,
  `type` varchar(50) DEFAULT NULL,
  `is_public` varchar(10) DEFAULT 'No',
  `class_id` int(11) DEFAULT NULL,
  `cls_sec_id` int(10) DEFAULT NULL,
  `file` varchar(250) DEFAULT NULL,
  `date` date NOT NULL,
  `note` text,
  `is_active` varchar(255) DEFAULT 'no',
  `created_by` int(11) NOT NULL,
  `created_at` timestamp NOT NULL DEFAULT CURRENT_TIMESTAMP ON UPDATE CURRENT_TIMESTAMP,
  `updated_at` date DEFAULT NULL,
  PRIMARY KEY (`id`),
  KEY `created_by` (`created_by`),
  KEY `class_id` (`class_id`),
  KEY `cls_sec_id` (`cls_sec_id`),
  CONSTRAINT `contents_ibfk_1` FOREIGN KEY (`created_by`) REFERENCES `staff` (`id`) ON DELETE CASCADE,
  CONSTRAINT `contents_ibfk_2` FOREIGN KEY (`class_id`) REFERENCES `classes` (`id`) ON DELETE CASCADE,
  CONSTRAINT `contents_ibfk_3` FOREIGN KEY (`cls_sec_id`) REFERENCES `class_sections` (`id`) ON DELETE CASCADE
) ENGINE=InnoDB DEFAULT CHARSET=utf8;

#
# TABLE STRUCTURE FOR: currencies
#

DROP TABLE IF EXISTS `currencies`;

CREATE TABLE `currencies` (
  `id` int(11) NOT NULL AUTO_INCREMENT,
  `name` varchar(100) DEFAULT NULL,
  `short_name` varchar(100) DEFAULT NULL,
  `symbol` varchar(10) DEFAULT NULL,
  `base_price` varchar(10) NOT NULL DEFAULT '1',
  `is_active` int(1) DEFAULT '0',
  `created_at` timestamp NOT NULL DEFAULT CURRENT_TIMESTAMP ON UPDATE CURRENT_TIMESTAMP,
  PRIMARY KEY (`id`)
) ENGINE=InnoDB AUTO_INCREMENT=180 DEFAULT CHARSET=utf8;

INSERT INTO `currencies` (`id`, `name`, `short_name`, `symbol`, `base_price`, `is_active`, `created_at`) VALUES (1, 'AED', 'AED', 'AEDf', '1', 0, '2022-12-30 11:49:15');
INSERT INTO `currencies` (`id`, `name`, `short_name`, `symbol`, `base_price`, `is_active`, `created_at`) VALUES (2, 'AFN', 'AFN', '؋', '1', 0, '2022-12-30 11:49:19');
INSERT INTO `currencies` (`id`, `name`, `short_name`, `symbol`, `base_price`, `is_active`, `created_at`) VALUES (3, 'ALL', 'ALL', 'ALL', '1', 0, '2022-12-30 11:49:22');
INSERT INTO `currencies` (`id`, `name`, `short_name`, `symbol`, `base_price`, `is_active`, `created_at`) VALUES (4, 'AMD', 'AMD', 'AMD', '1', 0, '2022-07-22 16:25:15');
INSERT INTO `currencies` (`id`, `name`, `short_name`, `symbol`, `base_price`, `is_active`, `created_at`) VALUES (5, 'ANG', 'ANG', 'ANG', '1', 0, '2022-07-22 16:25:15');
INSERT INTO `currencies` (`id`, `name`, `short_name`, `symbol`, `base_price`, `is_active`, `created_at`) VALUES (6, 'AOA', 'AOA', 'AOA', '1', 0, '2022-07-22 16:25:15');
INSERT INTO `currencies` (`id`, `name`, `short_name`, `symbol`, `base_price`, `is_active`, `created_at`) VALUES (7, 'ARS', 'ARS', 'ARS', '1', 0, '2022-07-22 16:25:15');
INSERT INTO `currencies` (`id`, `name`, `short_name`, `symbol`, `base_price`, `is_active`, `created_at`) VALUES (8, 'AUD', 'AUD', 'AUD', '1', 0, '2022-07-22 16:25:15');
INSERT INTO `currencies` (`id`, `name`, `short_name`, `symbol`, `base_price`, `is_active`, `created_at`) VALUES (9, 'AWG', 'AWG', 'AWG', '1', 0, '2022-07-22 16:25:15');
INSERT INTO `currencies` (`id`, `name`, `short_name`, `symbol`, `base_price`, `is_active`, `created_at`) VALUES (10, 'AZN', 'AZN', 'AZN', '1', 0, '2022-07-22 16:25:15');
INSERT INTO `currencies` (`id`, `name`, `short_name`, `symbol`, `base_price`, `is_active`, `created_at`) VALUES (11, 'BAM', 'BAM', 'BAM', '1', 0, '2022-07-22 16:25:15');
INSERT INTO `currencies` (`id`, `name`, `short_name`, `symbol`, `base_price`, `is_active`, `created_at`) VALUES (12, 'BAM', 'BAM', 'BAM', '1', 0, '2022-07-22 16:25:15');
INSERT INTO `currencies` (`id`, `name`, `short_name`, `symbol`, `base_price`, `is_active`, `created_at`) VALUES (13, 'BDT', 'BDT', 'BDT', '1', 0, '2022-07-22 16:25:15');
INSERT INTO `currencies` (`id`, `name`, `short_name`, `symbol`, `base_price`, `is_active`, `created_at`) VALUES (14, 'BGN', 'BGN', 'BGN', '1', 0, '2022-07-22 16:25:15');
INSERT INTO `currencies` (`id`, `name`, `short_name`, `symbol`, `base_price`, `is_active`, `created_at`) VALUES (15, 'BHD', 'BHD', 'BHD', '1', 0, '2022-07-22 16:25:15');
INSERT INTO `currencies` (`id`, `name`, `short_name`, `symbol`, `base_price`, `is_active`, `created_at`) VALUES (16, 'BIF', 'BIF', 'BIF', '1', 0, '2022-07-22 16:25:15');
INSERT INTO `currencies` (`id`, `name`, `short_name`, `symbol`, `base_price`, `is_active`, `created_at`) VALUES (17, 'BMD', 'BMD', 'BMD', '1', 0, '2022-07-22 16:25:15');
INSERT INTO `currencies` (`id`, `name`, `short_name`, `symbol`, `base_price`, `is_active`, `created_at`) VALUES (18, 'BND', 'BND', 'BND', '1', 0, '2022-07-22 16:25:15');
INSERT INTO `currencies` (`id`, `name`, `short_name`, `symbol`, `base_price`, `is_active`, `created_at`) VALUES (19, 'BOB', 'BOB', 'BOB', '1', 0, '2022-12-30 11:49:29');
INSERT INTO `currencies` (`id`, `name`, `short_name`, `symbol`, `base_price`, `is_active`, `created_at`) VALUES (20, 'BOV', 'BOV', 'BOV', '1', 0, '2022-12-30 11:49:38');
INSERT INTO `currencies` (`id`, `name`, `short_name`, `symbol`, `base_price`, `is_active`, `created_at`) VALUES (21, 'BRL', 'BRL', 'BRL', '1', 0, '2022-07-22 16:25:15');
INSERT INTO `currencies` (`id`, `name`, `short_name`, `symbol`, `base_price`, `is_active`, `created_at`) VALUES (22, 'BSD', 'BSD', 'BSD', '1', 0, '2022-12-30 11:49:40');
INSERT INTO `currencies` (`id`, `name`, `short_name`, `symbol`, `base_price`, `is_active`, `created_at`) VALUES (23, 'BTN', 'BTN', 'BTN', '1', 0, '2022-12-30 11:49:42');
INSERT INTO `currencies` (`id`, `name`, `short_name`, `symbol`, `base_price`, `is_active`, `created_at`) VALUES (24, 'BWP', 'BWP', 'BWP', '1', 0, '2022-07-22 16:25:15');
INSERT INTO `currencies` (`id`, `name`, `short_name`, `symbol`, `base_price`, `is_active`, `created_at`) VALUES (25, 'BYN', 'BYN', 'BYN', '1', 0, '2022-07-22 16:25:15');
INSERT INTO `currencies` (`id`, `name`, `short_name`, `symbol`, `base_price`, `is_active`, `created_at`) VALUES (26, 'BYR', 'BYR', 'BYR', '1', 0, '2022-07-22 16:25:15');
INSERT INTO `currencies` (`id`, `name`, `short_name`, `symbol`, `base_price`, `is_active`, `created_at`) VALUES (27, 'BZD', 'BZD', 'BZD', '1', 0, '2022-07-22 16:25:15');
INSERT INTO `currencies` (`id`, `name`, `short_name`, `symbol`, `base_price`, `is_active`, `created_at`) VALUES (28, 'CAD', 'CAD', 'CAD', '1', 0, '2022-07-22 16:25:15');
INSERT INTO `currencies` (`id`, `name`, `short_name`, `symbol`, `base_price`, `is_active`, `created_at`) VALUES (29, 'CDF', 'CDF', 'CDF', '1', 0, '2022-07-22 16:25:15');
INSERT INTO `currencies` (`id`, `name`, `short_name`, `symbol`, `base_price`, `is_active`, `created_at`) VALUES (30, 'CHE', 'CHE', 'CHE', '1', 0, '2022-07-22 16:25:15');
INSERT INTO `currencies` (`id`, `name`, `short_name`, `symbol`, `base_price`, `is_active`, `created_at`) VALUES (31, 'CHF', 'CHF', 'CHF', '1', 0, '2022-07-22 16:25:15');
INSERT INTO `currencies` (`id`, `name`, `short_name`, `symbol`, `base_price`, `is_active`, `created_at`) VALUES (32, 'CHW', 'CHW', 'CHW', '1', 0, '2022-07-22 16:25:15');
INSERT INTO `currencies` (`id`, `name`, `short_name`, `symbol`, `base_price`, `is_active`, `created_at`) VALUES (33, 'CLF', 'CLF', 'CLF', '1', 0, '2022-07-22 16:25:15');
INSERT INTO `currencies` (`id`, `name`, `short_name`, `symbol`, `base_price`, `is_active`, `created_at`) VALUES (34, 'CLP', 'CLP', 'CLP', '1', 0, '2022-07-22 16:25:15');
INSERT INTO `currencies` (`id`, `name`, `short_name`, `symbol`, `base_price`, `is_active`, `created_at`) VALUES (35, 'CNY', 'CNY', 'CNY', '1', 0, '2022-07-22 16:25:15');
INSERT INTO `currencies` (`id`, `name`, `short_name`, `symbol`, `base_price`, `is_active`, `created_at`) VALUES (36, 'COP', 'COP', 'COP', '1', 0, '2022-07-22 16:25:15');
INSERT INTO `currencies` (`id`, `name`, `short_name`, `symbol`, `base_price`, `is_active`, `created_at`) VALUES (37, 'COU', 'COU', 'COU', '1', 0, '2022-07-22 16:25:15');
INSERT INTO `currencies` (`id`, `name`, `short_name`, `symbol`, `base_price`, `is_active`, `created_at`) VALUES (38, 'CRC', 'CRC', 'CRC', '1', 0, '2022-07-22 16:25:15');
INSERT INTO `currencies` (`id`, `name`, `short_name`, `symbol`, `base_price`, `is_active`, `created_at`) VALUES (39, 'CUC', 'CUC', 'CUC', '1', 0, '2022-07-22 16:25:15');
INSERT INTO `currencies` (`id`, `name`, `short_name`, `symbol`, `base_price`, `is_active`, `created_at`) VALUES (40, 'CUP', 'CUP', 'CUP', '1', 0, '2022-07-22 16:25:15');
INSERT INTO `currencies` (`id`, `name`, `short_name`, `symbol`, `base_price`, `is_active`, `created_at`) VALUES (41, 'CVE', 'CVE', 'CVE', '1', 0, '2022-07-22 16:25:15');
INSERT INTO `currencies` (`id`, `name`, `short_name`, `symbol`, `base_price`, `is_active`, `created_at`) VALUES (42, 'CZK', 'CZK', 'CZK', '1', 0, '2022-07-22 16:25:15');
INSERT INTO `currencies` (`id`, `name`, `short_name`, `symbol`, `base_price`, `is_active`, `created_at`) VALUES (43, 'DJF', 'DJF', 'DJF', '1', 0, '2022-07-22 16:25:15');
INSERT INTO `currencies` (`id`, `name`, `short_name`, `symbol`, `base_price`, `is_active`, `created_at`) VALUES (44, 'DKK', 'DKK', 'DKK', '1', 0, '2022-07-22 16:25:15');
INSERT INTO `currencies` (`id`, `name`, `short_name`, `symbol`, `base_price`, `is_active`, `created_at`) VALUES (45, 'DOP', 'DOP', 'DOP', '1', 0, '2022-07-22 16:25:15');
INSERT INTO `currencies` (`id`, `name`, `short_name`, `symbol`, `base_price`, `is_active`, `created_at`) VALUES (46, 'DZD', 'DZD', 'DZD', '1', 0, '2022-07-22 16:25:15');
INSERT INTO `currencies` (`id`, `name`, `short_name`, `symbol`, `base_price`, `is_active`, `created_at`) VALUES (47, 'EGP', 'EGP', 'EGP', '1', 0, '2022-07-22 16:25:15');
INSERT INTO `currencies` (`id`, `name`, `short_name`, `symbol`, `base_price`, `is_active`, `created_at`) VALUES (48, 'ERN', 'ERN', 'ERN', '1', 0, '2022-07-22 16:25:15');
INSERT INTO `currencies` (`id`, `name`, `short_name`, `symbol`, `base_price`, `is_active`, `created_at`) VALUES (49, 'ETB', 'ETB', 'ETB', '1', 0, '2022-07-22 16:25:15');
INSERT INTO `currencies` (`id`, `name`, `short_name`, `symbol`, `base_price`, `is_active`, `created_at`) VALUES (50, 'EUR', 'EUR', '€', '1', 0, '2022-12-30 11:50:25');
INSERT INTO `currencies` (`id`, `name`, `short_name`, `symbol`, `base_price`, `is_active`, `created_at`) VALUES (51, 'FJD', 'FJD', 'FJD', '1', 0, '2022-07-22 16:25:15');
INSERT INTO `currencies` (`id`, `name`, `short_name`, `symbol`, `base_price`, `is_active`, `created_at`) VALUES (52, 'FKP', 'FKP', 'FKP', '1', 0, '2022-07-22 16:25:15');
INSERT INTO `currencies` (`id`, `name`, `short_name`, `symbol`, `base_price`, `is_active`, `created_at`) VALUES (53, 'GBP', 'GBP', '£', '1', 0, '2022-12-30 11:50:29');
INSERT INTO `currencies` (`id`, `name`, `short_name`, `symbol`, `base_price`, `is_active`, `created_at`) VALUES (54, 'GEL', 'GEL', 'GEL', '1', 0, '2022-07-22 16:25:15');
INSERT INTO `currencies` (`id`, `name`, `short_name`, `symbol`, `base_price`, `is_active`, `created_at`) VALUES (55, 'GHS', 'GHS', 'GHS', '1', 0, '2022-07-22 16:25:15');
INSERT INTO `currencies` (`id`, `name`, `short_name`, `symbol`, `base_price`, `is_active`, `created_at`) VALUES (56, 'GIP', 'GIP', 'GIP', '1', 0, '2022-07-22 16:25:15');
INSERT INTO `currencies` (`id`, `name`, `short_name`, `symbol`, `base_price`, `is_active`, `created_at`) VALUES (57, 'GMD', 'GMD', 'GMD', '1', 0, '2022-07-22 16:25:15');
INSERT INTO `currencies` (`id`, `name`, `short_name`, `symbol`, `base_price`, `is_active`, `created_at`) VALUES (58, 'GNF', 'GNF', 'GNF', '1', 0, '2022-07-22 16:25:15');
INSERT INTO `currencies` (`id`, `name`, `short_name`, `symbol`, `base_price`, `is_active`, `created_at`) VALUES (59, 'GTQ', 'GTQ', 'GTQ', '1', 0, '2022-07-22 16:25:15');
INSERT INTO `currencies` (`id`, `name`, `short_name`, `symbol`, `base_price`, `is_active`, `created_at`) VALUES (60, 'GYD', 'GYD', 'GYD', '1', 0, '2022-07-22 16:25:15');
INSERT INTO `currencies` (`id`, `name`, `short_name`, `symbol`, `base_price`, `is_active`, `created_at`) VALUES (61, 'HKD', 'HKD', 'HKD', '1', 0, '2022-07-22 16:25:15');
INSERT INTO `currencies` (`id`, `name`, `short_name`, `symbol`, `base_price`, `is_active`, `created_at`) VALUES (62, 'HNL', 'HNL', 'HNL', '1', 0, '2022-07-22 16:25:15');
INSERT INTO `currencies` (`id`, `name`, `short_name`, `symbol`, `base_price`, `is_active`, `created_at`) VALUES (63, 'HRK', 'HRK', 'HRK', '1', 0, '2022-07-22 16:25:15');
INSERT INTO `currencies` (`id`, `name`, `short_name`, `symbol`, `base_price`, `is_active`, `created_at`) VALUES (64, 'HTG', 'HTG', 'HTG', '1', 0, '2022-07-22 16:25:15');
INSERT INTO `currencies` (`id`, `name`, `short_name`, `symbol`, `base_price`, `is_active`, `created_at`) VALUES (65, 'HUF', 'HUF', 'HUF', '1', 0, '2022-07-22 16:25:15');
INSERT INTO `currencies` (`id`, `name`, `short_name`, `symbol`, `base_price`, `is_active`, `created_at`) VALUES (66, 'IDR', 'IDR', 'IDR', '1', 0, '2022-12-30 11:50:34');
INSERT INTO `currencies` (`id`, `name`, `short_name`, `symbol`, `base_price`, `is_active`, `created_at`) VALUES (67, 'ILS', 'ILS', 'ILS', '1', 0, '2022-07-22 16:25:15');
INSERT INTO `currencies` (`id`, `name`, `short_name`, `symbol`, `base_price`, `is_active`, `created_at`) VALUES (68, 'INR', 'INR', '₹', '1', 1, '2023-08-03 09:36:59');
INSERT INTO `currencies` (`id`, `name`, `short_name`, `symbol`, `base_price`, `is_active`, `created_at`) VALUES (69, 'IQD', 'IQD', 'IQD', '1', 0, '2022-07-22 16:25:15');
INSERT INTO `currencies` (`id`, `name`, `short_name`, `symbol`, `base_price`, `is_active`, `created_at`) VALUES (70, 'IRR', 'IRR', 'IRR', '1', 0, '2022-07-22 16:25:15');
INSERT INTO `currencies` (`id`, `name`, `short_name`, `symbol`, `base_price`, `is_active`, `created_at`) VALUES (71, 'ISK', 'ISK', 'ISK', '1', 0, '2022-07-22 16:25:15');
INSERT INTO `currencies` (`id`, `name`, `short_name`, `symbol`, `base_price`, `is_active`, `created_at`) VALUES (72, 'JMD', 'JMD', 'JMD', '1', 0, '2022-07-22 16:25:15');
INSERT INTO `currencies` (`id`, `name`, `short_name`, `symbol`, `base_price`, `is_active`, `created_at`) VALUES (73, 'JOD', 'JOD', 'JOD', '1', 0, '2022-07-22 16:25:15');
INSERT INTO `currencies` (`id`, `name`, `short_name`, `symbol`, `base_price`, `is_active`, `created_at`) VALUES (74, 'JPY', 'JPY', 'JPY', '1', 0, '2022-12-30 11:49:56');
INSERT INTO `currencies` (`id`, `name`, `short_name`, `symbol`, `base_price`, `is_active`, `created_at`) VALUES (75, 'KES', 'KES', 'KES', '1', 0, '2022-07-22 16:25:15');
INSERT INTO `currencies` (`id`, `name`, `short_name`, `symbol`, `base_price`, `is_active`, `created_at`) VALUES (76, 'KGS', 'KGS', 'KGS', '1', 0, '2022-07-22 16:25:15');
INSERT INTO `currencies` (`id`, `name`, `short_name`, `symbol`, `base_price`, `is_active`, `created_at`) VALUES (77, 'KHR', 'KHR', 'KHR', '1', 0, '2022-07-22 16:25:15');
INSERT INTO `currencies` (`id`, `name`, `short_name`, `symbol`, `base_price`, `is_active`, `created_at`) VALUES (78, 'KMF', 'KMF', 'KMF', '1', 0, '2022-07-22 16:25:15');
INSERT INTO `currencies` (`id`, `name`, `short_name`, `symbol`, `base_price`, `is_active`, `created_at`) VALUES (79, 'KPW', 'KPW', 'KPW', '1', 0, '2022-07-22 16:25:15');
INSERT INTO `currencies` (`id`, `name`, `short_name`, `symbol`, `base_price`, `is_active`, `created_at`) VALUES (80, 'KRW', 'KRW', 'KRW', '1', 0, '2022-07-22 16:25:15');
INSERT INTO `currencies` (`id`, `name`, `short_name`, `symbol`, `base_price`, `is_active`, `created_at`) VALUES (81, 'KWD', 'KWD', 'KWD', '1', 0, '2022-07-22 16:25:15');
INSERT INTO `currencies` (`id`, `name`, `short_name`, `symbol`, `base_price`, `is_active`, `created_at`) VALUES (82, 'KYD', 'KYD', 'KYD', '1', 0, '2022-07-22 16:25:15');
INSERT INTO `currencies` (`id`, `name`, `short_name`, `symbol`, `base_price`, `is_active`, `created_at`) VALUES (83, 'KZT', 'KZT', 'KZT', '1', 0, '2022-07-22 16:25:15');
INSERT INTO `currencies` (`id`, `name`, `short_name`, `symbol`, `base_price`, `is_active`, `created_at`) VALUES (84, 'LAK', 'LAK', 'LAK', '1', 0, '2022-07-22 16:25:15');
INSERT INTO `currencies` (`id`, `name`, `short_name`, `symbol`, `base_price`, `is_active`, `created_at`) VALUES (85, 'LBP', 'LBP', 'LBP', '1', 0, '2022-07-22 16:25:15');
INSERT INTO `currencies` (`id`, `name`, `short_name`, `symbol`, `base_price`, `is_active`, `created_at`) VALUES (86, 'LKR', 'LKR', 'LKR', '1', 0, '2022-07-22 16:25:15');
INSERT INTO `currencies` (`id`, `name`, `short_name`, `symbol`, `base_price`, `is_active`, `created_at`) VALUES (87, 'LRD', 'LRD', 'LRD', '1', 0, '2022-07-22 16:25:15');
INSERT INTO `currencies` (`id`, `name`, `short_name`, `symbol`, `base_price`, `is_active`, `created_at`) VALUES (88, 'LSL', 'LSL', 'LSL', '1', 0, '2022-07-22 16:25:15');
INSERT INTO `currencies` (`id`, `name`, `short_name`, `symbol`, `base_price`, `is_active`, `created_at`) VALUES (89, 'LYD', 'LYD', 'LYD', '1', 0, '2022-07-22 16:25:15');
INSERT INTO `currencies` (`id`, `name`, `short_name`, `symbol`, `base_price`, `is_active`, `created_at`) VALUES (90, 'MAD', 'MAD', 'MAD', '1', 0, '2022-07-22 16:25:15');
INSERT INTO `currencies` (`id`, `name`, `short_name`, `symbol`, `base_price`, `is_active`, `created_at`) VALUES (91, 'MDL', 'MDL', 'MDL', '1', 0, '2022-07-22 16:25:15');
INSERT INTO `currencies` (`id`, `name`, `short_name`, `symbol`, `base_price`, `is_active`, `created_at`) VALUES (92, 'MGA', 'MGA', 'MGA', '1', 0, '2022-07-22 16:25:15');
INSERT INTO `currencies` (`id`, `name`, `short_name`, `symbol`, `base_price`, `is_active`, `created_at`) VALUES (93, 'MKD', 'MKD', 'MKD', '1', 0, '2022-07-22 16:25:15');
INSERT INTO `currencies` (`id`, `name`, `short_name`, `symbol`, `base_price`, `is_active`, `created_at`) VALUES (94, 'MMK', 'MMK', 'MMK', '1', 0, '2022-07-22 16:25:15');
INSERT INTO `currencies` (`id`, `name`, `short_name`, `symbol`, `base_price`, `is_active`, `created_at`) VALUES (95, 'MNT', 'MNT', 'MNT', '1', 0, '2022-07-22 16:25:15');
INSERT INTO `currencies` (`id`, `name`, `short_name`, `symbol`, `base_price`, `is_active`, `created_at`) VALUES (96, 'MOP', 'MOP', 'MOP', '1', 0, '2022-07-22 16:25:15');
INSERT INTO `currencies` (`id`, `name`, `short_name`, `symbol`, `base_price`, `is_active`, `created_at`) VALUES (97, 'MRO', 'MRO', 'MRO', '1', 0, '2022-07-22 16:25:15');
INSERT INTO `currencies` (`id`, `name`, `short_name`, `symbol`, `base_price`, `is_active`, `created_at`) VALUES (98, 'MUR', 'MUR', 'MUR', '1', 0, '2022-07-22 16:25:15');
INSERT INTO `currencies` (`id`, `name`, `short_name`, `symbol`, `base_price`, `is_active`, `created_at`) VALUES (99, 'MVR', 'MVR', 'MVR', '1', 0, '2022-07-22 16:25:15');
INSERT INTO `currencies` (`id`, `name`, `short_name`, `symbol`, `base_price`, `is_active`, `created_at`) VALUES (100, 'MWK', 'MWK', 'MWK', '1', 0, '2022-07-22 16:25:15');
INSERT INTO `currencies` (`id`, `name`, `short_name`, `symbol`, `base_price`, `is_active`, `created_at`) VALUES (101, 'MXN', 'MXN', 'MXN', '1', 0, '2022-07-22 16:25:15');
INSERT INTO `currencies` (`id`, `name`, `short_name`, `symbol`, `base_price`, `is_active`, `created_at`) VALUES (102, 'MXV', 'MXV', 'MXV', '1', 0, '2022-07-22 16:25:15');
INSERT INTO `currencies` (`id`, `name`, `short_name`, `symbol`, `base_price`, `is_active`, `created_at`) VALUES (103, 'MYR', 'MYR', 'MYR', '1', 0, '2022-07-22 16:25:15');
INSERT INTO `currencies` (`id`, `name`, `short_name`, `symbol`, `base_price`, `is_active`, `created_at`) VALUES (104, 'MZN', 'MZN', 'MZN', '1', 0, '2022-07-22 16:25:15');
INSERT INTO `currencies` (`id`, `name`, `short_name`, `symbol`, `base_price`, `is_active`, `created_at`) VALUES (105, 'NAD', 'NAD', 'NAD', '1', 0, '2022-07-30 15:02:37');
INSERT INTO `currencies` (`id`, `name`, `short_name`, `symbol`, `base_price`, `is_active`, `created_at`) VALUES (106, 'NGN', 'NGN', 'NGN', '1', 0, '2022-12-30 11:50:42');
INSERT INTO `currencies` (`id`, `name`, `short_name`, `symbol`, `base_price`, `is_active`, `created_at`) VALUES (107, 'NIO', 'NIO', 'NIO', '1', 0, '2022-07-22 16:25:15');
INSERT INTO `currencies` (`id`, `name`, `short_name`, `symbol`, `base_price`, `is_active`, `created_at`) VALUES (108, 'NOK', 'NOK', 'NOK', '1', 0, '2022-07-22 16:25:15');
INSERT INTO `currencies` (`id`, `name`, `short_name`, `symbol`, `base_price`, `is_active`, `created_at`) VALUES (109, 'NPR', 'NPR', 'NPR', '1', 0, '2022-07-22 16:25:15');
INSERT INTO `currencies` (`id`, `name`, `short_name`, `symbol`, `base_price`, `is_active`, `created_at`) VALUES (110, 'NZD', 'NZD', 'NZD', '1', 0, '2022-07-22 16:25:15');
INSERT INTO `currencies` (`id`, `name`, `short_name`, `symbol`, `base_price`, `is_active`, `created_at`) VALUES (111, 'OMR', 'OMR', 'OMR', '1', 0, '2022-07-22 16:25:15');
INSERT INTO `currencies` (`id`, `name`, `short_name`, `symbol`, `base_price`, `is_active`, `created_at`) VALUES (112, 'PAB', 'PAB', 'PAB', '1', 0, '2022-07-22 16:25:15');
INSERT INTO `currencies` (`id`, `name`, `short_name`, `symbol`, `base_price`, `is_active`, `created_at`) VALUES (113, 'PEN', 'PEN', 'PEN', '1', 0, '2022-07-22 16:25:15');
INSERT INTO `currencies` (`id`, `name`, `short_name`, `symbol`, `base_price`, `is_active`, `created_at`) VALUES (114, 'PGK', 'PGK', 'PGK', '1', 0, '2022-07-22 16:25:15');
INSERT INTO `currencies` (`id`, `name`, `short_name`, `symbol`, `base_price`, `is_active`, `created_at`) VALUES (115, 'PHP', 'PHP', 'PHP', '1', 0, '2022-07-22 16:25:15');
INSERT INTO `currencies` (`id`, `name`, `short_name`, `symbol`, `base_price`, `is_active`, `created_at`) VALUES (116, 'PKR', 'PKR', 'PKR', '1', 0, '2022-12-30 11:50:19');
INSERT INTO `currencies` (`id`, `name`, `short_name`, `symbol`, `base_price`, `is_active`, `created_at`) VALUES (117, 'PLN', 'PLN', 'PLN', '1', 0, '2022-07-22 16:25:15');
INSERT INTO `currencies` (`id`, `name`, `short_name`, `symbol`, `base_price`, `is_active`, `created_at`) VALUES (118, 'PYG', 'PYG', 'PYG', '1', 0, '2022-07-22 16:25:15');
INSERT INTO `currencies` (`id`, `name`, `short_name`, `symbol`, `base_price`, `is_active`, `created_at`) VALUES (119, 'QAR', 'QAR', 'QAR', '1', 0, '2022-07-22 16:25:15');
INSERT INTO `currencies` (`id`, `name`, `short_name`, `symbol`, `base_price`, `is_active`, `created_at`) VALUES (120, 'RON', 'RON', 'RON', '1', 0, '2022-07-22 16:25:15');
INSERT INTO `currencies` (`id`, `name`, `short_name`, `symbol`, `base_price`, `is_active`, `created_at`) VALUES (121, 'RSD', 'RSD', 'RSD', '1', 0, '2022-07-22 16:25:15');
INSERT INTO `currencies` (`id`, `name`, `short_name`, `symbol`, `base_price`, `is_active`, `created_at`) VALUES (122, 'RUB', 'RUB', 'RUB', '1', 0, '2022-12-30 11:50:16');
INSERT INTO `currencies` (`id`, `name`, `short_name`, `symbol`, `base_price`, `is_active`, `created_at`) VALUES (123, 'RWF', 'RWF', 'RWF', '1', 0, '2022-07-22 16:25:15');
INSERT INTO `currencies` (`id`, `name`, `short_name`, `symbol`, `base_price`, `is_active`, `created_at`) VALUES (124, 'SAR', 'SAR', 'SAR', '1', 0, '2022-07-22 16:25:15');
INSERT INTO `currencies` (`id`, `name`, `short_name`, `symbol`, `base_price`, `is_active`, `created_at`) VALUES (125, 'SBD', 'SBD', 'SBD', '1', 0, '2022-07-22 16:25:15');
INSERT INTO `currencies` (`id`, `name`, `short_name`, `symbol`, `base_price`, `is_active`, `created_at`) VALUES (126, 'SCR', 'SCR', 'SCR', '1', 0, '2022-07-22 16:25:15');
INSERT INTO `currencies` (`id`, `name`, `short_name`, `symbol`, `base_price`, `is_active`, `created_at`) VALUES (127, 'SDG', 'SDG', 'SDG', '1', 0, '2022-07-22 16:25:15');
INSERT INTO `currencies` (`id`, `name`, `short_name`, `symbol`, `base_price`, `is_active`, `created_at`) VALUES (128, 'SEK', 'SEK', 'SEK', '1', 0, '2022-07-22 16:25:15');
INSERT INTO `currencies` (`id`, `name`, `short_name`, `symbol`, `base_price`, `is_active`, `created_at`) VALUES (129, 'SGD', 'SGD', 'SGD', '1', 0, '2022-07-22 16:25:15');
INSERT INTO `currencies` (`id`, `name`, `short_name`, `symbol`, `base_price`, `is_active`, `created_at`) VALUES (130, 'SHP', 'SHP', 'SHP', '1', 0, '2022-07-22 16:25:15');
INSERT INTO `currencies` (`id`, `name`, `short_name`, `symbol`, `base_price`, `is_active`, `created_at`) VALUES (131, 'SLL', 'SLL', 'SLL', '1', 0, '2022-07-22 16:25:15');
INSERT INTO `currencies` (`id`, `name`, `short_name`, `symbol`, `base_price`, `is_active`, `created_at`) VALUES (132, 'SOS', 'SOS', 'SOS', '1', 0, '2022-07-22 16:25:15');
INSERT INTO `currencies` (`id`, `name`, `short_name`, `symbol`, `base_price`, `is_active`, `created_at`) VALUES (133, 'SRD', 'SRD', 'SRD', '1', 0, '2022-07-22 16:25:15');
INSERT INTO `currencies` (`id`, `name`, `short_name`, `symbol`, `base_price`, `is_active`, `created_at`) VALUES (134, 'SSP', 'SSP', 'SSP', '1', 0, '2022-07-22 16:25:15');
INSERT INTO `currencies` (`id`, `name`, `short_name`, `symbol`, `base_price`, `is_active`, `created_at`) VALUES (135, 'STD', 'STD', 'STD', '1', 0, '2022-07-22 16:25:15');
INSERT INTO `currencies` (`id`, `name`, `short_name`, `symbol`, `base_price`, `is_active`, `created_at`) VALUES (136, 'SVC', 'SVC', 'SVC', '1', 0, '2022-07-22 16:25:15');
INSERT INTO `currencies` (`id`, `name`, `short_name`, `symbol`, `base_price`, `is_active`, `created_at`) VALUES (137, 'SYP', 'SYP', 'SYP', '1', 0, '2022-07-22 16:25:15');
INSERT INTO `currencies` (`id`, `name`, `short_name`, `symbol`, `base_price`, `is_active`, `created_at`) VALUES (138, 'SZL', 'SZL', 'SZL', '1', 0, '2022-07-22 16:25:15');
INSERT INTO `currencies` (`id`, `name`, `short_name`, `symbol`, `base_price`, `is_active`, `created_at`) VALUES (139, 'THB', 'THB', 'THB', '1', 0, '2022-07-22 16:25:15');
INSERT INTO `currencies` (`id`, `name`, `short_name`, `symbol`, `base_price`, `is_active`, `created_at`) VALUES (140, 'TJS', 'TJS', 'TJS', '1', 0, '2022-07-22 16:25:15');
INSERT INTO `currencies` (`id`, `name`, `short_name`, `symbol`, `base_price`, `is_active`, `created_at`) VALUES (141, 'TMT', 'TMT', 'TMT', '1', 0, '2022-07-22 16:25:15');
INSERT INTO `currencies` (`id`, `name`, `short_name`, `symbol`, `base_price`, `is_active`, `created_at`) VALUES (142, 'TND', 'TND', 'TND', '1', 0, '2022-07-22 16:25:15');
INSERT INTO `currencies` (`id`, `name`, `short_name`, `symbol`, `base_price`, `is_active`, `created_at`) VALUES (143, 'TOP', 'TOP', 'TOP', '1', 0, '2022-07-22 16:25:15');
INSERT INTO `currencies` (`id`, `name`, `short_name`, `symbol`, `base_price`, `is_active`, `created_at`) VALUES (144, 'TRY', 'TRY', 'TRY', '1', 0, '2022-07-22 16:25:15');
INSERT INTO `currencies` (`id`, `name`, `short_name`, `symbol`, `base_price`, `is_active`, `created_at`) VALUES (145, 'TTD', 'TTD', 'TTD', '1', 0, '2022-07-22 16:25:15');
INSERT INTO `currencies` (`id`, `name`, `short_name`, `symbol`, `base_price`, `is_active`, `created_at`) VALUES (146, 'TWD', 'TWD', 'TWD', '1', 0, '2022-07-22 16:25:15');
INSERT INTO `currencies` (`id`, `name`, `short_name`, `symbol`, `base_price`, `is_active`, `created_at`) VALUES (147, 'TZS', 'TZS', 'TZS', '1', 0, '2022-07-22 16:25:15');
INSERT INTO `currencies` (`id`, `name`, `short_name`, `symbol`, `base_price`, `is_active`, `created_at`) VALUES (148, 'UAH', 'UAH', 'UAH', '1', 0, '2022-07-22 16:25:15');
INSERT INTO `currencies` (`id`, `name`, `short_name`, `symbol`, `base_price`, `is_active`, `created_at`) VALUES (149, 'UGX', 'UGX', 'UGX', '1', 0, '2022-07-22 16:25:15');
INSERT INTO `currencies` (`id`, `name`, `short_name`, `symbol`, `base_price`, `is_active`, `created_at`) VALUES (150, 'USD', 'USD', '$', '1', 1, '2022-07-22 16:25:15');
INSERT INTO `currencies` (`id`, `name`, `short_name`, `symbol`, `base_price`, `is_active`, `created_at`) VALUES (151, 'USN', 'USN', 'USN', '1', 0, '2022-12-30 11:50:03');
INSERT INTO `currencies` (`id`, `name`, `short_name`, `symbol`, `base_price`, `is_active`, `created_at`) VALUES (152, 'UYI', 'UYI', 'UYI', '1', 0, '2022-07-22 16:25:15');
INSERT INTO `currencies` (`id`, `name`, `short_name`, `symbol`, `base_price`, `is_active`, `created_at`) VALUES (153, 'UYU', 'UYU', 'UYU', '1', 0, '2022-07-22 16:25:15');
INSERT INTO `currencies` (`id`, `name`, `short_name`, `symbol`, `base_price`, `is_active`, `created_at`) VALUES (154, 'UZS', 'UZS', 'UZS', '1', 0, '2022-07-22 16:25:15');
INSERT INTO `currencies` (`id`, `name`, `short_name`, `symbol`, `base_price`, `is_active`, `created_at`) VALUES (155, 'VEF', 'VEF', 'VEF', '1', 0, '2022-07-22 16:25:15');
INSERT INTO `currencies` (`id`, `name`, `short_name`, `symbol`, `base_price`, `is_active`, `created_at`) VALUES (156, 'VND', 'VND', 'VND', '1', 0, '2022-07-22 16:25:15');
INSERT INTO `currencies` (`id`, `name`, `short_name`, `symbol`, `base_price`, `is_active`, `created_at`) VALUES (157, 'VUV', 'VUV', 'VUV', '1', 0, '2022-07-22 16:25:15');
INSERT INTO `currencies` (`id`, `name`, `short_name`, `symbol`, `base_price`, `is_active`, `created_at`) VALUES (158, 'WST', 'WST', 'WST', '1', 0, '2022-07-22 16:25:15');
INSERT INTO `currencies` (`id`, `name`, `short_name`, `symbol`, `base_price`, `is_active`, `created_at`) VALUES (159, 'XAF', 'XAF', 'XAF', '1', 0, '2022-07-22 16:25:15');
INSERT INTO `currencies` (`id`, `name`, `short_name`, `symbol`, `base_price`, `is_active`, `created_at`) VALUES (160, 'XAG', 'XAG', 'XAG', '1', 0, '2022-07-22 16:25:15');
INSERT INTO `currencies` (`id`, `name`, `short_name`, `symbol`, `base_price`, `is_active`, `created_at`) VALUES (161, 'XAU', 'XAU', 'XAU', '1', 0, '2022-07-22 16:25:15');
INSERT INTO `currencies` (`id`, `name`, `short_name`, `symbol`, `base_price`, `is_active`, `created_at`) VALUES (162, 'XBA', 'XBA', 'XBA', '1', 0, '2022-07-22 16:25:15');
INSERT INTO `currencies` (`id`, `name`, `short_name`, `symbol`, `base_price`, `is_active`, `created_at`) VALUES (163, 'XBB', 'XBB', 'XBB', '1', 0, '2022-07-22 16:25:15');
INSERT INTO `currencies` (`id`, `name`, `short_name`, `symbol`, `base_price`, `is_active`, `created_at`) VALUES (164, 'XBC', 'XBC', 'XBC', '1', 0, '2022-07-22 16:25:15');
INSERT INTO `currencies` (`id`, `name`, `short_name`, `symbol`, `base_price`, `is_active`, `created_at`) VALUES (165, 'XBD', 'XBD', 'XBD', '1', 0, '2022-07-22 16:25:15');
INSERT INTO `currencies` (`id`, `name`, `short_name`, `symbol`, `base_price`, `is_active`, `created_at`) VALUES (166, 'XCD', 'XCD', 'XCD', '1', 0, '2022-07-22 16:25:15');
INSERT INTO `currencies` (`id`, `name`, `short_name`, `symbol`, `base_price`, `is_active`, `created_at`) VALUES (167, 'XDR', 'XDR', 'XDR', '1', 0, '2022-07-22 16:25:15');
INSERT INTO `currencies` (`id`, `name`, `short_name`, `symbol`, `base_price`, `is_active`, `created_at`) VALUES (168, 'XOF', 'XOF', 'XOF', '1', 0, '2022-07-22 16:25:15');
INSERT INTO `currencies` (`id`, `name`, `short_name`, `symbol`, `base_price`, `is_active`, `created_at`) VALUES (169, 'XPD', 'XPD', 'XPD', '1', 0, '2022-07-22 16:25:15');
INSERT INTO `currencies` (`id`, `name`, `short_name`, `symbol`, `base_price`, `is_active`, `created_at`) VALUES (170, 'XPF', 'XPF', 'XPF', '1', 0, '2022-07-22 16:25:15');
INSERT INTO `currencies` (`id`, `name`, `short_name`, `symbol`, `base_price`, `is_active`, `created_at`) VALUES (171, 'XPT', 'XPT', 'XPT', '1', 0, '2022-07-22 16:25:15');
INSERT INTO `currencies` (`id`, `name`, `short_name`, `symbol`, `base_price`, `is_active`, `created_at`) VALUES (172, 'XSU', 'XSU', 'XSU', '1', 0, '2022-07-22 16:25:15');
INSERT INTO `currencies` (`id`, `name`, `short_name`, `symbol`, `base_price`, `is_active`, `created_at`) VALUES (173, 'XTS', 'XTS', 'XTS', '1', 0, '2022-07-22 16:25:15');
INSERT INTO `currencies` (`id`, `name`, `short_name`, `symbol`, `base_price`, `is_active`, `created_at`) VALUES (174, 'XUA', 'XUA', 'XUA', '1', 0, '2022-07-22 16:25:15');
INSERT INTO `currencies` (`id`, `name`, `short_name`, `symbol`, `base_price`, `is_active`, `created_at`) VALUES (175, 'XXX', 'XXX', 'XXX', '1', 0, '2022-07-22 16:25:15');
INSERT INTO `currencies` (`id`, `name`, `short_name`, `symbol`, `base_price`, `is_active`, `created_at`) VALUES (176, 'YER', 'YER', 'YER', '1', 0, '2022-07-22 16:25:15');
INSERT INTO `currencies` (`id`, `name`, `short_name`, `symbol`, `base_price`, `is_active`, `created_at`) VALUES (177, 'ZAR', 'ZAR', 'ZAR', '1', 0, '2022-12-30 11:50:07');
INSERT INTO `currencies` (`id`, `name`, `short_name`, `symbol`, `base_price`, `is_active`, `created_at`) VALUES (178, 'ZMW', 'ZMW', 'ZMW', '1', 0, '2022-07-30 13:04:00');
INSERT INTO `currencies` (`id`, `name`, `short_name`, `symbol`, `base_price`, `is_active`, `created_at`) VALUES (179, 'ZWL', 'ZWL', 'ZWL', '1', 0, '2022-07-22 16:25:15');


#
# TABLE STRUCTURE FOR: custom_field_values
#

DROP TABLE IF EXISTS `custom_field_values`;

CREATE TABLE `custom_field_values` (
  `id` int(11) NOT NULL AUTO_INCREMENT,
  `belong_table_id` int(11) DEFAULT NULL,
  `custom_field_id` int(11) DEFAULT NULL,
  `field_value` varchar(500) DEFAULT NULL,
  `created_at` timestamp NOT NULL DEFAULT CURRENT_TIMESTAMP ON UPDATE CURRENT_TIMESTAMP,
  `updated_at` date DEFAULT NULL,
  PRIMARY KEY (`id`),
  KEY `custom_field_id` (`custom_field_id`),
  KEY `idx_belong_table_id` (`belong_table_id`),
  KEY `idx_field_value` (`field_value`),
  CONSTRAINT `custom_field_values_ibfk_1` FOREIGN KEY (`custom_field_id`) REFERENCES `custom_fields` (`id`) ON DELETE CASCADE
) ENGINE=InnoDB DEFAULT CHARSET=utf8;

#
# TABLE STRUCTURE FOR: custom_fields
#

DROP TABLE IF EXISTS `custom_fields`;

CREATE TABLE `custom_fields` (
  `id` int(11) NOT NULL AUTO_INCREMENT,
  `name` varchar(100) DEFAULT NULL,
  `belong_to` varchar(100) DEFAULT NULL,
  `type` varchar(100) DEFAULT NULL,
  `bs_column` int(10) DEFAULT NULL,
  `validation` int(11) DEFAULT '0',
  `field_values` text,
  `show_table` varchar(100) DEFAULT NULL,
  `visible_on_table` int(11) NOT NULL,
  `weight` int(11) DEFAULT NULL,
  `is_active` int(11) DEFAULT '0',
  `created_at` timestamp NOT NULL DEFAULT CURRENT_TIMESTAMP ON UPDATE CURRENT_TIMESTAMP,
  `updated_at` date DEFAULT NULL,
  PRIMARY KEY (`id`),
  KEY `idx_name` (`name`),
  KEY `idx_belong_to` (`belong_to`),
  KEY `idx_type` (`type`),
  KEY `idx_visible_on_table` (`visible_on_table`),
  KEY `idx_weight` (`weight`),
  FULLTEXT KEY `idx_field_values` (`field_values`)
) ENGINE=InnoDB AUTO_INCREMENT=2 DEFAULT CHARSET=utf8;

#
# TABLE STRUCTURE FOR: daily_assignment
#

DROP TABLE IF EXISTS `daily_assignment`;

CREATE TABLE `daily_assignment` (
  `id` int(11) NOT NULL AUTO_INCREMENT,
  `student_session_id` int(11) NOT NULL,
  `subject_group_subject_id` int(11) NOT NULL,
  `title` varchar(255) DEFAULT NULL,
  `description` text,
  `attachment` varchar(255) DEFAULT NULL,
  `evaluated_by` int(11) DEFAULT NULL,
  `date` date DEFAULT NULL,
  `evaluation_date` date DEFAULT NULL,
  `remark` text NOT NULL,
  `created_at` timestamp NOT NULL DEFAULT CURRENT_TIMESTAMP,
  PRIMARY KEY (`id`),
  KEY `student_session_id` (`student_session_id`),
  KEY `evaluated_by` (`evaluated_by`),
  KEY `subject_group_subject_id` (`subject_group_subject_id`),
  CONSTRAINT `daily_assignment_ibfk_1` FOREIGN KEY (`student_session_id`) REFERENCES `student_session` (`id`) ON DELETE CASCADE,
  CONSTRAINT `daily_assignment_ibfk_2` FOREIGN KEY (`evaluated_by`) REFERENCES `staff` (`id`) ON DELETE CASCADE,
  CONSTRAINT `daily_assignment_ibfk_3` FOREIGN KEY (`subject_group_subject_id`) REFERENCES `subject_group_subjects` (`id`) ON DELETE CASCADE
) ENGINE=InnoDB DEFAULT CHARSET=utf8;

#
# TABLE STRUCTURE FOR: department
#

DROP TABLE IF EXISTS `department`;

CREATE TABLE `department` (
  `id` int(11) NOT NULL AUTO_INCREMENT,
  `department_name` varchar(200) NOT NULL,
  `is_active` varchar(100) NOT NULL,
  PRIMARY KEY (`id`)
) ENGINE=InnoDB AUTO_INCREMENT=10 DEFAULT CHARSET=utf8;

INSERT INTO `department` (`id`, `department_name`, `is_active`) VALUES (1, 'Academic	', 'yes');
INSERT INTO `department` (`id`, `department_name`, `is_active`) VALUES (2, 'Library', 'yes');
INSERT INTO `department` (`id`, `department_name`, `is_active`) VALUES (3, 'Sports', 'yes');
INSERT INTO `department` (`id`, `department_name`, `is_active`) VALUES (4, 'Science', 'yes');
INSERT INTO `department` (`id`, `department_name`, `is_active`) VALUES (5, 'Commerce', 'yes');
INSERT INTO `department` (`id`, `department_name`, `is_active`) VALUES (6, 'Arts', 'yes');
INSERT INTO `department` (`id`, `department_name`, `is_active`) VALUES (7, 'Exam', 'yes');
INSERT INTO `department` (`id`, `department_name`, `is_active`) VALUES (8, 'Admin', 'yes');
INSERT INTO `department` (`id`, `department_name`, `is_active`) VALUES (9, 'Finance', 'yes');


#
# TABLE STRUCTURE FOR: disable_reason
#

DROP TABLE IF EXISTS `disable_reason`;

CREATE TABLE `disable_reason` (
  `id` int(11) NOT NULL AUTO_INCREMENT,
  `reason` varchar(255) NOT NULL,
  `created_at` timestamp NOT NULL DEFAULT CURRENT_TIMESTAMP ON UPDATE CURRENT_TIMESTAMP,
  PRIMARY KEY (`id`)
) ENGINE=InnoDB AUTO_INCREMENT=3 DEFAULT CHARSET=utf8;

INSERT INTO `disable_reason` (`id`, `reason`, `created_at`) VALUES (1, 'Regular Absent', '2023-08-24 07:09:00');
INSERT INTO `disable_reason` (`id`, `reason`, `created_at`) VALUES (2, 'Fees Not Paid', '2023-08-24 07:09:10');


#
# TABLE STRUCTURE FOR: dispatch_receive
#

DROP TABLE IF EXISTS `dispatch_receive`;

CREATE TABLE `dispatch_receive` (
  `id` int(11) NOT NULL AUTO_INCREMENT,
  `reference_no` varchar(50) NOT NULL,
  `to_title` varchar(100) NOT NULL,
  `type` varchar(10) NOT NULL,
  `address` varchar(500) NOT NULL,
  `note` varchar(500) NOT NULL,
  `from_title` varchar(200) NOT NULL,
  `date` date DEFAULT NULL,
  `image` varchar(100) DEFAULT NULL,
  `created_at` timestamp NOT NULL DEFAULT CURRENT_TIMESTAMP ON UPDATE CURRENT_TIMESTAMP,
  PRIMARY KEY (`id`)
) ENGINE=InnoDB AUTO_INCREMENT=25 DEFAULT CHARSET=utf8;

INSERT INTO `dispatch_receive` (`id`, `reference_no`, `to_title`, `type`, `address`, `note`, `from_title`, `date`, `image`, `created_at`) VALUES (1, '6845', 'Government School, Delhi	', 'receive', '', '', 'Installation, Maintenance, and Repair Occupations	', '2023-08-31', NULL, '2023-08-11 16:19:42');
INSERT INTO `dispatch_receive` (`id`, `reference_no`, `to_title`, `type`, `address`, `note`, `from_title`, `date`, `image`, `created_at`) VALUES (2, '6595', 'public school	', 'receive', '', '', 'Director, Higher Education', '2023-08-25', NULL, '2023-08-11 16:20:21');
INSERT INTO `dispatch_receive` (`id`, `reference_no`, `to_title`, `type`, `address`, `note`, `from_title`, `date`, `image`, `created_at`) VALUES (3, '4556', 'public school	', 'receive', '', '', 'Online Education', '2023-08-21', NULL, '2023-08-11 16:20:54');
INSERT INTO `dispatch_receive` (`id`, `reference_no`, `to_title`, `type`, `address`, `note`, `from_title`, `date`, `image`, `created_at`) VALUES (4, '5485', 'government school	', 'receive', '', '', 'Blind Literature Program	', '2023-08-15', NULL, '2023-08-11 16:21:25');
INSERT INTO `dispatch_receive` (`id`, `reference_no`, `to_title`, `type`, `address`, `note`, `from_title`, `date`, `image`, `created_at`) VALUES (5, '5555	', 'Amaravathi School	', 'receive', '', '', 'NCERT Book(English , Computer)', '2023-08-10', NULL, '2023-08-11 16:22:28');
INSERT INTO `dispatch_receive` (`id`, `reference_no`, `to_title`, `type`, `address`, `note`, `from_title`, `date`, `image`, `created_at`) VALUES (6, '45221', 'Government School, Delhi	', 'receive', '', '', 'Independace Day Program	', '2023-08-05', NULL, '2023-08-11 16:23:08');
INSERT INTO `dispatch_receive` (`id`, `reference_no`, `to_title`, `type`, `address`, `note`, `from_title`, `date`, `image`, `created_at`) VALUES (7, '1521', 'government school	', 'receive', '', '', 'Admission From Updates	', '2023-08-01', NULL, '2023-08-11 16:23:34');
INSERT INTO `dispatch_receive` (`id`, `reference_no`, `to_title`, `type`, `address`, `note`, `from_title`, `date`, `image`, `created_at`) VALUES (8, '12532	', 'Installation, Maintenance, and Repair Occupations	', 'receive', '', '', 'Installation, Maintenance, and Repair Occupations	', '2023-07-31', NULL, '2023-08-11 16:24:14');
INSERT INTO `dispatch_receive` (`id`, `reference_no`, `to_title`, `type`, `address`, `note`, `from_title`, `date`, `image`, `created_at`) VALUES (9, '5620', 'CBSE Book Publication	', 'receive', '', '', 'CBSE Book Publication	', '2023-07-25', NULL, '2023-08-11 16:24:42');
INSERT INTO `dispatch_receive` (`id`, `reference_no`, `to_title`, `type`, `address`, `note`, `from_title`, `date`, `image`, `created_at`) VALUES (10, '51552', 'New Books Publics	', 'receive', '', '', 'New Books Publics	', '2023-07-20', NULL, '2023-08-11 16:25:07');
INSERT INTO `dispatch_receive` (`id`, `reference_no`, `to_title`, `type`, `address`, `note`, `from_title`, `date`, `image`, `created_at`) VALUES (11, '56561', 'Auditor General Rule-Book	', 'receive', '', '', 'Auditor General Rule-Book	', '2023-07-15', NULL, '2023-08-11 16:25:32');
INSERT INTO `dispatch_receive` (`id`, `reference_no`, `to_title`, `type`, `address`, `note`, `from_title`, `date`, `image`, `created_at`) VALUES (12, '5152', 'Health Checkup	', 'receive', '', '', 'Health Checkup	', '2023-07-10', NULL, '2023-08-11 16:26:02');
INSERT INTO `dispatch_receive` (`id`, `reference_no`, `to_title`, `type`, `address`, `note`, `from_title`, `date`, `image`, `created_at`) VALUES (13, '51561', 'Sports Camp	', 'receive', '', '', 'Sports Camp	', '2023-07-05', NULL, '2023-08-11 16:26:28');
INSERT INTO `dispatch_receive` (`id`, `reference_no`, `to_title`, `type`, `address`, `note`, `from_title`, `date`, `image`, `created_at`) VALUES (14, '1551	', 'Online Education	', 'receive', '', '', 'Online Education	', '2023-07-01', NULL, '2023-08-11 16:26:55');
INSERT INTO `dispatch_receive` (`id`, `reference_no`, `to_title`, `type`, `address`, `note`, `from_title`, `date`, `image`, `created_at`) VALUES (15, '5462', 'Director, Higher Education	', 'dispatch', '', '', 'head office	', '2023-08-31', NULL, '2023-08-11 16:49:00');
INSERT INTO `dispatch_receive` (`id`, `reference_no`, `to_title`, `type`, `address`, `note`, `from_title`, `date`, `image`, `created_at`) VALUES (16, '54542', 'School Board Office	', 'dispatch', '', '', 'School Board Office , Delhi	', '2023-08-25', NULL, '2023-08-11 16:49:22');
INSERT INTO `dispatch_receive` (`id`, `reference_no`, `to_title`, `type`, `address`, `note`, `from_title`, `date`, `image`, `created_at`) VALUES (17, '56565', 'General Rule-Book	', 'dispatch', '', '', 'Amaravathi school private	', '2023-08-21', NULL, '2023-08-11 16:49:55');
INSERT INTO `dispatch_receive` (`id`, `reference_no`, `to_title`, `type`, `address`, `note`, `from_title`, `date`, `image`, `created_at`) VALUES (18, '1512', 'CBSE New Syllabus	', 'dispatch', '', '', 'Amaravathi school private	', '2023-08-15', NULL, '2023-08-11 16:50:28');
INSERT INTO `dispatch_receive` (`id`, `reference_no`, `to_title`, `type`, `address`, `note`, `from_title`, `date`, `image`, `created_at`) VALUES (19, '5120', 'Books deliver In School	', 'dispatch', '', '', 'Books deliver In School	', '2023-08-10', NULL, '2023-08-11 16:50:52');
INSERT INTO `dispatch_receive` (`id`, `reference_no`, `to_title`, `type`, `address`, `note`, `from_title`, `date`, `image`, `created_at`) VALUES (20, '554', 'NCC Camp Program	', 'dispatch', '', '', 'NCC Camp Program	', '2023-08-05', NULL, '2023-08-11 16:51:10');
INSERT INTO `dispatch_receive` (`id`, `reference_no`, `to_title`, `type`, `address`, `note`, `from_title`, `date`, `image`, `created_at`) VALUES (21, '2545', 'Food Deliver Instruction	', 'dispatch', '', '', 'Amaravathi school private	', '2023-08-01', NULL, '2023-08-11 16:51:34');
INSERT INTO `dispatch_receive` (`id`, `reference_no`, `to_title`, `type`, `address`, `note`, `from_title`, `date`, `image`, `created_at`) VALUES (22, '51302	', 'School Board Office	', 'dispatch', '', '', 'School Board Office	', '2023-07-31', NULL, '2023-08-11 16:52:00');
INSERT INTO `dispatch_receive` (`id`, `reference_no`, `to_title`, `type`, `address`, `note`, `from_title`, `date`, `image`, `created_at`) VALUES (23, '6312', 'Online Class	', 'dispatch', '', '', 'Online Class	', '2023-07-25', NULL, '2023-08-11 16:52:20');
INSERT INTO `dispatch_receive` (`id`, `reference_no`, `to_title`, `type`, `address`, `note`, `from_title`, `date`, `image`, `created_at`) VALUES (24, '5562', 'Auditor General Rule-Book	', 'dispatch', '', '', 'Auditor General Rule-Book	', '2023-07-20', NULL, '2023-08-11 16:52:46');


#
# TABLE STRUCTURE FOR: email_attachments
#

DROP TABLE IF EXISTS `email_attachments`;

CREATE TABLE `email_attachments` (
  `id` int(11) NOT NULL AUTO_INCREMENT,
  `message_id` int(11) NOT NULL,
  `directory` varchar(255) NOT NULL,
  `attachment` varchar(255) NOT NULL,
  `attachment_name` varchar(200) NOT NULL,
  `created_at` timestamp NULL DEFAULT CURRENT_TIMESTAMP,
  PRIMARY KEY (`id`),
  KEY `message_id` (`message_id`),
  CONSTRAINT `email_attachments_ibfk_1` FOREIGN KEY (`message_id`) REFERENCES `messages` (`id`) ON DELETE CASCADE
) ENGINE=InnoDB DEFAULT CHARSET=utf8;

#
# TABLE STRUCTURE FOR: email_config
#

DROP TABLE IF EXISTS `email_config`;

CREATE TABLE `email_config` (
  `id` int(11) unsigned NOT NULL AUTO_INCREMENT,
  `email_type` varchar(100) DEFAULT NULL,
  `smtp_server` varchar(100) DEFAULT NULL,
  `smtp_port` varchar(100) DEFAULT NULL,
  `smtp_username` varchar(100) DEFAULT NULL,
  `smtp_password` varchar(100) DEFAULT NULL,
  `ssl_tls` varchar(100) DEFAULT NULL,
  `smtp_auth` varchar(10) NOT NULL,
  `api_key` varchar(255) DEFAULT NULL,
  `api_secret` varchar(255) DEFAULT NULL,
  `region` varchar(255) DEFAULT NULL,
  `is_active` varchar(10) NOT NULL DEFAULT 'no',
  `created_at` timestamp NOT NULL DEFAULT CURRENT_TIMESTAMP ON UPDATE CURRENT_TIMESTAMP,
  PRIMARY KEY (`id`)
) ENGINE=InnoDB AUTO_INCREMENT=2 DEFAULT CHARSET=utf8;

INSERT INTO `email_config` (`id`, `email_type`, `smtp_server`, `smtp_port`, `smtp_username`, `smtp_password`, `ssl_tls`, `smtp_auth`, `api_key`, `api_secret`, `region`, `is_active`, `created_at`) VALUES (1, 'sendmail', NULL, NULL, NULL, NULL, NULL, '', NULL, NULL, NULL, 'yes', '2020-02-28 19:16:03');


#
# TABLE STRUCTURE FOR: email_template
#

DROP TABLE IF EXISTS `email_template`;

CREATE TABLE `email_template` (
  `id` int(11) NOT NULL AUTO_INCREMENT,
  `title` varchar(100) NOT NULL,
  `message` text NOT NULL,
  `created_at` date NOT NULL,
  PRIMARY KEY (`id`)
) ENGINE=InnoDB AUTO_INCREMENT=7 DEFAULT CHARSET=utf8;

INSERT INTO `email_template` (`id`, `title`, `message`, `created_at`) VALUES (1, 'Sports Day Events', '<p>Games that are played on school sports days can be wide and varied. They can include straightforward sprints and longer races for all age groups as well as egg and spoon races. </p>', '2023-08-24');
INSERT INTO `email_template` (`id`, `title`, `message`, `created_at`) VALUES (2, 'National Republic Day', '<p>India celebrated its 73rd National Republic Day on the 26th of January, 2022. The constitution of India was adopted on the 26th of November, 1949 with Dr. B. R. Ambedkar as the Chairman of the Drafting Committee.</p>', '2023-08-24');
INSERT INTO `email_template` (`id`, `title`, `message`, `created_at`) VALUES (3, 'Annual Day Celebration', '<p>A day in School – In this theme the program can showcase, what all goes in school. The ringing of bell, the class, the love of teachers, happy-go-lucky punishments, all pranks, PTM, sports etc.</p>', '2023-08-24');
INSERT INTO `email_template` (`id`, `title`, `message`, `created_at`) VALUES (4, 'Summer Vacation', '<p>Summer vacation is the best time of the year as it gives me a chance to relax and explore new things. It gives me an opportunity to take a break from my daily study routine and adopt new hobbies like gardening, dancing and painting, while also having fun with friends.</p>', '2023-08-24');
INSERT INTO `email_template` (`id`, `title`, `message`, `created_at`) VALUES (5, 'Independence Day Celebration!!!!!! Notification', '<p>All the students of our school are hereby informed that our school is going to celebrate the Independence Day like previous years in the school premises. Students are requested to note that on the 15th August they will be assembled on the school ground at 7:30 a.m. positively.</p>', '2023-08-24');
INSERT INTO `email_template` (`id`, `title`, `message`, `created_at`) VALUES (6, 'Admission Camp', '<p>Admission camp is an online education website that delivers timely blogs related to the field of education. We also deliver general education related</p>', '2023-08-24');


#
# TABLE STRUCTURE FOR: email_template_attachment
#

DROP TABLE IF EXISTS `email_template_attachment`;

CREATE TABLE `email_template_attachment` (
  `id` int(11) NOT NULL AUTO_INCREMENT,
  `email_template_id` int(11) NOT NULL,
  `attachment` varchar(100) NOT NULL,
  `attachment_name` text NOT NULL,
  PRIMARY KEY (`id`)
) ENGINE=InnoDB DEFAULT CHARSET=utf8;

#
# TABLE STRUCTURE FOR: enquiry
#

DROP TABLE IF EXISTS `enquiry`;

CREATE TABLE `enquiry` (
  `id` int(11) NOT NULL AUTO_INCREMENT,
  `name` varchar(100) NOT NULL,
  `contact` varchar(20) NOT NULL,
  `address` text NOT NULL,
  `reference` varchar(20) NOT NULL,
  `date` date NOT NULL,
  `description` varchar(500) NOT NULL,
  `follow_up_date` date NOT NULL,
  `note` text NOT NULL,
  `source` varchar(50) NOT NULL,
  `email` varchar(50) DEFAULT NULL,
  `assigned` int(11) DEFAULT NULL,
  `class_id` int(11) DEFAULT NULL,
  `no_of_child` varchar(11) DEFAULT NULL,
  `status` varchar(100) NOT NULL,
  `created_by` int(11) NOT NULL,
  `created_at` timestamp NOT NULL DEFAULT CURRENT_TIMESTAMP,
  PRIMARY KEY (`id`),
  KEY `created_by` (`created_by`),
  KEY `assigned` (`assigned`),
  KEY `enquiry_ibfk_4` (`class_id`),
  CONSTRAINT `enquiry_ibfk_2` FOREIGN KEY (`created_by`) REFERENCES `staff` (`id`) ON DELETE CASCADE,
  CONSTRAINT `enquiry_ibfk_3` FOREIGN KEY (`assigned`) REFERENCES `staff` (`id`) ON DELETE CASCADE,
  CONSTRAINT `enquiry_ibfk_4` FOREIGN KEY (`class_id`) REFERENCES `classes` (`id`) ON DELETE CASCADE
) ENGINE=InnoDB AUTO_INCREMENT=6 DEFAULT CHARSET=utf8;

INSERT INTO `enquiry` (`id`, `name`, `contact`, `address`, `reference`, `date`, `description`, `follow_up_date`, `note`, `source`, `email`, `assigned`, `class_id`, `no_of_child`, `status`, `created_by`, `created_at`) VALUES (1, 'Aadi Shinde', '98067867866', 'MR 4 Road South Delhi', 'Parent', '2023-01-18', 'Admission Enquiry', '2023-01-20', 'Admission Enquiry', 'Front Office', 'aadi@gmail.com', NULL, 4, '5', 'active', 1, '2023-08-12 00:06:11');
INSERT INTO `enquiry` (`id`, `name`, `contact`, `address`, `reference`, `date`, `description`, `follow_up_date`, `note`, `source`, `email`, `assigned`, `class_id`, `no_of_child`, `status`, `created_by`, `created_at`) VALUES (2, 'Abhimnayu', '9125242523', 'saket naagar sector 2', 'Lower Wing	', '2022-11-01', 'afasdfas', '2022-11-09', 'adsfasdf', 'Advertisement', 'nh14@gmail.com', NULL, 2, '5', 'active', 1, '2023-08-12 00:08:07');
INSERT INTO `enquiry` (`id`, `name`, `contact`, `address`, `reference`, `date`, `description`, `follow_up_date`, `note`, `source`, `email`, `assigned`, `class_id`, `no_of_child`, `status`, `created_by`, `created_at`) VALUES (3, 'Denoy kewat', '98078967', '', 'Student', '2023-08-27', '', '2023-08-29', '', 'Google Ads', '', 2, 4, '4', 'active', 1, '2023-08-12 00:09:04');
INSERT INTO `enquiry` (`id`, `name`, `contact`, `address`, `reference`, `date`, `description`, `follow_up_date`, `note`, `source`, `email`, `assigned`, `class_id`, `no_of_child`, `status`, `created_by`, `created_at`) VALUES (4, 'Emma', '4876548945', '', 'Lower Wing	', '2023-08-15', '', '2023-08-16', '', 'Admission Campaign', 'Emma@gmail.com', 4, 2, '3', 'active', 1, '2023-08-12 00:10:23');
INSERT INTO `enquiry` (`id`, `name`, `contact`, `address`, `reference`, `date`, `description`, `follow_up_date`, `note`, `source`, `email`, `assigned`, `class_id`, `no_of_child`, `status`, `created_by`, `created_at`) VALUES (5, 'Oliver', '5464821646', '', 'Partner School	', '2023-08-29', '', '2023-09-30', '', 'Admission Campaign', 'Oliver@gmail.com', 5, 2, '2', 'active', 1, '2023-08-12 00:11:34');


#
# TABLE STRUCTURE FOR: enquiry_type
#

DROP TABLE IF EXISTS `enquiry_type`;

CREATE TABLE `enquiry_type` (
  `id` int(11) NOT NULL AUTO_INCREMENT,
  `enquiry_type` varchar(100) NOT NULL,
  `description` text NOT NULL,
  PRIMARY KEY (`id`)
) ENGINE=InnoDB DEFAULT CHARSET=utf8;

#
# TABLE STRUCTURE FOR: events
#

DROP TABLE IF EXISTS `events`;

CREATE TABLE `events` (
  `id` int(11) NOT NULL AUTO_INCREMENT,
  `event_title` varchar(200) NOT NULL,
  `event_description` text NOT NULL,
  `start_date` datetime NOT NULL,
  `end_date` datetime NOT NULL,
  `event_type` varchar(100) NOT NULL,
  `event_color` varchar(200) NOT NULL,
  `event_for` varchar(100) NOT NULL,
  `role_id` int(11) DEFAULT NULL,
  `is_active` varchar(100) NOT NULL,
  PRIMARY KEY (`id`),
  KEY `role_id` (`role_id`),
  CONSTRAINT `events_ibfk_1` FOREIGN KEY (`role_id`) REFERENCES `roles` (`id`) ON DELETE CASCADE
) ENGINE=InnoDB AUTO_INCREMENT=10 DEFAULT CHARSET=utf8;

INSERT INTO `events` (`id`, `event_title`, `event_description`, `start_date`, `end_date`, `event_type`, `event_color`, `event_for`, `role_id`, `is_active`) VALUES (1, 'Collect All Online and Offline Student Admission Form', '', '2021-03-29 00:00:00', '2021-03-29 00:00:00', 'task', '#000', '1', 7, 'no');
INSERT INTO `events` (`id`, `event_title`, `event_description`, `start_date`, `end_date`, `event_type`, `event_color`, `event_for`, `role_id`, `is_active`) VALUES (2, 'Student Health Check-up Day', '', '2023-01-04 00:00:00', '2023-01-04 00:00:00', 'task', '#000', '1', 7, 'no');
INSERT INTO `events` (`id`, `event_title`, `event_description`, `start_date`, `end_date`, `event_type`, `event_color`, `event_for`, `role_id`, `is_active`) VALUES (3, 'Staff Meeting', '', '2023-06-10 00:00:00', '2023-06-10 00:00:00', 'task', '#000', '1', 7, 'no');
INSERT INTO `events` (`id`, `event_title`, `event_description`, `start_date`, `end_date`, `event_type`, `event_color`, `event_for`, `role_id`, `is_active`) VALUES (4, 'Inform to All Student and Parent Regarding Admission fees through Email and SMS.', '', '2023-06-20 00:00:00', '2023-06-20 00:00:00', 'task', '#000', '1', 7, 'no');
INSERT INTO `events` (`id`, `event_title`, `event_description`, `start_date`, `end_date`, `event_type`, `event_color`, `event_for`, `role_id`, `is_active`) VALUES (5, 'Student Health Check-up', '', '2023-01-08 00:00:00', '2023-01-08 00:00:00', 'task', '#000', '1', 7, 'no');
INSERT INTO `events` (`id`, `event_title`, `event_description`, `start_date`, `end_date`, `event_type`, `event_color`, `event_for`, `role_id`, `is_active`) VALUES (6, 'Parents Teacher Meeting', '', '2023-08-31 00:00:00', '2023-08-31 00:00:00', 'task', '#000', '1', 7, 'no');
INSERT INTO `events` (`id`, `event_title`, `event_description`, `start_date`, `end_date`, `event_type`, `event_color`, `event_for`, `role_id`, `is_active`) VALUES (7, 'Staff Meeting', '', '2023-08-23 00:00:00', '2023-08-23 00:00:00', 'task', '#000', '1', 7, 'no');
INSERT INTO `events` (`id`, `event_title`, `event_description`, `start_date`, `end_date`, `event_type`, `event_color`, `event_for`, `role_id`, `is_active`) VALUES (8, 'Parents Teacher Meeting', '', '2023-08-15 00:00:00', '2023-08-15 00:00:00', 'task', '#000', '1', 7, 'no');
INSERT INTO `events` (`id`, `event_title`, `event_description`, `start_date`, `end_date`, `event_type`, `event_color`, `event_for`, `role_id`, `is_active`) VALUES (9, 'Assign Fees to All Student before 10th August', '', '2023-08-12 00:00:00', '2023-08-12 00:00:00', 'task', '#000', '1', 7, 'no');


#
# TABLE STRUCTURE FOR: exam_group_class_batch_exam_students
#

DROP TABLE IF EXISTS `exam_group_class_batch_exam_students`;

CREATE TABLE `exam_group_class_batch_exam_students` (
  `id` int(11) NOT NULL AUTO_INCREMENT,
  `exam_group_class_batch_exam_id` int(11) NOT NULL,
  `student_id` int(11) NOT NULL,
  `student_session_id` int(11) NOT NULL,
  `roll_no` int(6) DEFAULT NULL,
  `teacher_remark` text,
  `rank` int(20) NOT NULL DEFAULT '0',
  `is_active` int(11) DEFAULT '0',
  `created_at` timestamp NOT NULL DEFAULT CURRENT_TIMESTAMP ON UPDATE CURRENT_TIMESTAMP,
  `updated_at` date DEFAULT NULL,
  PRIMARY KEY (`id`),
  KEY `exam_group_class_batch_exam_id` (`exam_group_class_batch_exam_id`),
  KEY `student_id` (`student_id`),
  KEY `student_session_id` (`student_session_id`),
  CONSTRAINT `exam_group_class_batch_exam_students_ibfk_1` FOREIGN KEY (`exam_group_class_batch_exam_id`) REFERENCES `exam_group_class_batch_exams` (`id`) ON DELETE CASCADE,
  CONSTRAINT `exam_group_class_batch_exam_students_ibfk_2` FOREIGN KEY (`student_id`) REFERENCES `students` (`id`) ON DELETE CASCADE,
  CONSTRAINT `exam_group_class_batch_exam_students_ibfk_3` FOREIGN KEY (`student_session_id`) REFERENCES `student_session` (`id`) ON DELETE CASCADE
) ENGINE=InnoDB DEFAULT CHARSET=utf8;

#
# TABLE STRUCTURE FOR: exam_group_class_batch_exam_subjects
#

DROP TABLE IF EXISTS `exam_group_class_batch_exam_subjects`;

CREATE TABLE `exam_group_class_batch_exam_subjects` (
  `id` int(11) NOT NULL AUTO_INCREMENT,
  `exam_group_class_batch_exams_id` int(11) DEFAULT NULL,
  `subject_id` int(10) NOT NULL,
  `date_from` date NOT NULL,
  `time_from` time NOT NULL,
  `duration` varchar(50) NOT NULL,
  `room_no` varchar(100) DEFAULT NULL,
  `max_marks` float(10,2) DEFAULT NULL,
  `min_marks` float(10,2) DEFAULT NULL,
  `credit_hours` float(10,2) DEFAULT '0.00',
  `date_to` datetime DEFAULT NULL,
  `is_active` int(11) DEFAULT '0',
  `created_at` timestamp NOT NULL DEFAULT CURRENT_TIMESTAMP ON UPDATE CURRENT_TIMESTAMP,
  `updated_at` date DEFAULT NULL,
  PRIMARY KEY (`id`),
  KEY `exam_group_class_batch_exams_id` (`exam_group_class_batch_exams_id`),
  KEY `subject_id` (`subject_id`),
  CONSTRAINT `exam_group_class_batch_exam_subjects_ibfk_1` FOREIGN KEY (`exam_group_class_batch_exams_id`) REFERENCES `exam_group_class_batch_exams` (`id`) ON DELETE CASCADE,
  CONSTRAINT `exam_group_class_batch_exam_subjects_ibfk_2` FOREIGN KEY (`subject_id`) REFERENCES `subjects` (`id`) ON DELETE CASCADE
) ENGINE=InnoDB DEFAULT CHARSET=utf8;

#
# TABLE STRUCTURE FOR: exam_group_class_batch_exams
#

DROP TABLE IF EXISTS `exam_group_class_batch_exams`;

CREATE TABLE `exam_group_class_batch_exams` (
  `id` int(11) NOT NULL AUTO_INCREMENT,
  `exam` varchar(250) DEFAULT NULL,
  `passing_percentage` float(10,2) DEFAULT NULL,
  `session_id` int(10) NOT NULL,
  `date_from` date DEFAULT NULL,
  `date_to` date DEFAULT NULL,
  `exam_group_id` int(11) DEFAULT NULL,
  `use_exam_roll_no` int(1) NOT NULL DEFAULT '1',
  `is_publish` int(1) DEFAULT '0',
  `is_rank_generated` int(1) NOT NULL DEFAULT '0',
  `description` text,
  `is_active` int(11) DEFAULT '0',
  `created_at` timestamp NOT NULL DEFAULT CURRENT_TIMESTAMP ON UPDATE CURRENT_TIMESTAMP,
  `updated_at` date DEFAULT NULL,
  PRIMARY KEY (`id`),
  KEY `exam_group_id` (`exam_group_id`),
  KEY `exam_group_class_batch_exams_ibfk_2` (`session_id`),
  CONSTRAINT `exam_group_class_batch_exams_ibfk_1` FOREIGN KEY (`exam_group_id`) REFERENCES `exam_groups` (`id`) ON DELETE CASCADE,
  CONSTRAINT `exam_group_class_batch_exams_ibfk_2` FOREIGN KEY (`session_id`) REFERENCES `sessions` (`id`) ON DELETE CASCADE
) ENGINE=InnoDB AUTO_INCREMENT=3 DEFAULT CHARSET=utf8;

INSERT INTO `exam_group_class_batch_exams` (`id`, `exam`, `passing_percentage`, `session_id`, `date_from`, `date_to`, `exam_group_id`, `use_exam_roll_no`, `is_publish`, `is_rank_generated`, `description`, `is_active`, `created_at`, `updated_at`) VALUES (1, 'maths', NULL, 18, NULL, NULL, 1, 1, 1, 0, '', 1, '2023-08-30 16:08:58', NULL);
INSERT INTO `exam_group_class_batch_exams` (`id`, `exam`, `passing_percentage`, `session_id`, `date_from`, `date_to`, `exam_group_id`, `use_exam_roll_no`, `is_publish`, `is_rank_generated`, `description`, `is_active`, `created_at`, `updated_at`) VALUES (2, 'Assignment', NULL, 18, NULL, NULL, 1, 1, 1, 0, '', 1, '2023-08-30 16:09:39', NULL);


#
# TABLE STRUCTURE FOR: exam_group_exam_connections
#

DROP TABLE IF EXISTS `exam_group_exam_connections`;

CREATE TABLE `exam_group_exam_connections` (
  `id` int(11) NOT NULL AUTO_INCREMENT,
  `exam_group_id` int(11) DEFAULT NULL,
  `exam_group_class_batch_exams_id` int(11) DEFAULT NULL,
  `exam_weightage` float(10,2) DEFAULT '0.00',
  `is_active` int(11) DEFAULT '0',
  `created_at` timestamp NOT NULL DEFAULT CURRENT_TIMESTAMP ON UPDATE CURRENT_TIMESTAMP,
  `updated_at` date DEFAULT NULL,
  PRIMARY KEY (`id`),
  KEY `exam_group_id` (`exam_group_id`),
  KEY `exam_group_class_batch_exams_id` (`exam_group_class_batch_exams_id`),
  CONSTRAINT `exam_group_exam_connections_ibfk_1` FOREIGN KEY (`exam_group_id`) REFERENCES `exam_groups` (`id`) ON DELETE CASCADE,
  CONSTRAINT `exam_group_exam_connections_ibfk_2` FOREIGN KEY (`exam_group_class_batch_exams_id`) REFERENCES `exam_group_class_batch_exams` (`id`) ON DELETE CASCADE
) ENGINE=InnoDB DEFAULT CHARSET=utf8;

#
# TABLE STRUCTURE FOR: exam_group_exam_results
#

DROP TABLE IF EXISTS `exam_group_exam_results`;

CREATE TABLE `exam_group_exam_results` (
  `id` int(11) NOT NULL AUTO_INCREMENT,
  `exam_group_class_batch_exam_student_id` int(11) NOT NULL,
  `exam_group_class_batch_exam_subject_id` int(11) DEFAULT NULL,
  `exam_group_student_id` int(11) DEFAULT NULL,
  `attendence` varchar(10) DEFAULT NULL,
  `get_marks` float(10,2) DEFAULT '0.00',
  `note` text,
  `is_active` int(11) DEFAULT '0',
  `created_at` timestamp NOT NULL DEFAULT CURRENT_TIMESTAMP ON UPDATE CURRENT_TIMESTAMP,
  `updated_at` date DEFAULT NULL,
  PRIMARY KEY (`id`),
  KEY `exam_group_class_batch_exam_subject_id` (`exam_group_class_batch_exam_subject_id`),
  KEY `exam_group_student_id` (`exam_group_student_id`),
  KEY `exam_group_class_batch_exam_student_id` (`exam_group_class_batch_exam_student_id`),
  CONSTRAINT `exam_group_exam_results_ibfk_1` FOREIGN KEY (`exam_group_class_batch_exam_subject_id`) REFERENCES `exam_group_class_batch_exam_subjects` (`id`) ON DELETE CASCADE,
  CONSTRAINT `exam_group_exam_results_ibfk_2` FOREIGN KEY (`exam_group_student_id`) REFERENCES `exam_group_students` (`id`) ON DELETE CASCADE,
  CONSTRAINT `exam_group_exam_results_ibfk_3` FOREIGN KEY (`exam_group_class_batch_exam_student_id`) REFERENCES `exam_group_class_batch_exam_students` (`id`) ON DELETE CASCADE
) ENGINE=InnoDB DEFAULT CHARSET=utf8;

#
# TABLE STRUCTURE FOR: exam_group_students
#

DROP TABLE IF EXISTS `exam_group_students`;

CREATE TABLE `exam_group_students` (
  `id` int(11) NOT NULL AUTO_INCREMENT,
  `exam_group_id` int(11) DEFAULT NULL,
  `student_id` int(11) DEFAULT NULL,
  `student_session_id` int(10) DEFAULT NULL,
  `is_active` int(11) DEFAULT '0',
  `created_at` timestamp NOT NULL DEFAULT CURRENT_TIMESTAMP ON UPDATE CURRENT_TIMESTAMP,
  `updated_at` date DEFAULT NULL,
  PRIMARY KEY (`id`),
  KEY `exam_group_id` (`exam_group_id`),
  KEY `student_id` (`student_id`),
  KEY `student_session_id` (`student_session_id`),
  CONSTRAINT `exam_group_students_ibfk_1` FOREIGN KEY (`exam_group_id`) REFERENCES `exam_groups` (`id`) ON DELETE CASCADE,
  CONSTRAINT `exam_group_students_ibfk_2` FOREIGN KEY (`student_id`) REFERENCES `students` (`id`) ON DELETE CASCADE,
  CONSTRAINT `exam_group_students_ibfk_3` FOREIGN KEY (`student_session_id`) REFERENCES `student_session` (`id`) ON DELETE CASCADE
) ENGINE=InnoDB DEFAULT CHARSET=utf8;

#
# TABLE STRUCTURE FOR: exam_groups
#

DROP TABLE IF EXISTS `exam_groups`;

CREATE TABLE `exam_groups` (
  `id` int(11) NOT NULL AUTO_INCREMENT,
  `name` varchar(250) DEFAULT NULL,
  `exam_type` varchar(250) DEFAULT NULL,
  `description` text,
  `is_active` int(11) DEFAULT '1',
  `created_at` timestamp NOT NULL DEFAULT CURRENT_TIMESTAMP ON UPDATE CURRENT_TIMESTAMP,
  `updated_at` date DEFAULT NULL,
  PRIMARY KEY (`id`)
) ENGINE=InnoDB AUTO_INCREMENT=6 DEFAULT CHARSET=utf8;

INSERT INTO `exam_groups` (`id`, `name`, `exam_type`, `description`, `is_active`, `created_at`, `updated_at`) VALUES (1, 'Class 1(Pass / Fail)', 'basic_system', '', 0, '2023-08-24 07:28:43', NULL);
INSERT INTO `exam_groups` (`id`, `name`, `exam_type`, `description`, `is_active`, `created_at`, `updated_at`) VALUES (2, 'Class 1(School Based Grading System)', 'school_grade_system', 'SBGS stands for the  SCHOOL BASED GRADING SYATEM. It is a standard method of calculating a student’s average score obtained over a stipulated period i.e a semester or a term. GPA is calculated by dividing the average points scored by a student with the total credit hours attended by the student.', 0, '2023-08-24 07:29:29', NULL);
INSERT INTO `exam_groups` (`id`, `name`, `exam_type`, `description`, `is_active`, `created_at`, `updated_at`) VALUES (3, 'Class 1(College Based Grading System)', 'coll_grade_system', '', 0, '2023-08-24 07:29:46', NULL);
INSERT INTO `exam_groups` (`id`, `name`, `exam_type`, `description`, `is_active`, `created_at`, `updated_at`) VALUES (4, 'Class 1(GPA Grading System)', 'gpa', 'Grade Point Average (GPA) is the average of all the grades obtained by a student in his/ her academic studies.', 0, '2023-08-24 07:30:12', NULL);
INSERT INTO `exam_groups` (`id`, `name`, `exam_type`, `description`, `is_active`, `created_at`, `updated_at`) VALUES (5, 'Average Passing Exam', 'average_passing', '', 0, '2023-08-24 07:30:29', NULL);


#
# TABLE STRUCTURE FOR: exam_schedules
#

DROP TABLE IF EXISTS `exam_schedules`;

CREATE TABLE `exam_schedules` (
  `id` int(11) NOT NULL AUTO_INCREMENT,
  `session_id` int(11) NOT NULL,
  `exam_id` int(11) DEFAULT NULL,
  `teacher_subject_id` int(11) DEFAULT NULL,
  `date_of_exam` date DEFAULT NULL,
  `start_to` varchar(50) DEFAULT NULL,
  `end_from` varchar(50) DEFAULT NULL,
  `room_no` varchar(50) DEFAULT NULL,
  `full_marks` int(11) DEFAULT NULL,
  `passing_marks` int(11) DEFAULT NULL,
  `note` text,
  `is_active` varchar(255) DEFAULT 'no',
  `created_at` timestamp NOT NULL DEFAULT CURRENT_TIMESTAMP ON UPDATE CURRENT_TIMESTAMP,
  `updated_at` date DEFAULT NULL,
  PRIMARY KEY (`id`),
  KEY `teacher_subject_id` (`teacher_subject_id`),
  KEY `session_id` (`session_id`),
  KEY `exam_id` (`exam_id`),
  CONSTRAINT `exam_schedules_ibfk_1` FOREIGN KEY (`session_id`) REFERENCES `sessions` (`id`) ON DELETE CASCADE,
  CONSTRAINT `exam_schedules_ibfk_2` FOREIGN KEY (`exam_id`) REFERENCES `exams` (`id`) ON DELETE CASCADE
) ENGINE=InnoDB DEFAULT CHARSET=utf8;

#
# TABLE STRUCTURE FOR: exams
#

DROP TABLE IF EXISTS `exams`;

CREATE TABLE `exams` (
  `id` int(11) NOT NULL AUTO_INCREMENT,
  `name` varchar(200) DEFAULT NULL,
  `sesion_id` int(11) NOT NULL,
  `note` text,
  `is_active` varchar(255) DEFAULT 'no',
  `created_at` timestamp NOT NULL DEFAULT CURRENT_TIMESTAMP ON UPDATE CURRENT_TIMESTAMP,
  `updated_at` date DEFAULT NULL,
  PRIMARY KEY (`id`),
  KEY `sesion_id` (`sesion_id`),
  CONSTRAINT `exams_ibfk_1` FOREIGN KEY (`sesion_id`) REFERENCES `sessions` (`id`) ON DELETE CASCADE
) ENGINE=InnoDB DEFAULT CHARSET=utf8;

#
# TABLE STRUCTURE FOR: expense_head
#

DROP TABLE IF EXISTS `expense_head`;

CREATE TABLE `expense_head` (
  `id` int(11) NOT NULL AUTO_INCREMENT,
  `exp_category` varchar(50) DEFAULT NULL,
  `description` text,
  `is_active` varchar(255) DEFAULT 'yes',
  `is_deleted` varchar(255) DEFAULT 'no',
  `created_at` timestamp NOT NULL DEFAULT CURRENT_TIMESTAMP ON UPDATE CURRENT_TIMESTAMP,
  `updated_at` date DEFAULT NULL,
  PRIMARY KEY (`id`)
) ENGINE=InnoDB AUTO_INCREMENT=6 DEFAULT CHARSET=utf8;

INSERT INTO `expense_head` (`id`, `exp_category`, `description`, `is_active`, `is_deleted`, `created_at`, `updated_at`) VALUES (1, 'Stationery Purchase', '', 'yes', 'no', '2023-08-24 07:10:42', NULL);
INSERT INTO `expense_head` (`id`, `exp_category`, `description`, `is_active`, `is_deleted`, `created_at`, `updated_at`) VALUES (2, 'Electricity Bill', '', 'yes', 'no', '2023-08-24 07:10:48', NULL);
INSERT INTO `expense_head` (`id`, `exp_category`, `description`, `is_active`, `is_deleted`, `created_at`, `updated_at`) VALUES (3, 'Telephone Bill', '', 'yes', 'no', '2023-08-24 07:10:56', NULL);
INSERT INTO `expense_head` (`id`, `exp_category`, `description`, `is_active`, `is_deleted`, `created_at`, `updated_at`) VALUES (4, 'Miscellaneous', '', 'yes', 'no', '2023-08-24 07:11:03', NULL);
INSERT INTO `expense_head` (`id`, `exp_category`, `description`, `is_active`, `is_deleted`, `created_at`, `updated_at`) VALUES (5, 'Flower', '', 'yes', 'no', '2023-08-24 07:11:12', NULL);


#
# TABLE STRUCTURE FOR: expenses
#

DROP TABLE IF EXISTS `expenses`;

CREATE TABLE `expenses` (
  `id` int(11) NOT NULL AUTO_INCREMENT,
  `exp_head_id` int(11) DEFAULT NULL,
  `name` varchar(50) DEFAULT NULL,
  `invoice_no` varchar(200) DEFAULT NULL,
  `date` date DEFAULT NULL,
  `amount` float(10,2) DEFAULT NULL,
  `documents` varchar(255) DEFAULT NULL,
  `note` text,
  `is_active` varchar(255) DEFAULT 'yes',
  `is_deleted` varchar(255) DEFAULT 'no',
  `created_at` timestamp NOT NULL DEFAULT CURRENT_TIMESTAMP ON UPDATE CURRENT_TIMESTAMP,
  `updated_at` date DEFAULT NULL,
  PRIMARY KEY (`id`),
  KEY `exp_head_id` (`exp_head_id`),
  CONSTRAINT `expenses_ibfk_1` FOREIGN KEY (`exp_head_id`) REFERENCES `expense_head` (`id`) ON DELETE CASCADE
) ENGINE=InnoDB AUTO_INCREMENT=6 DEFAULT CHARSET=utf8;

INSERT INTO `expenses` (`id`, `exp_head_id`, `name`, `invoice_no`, `date`, `amount`, `documents`, `note`, `is_active`, `is_deleted`, `created_at`, `updated_at`) VALUES (1, 1, 'Books', '5484', '2023-08-24', '200.00', NULL, 'The Holy Bible is the most read book in the world. In the past 50 years, the Bible has sold over 3.9 billion copies. It is the most recognizable and famous book that has ever been published. The Bible is a collective book with many different preachings based on God and the Lord Jesus Christ.', 'yes', 'no', '2023-08-24 07:12:11', NULL);
INSERT INTO `expenses` (`id`, `exp_head_id`, `name`, `invoice_no`, `date`, `amount`, `documents`, `note`, `is_active`, `is_deleted`, `created_at`, `updated_at`) VALUES (2, 5, 'Stock Flower', '565', '2023-08-24', '150.00', NULL, 'Stock is an odd name for a flower. It seems to be a reference to the “stocky”.', 'yes', 'no', '2023-08-24 07:12:41', NULL);
INSERT INTO `expenses` (`id`, `exp_head_id`, `name`, `invoice_no`, `date`, `amount`, `documents`, `note`, `is_active`, `is_deleted`, `created_at`, `updated_at`) VALUES (3, 4, 'School Event', '5488', '2023-08-24', '200.00', NULL, 'the worker should wear disposable rubber boots, gloves (heavy duty), and a triple layer mask. respiratory etiquettes or mask, the areas around his/her seat should be vacated and cleaned with 1% sodium hypochlorite.', 'yes', 'no', '2023-08-24 07:13:23', NULL);
INSERT INTO `expenses` (`id`, `exp_head_id`, `name`, `invoice_no`, `date`, `amount`, `documents`, `note`, `is_active`, `is_deleted`, `created_at`, `updated_at`) VALUES (4, 3, 'BSNL Broad Band Center', '5612', '2023-08-24', '250.00', NULL, 'Broadband is high speed internet connection enabled through different mediums.	', 'yes', 'no', '2023-08-24 07:13:56', NULL);
INSERT INTO `expenses` (`id`, `exp_head_id`, `name`, `invoice_no`, `date`, `amount`, `documents`, `note`, `is_active`, `is_deleted`, `created_at`, `updated_at`) VALUES (5, 4, 'Staff Training', '3421', '2023-08-24', '200.00', NULL, 'Staff Training', 'yes', 'no', '2023-08-24 07:14:26', NULL);


#
# TABLE STRUCTURE FOR: fee_groups
#

DROP TABLE IF EXISTS `fee_groups`;

CREATE TABLE `fee_groups` (
  `id` int(11) NOT NULL AUTO_INCREMENT,
  `name` varchar(200) DEFAULT NULL,
  `is_system` int(1) NOT NULL DEFAULT '0',
  `description` text,
  `is_active` varchar(10) NOT NULL DEFAULT 'no',
  `created_at` timestamp NOT NULL DEFAULT CURRENT_TIMESTAMP ON UPDATE CURRENT_TIMESTAMP,
  PRIMARY KEY (`id`)
) ENGINE=InnoDB AUTO_INCREMENT=23 DEFAULT CHARSET=utf8;

INSERT INTO `fee_groups` (`id`, `name`, `is_system`, `description`, `is_active`, `created_at`) VALUES (2, 'Class 1 General	', 0, '', 'no', '2023-08-11 17:14:58');
INSERT INTO `fee_groups` (`id`, `name`, `is_system`, `description`, `is_active`, `created_at`) VALUES (4, 'Class 1 Lump Sum	', 0, '', 'no', '2023-08-11 17:15:25');
INSERT INTO `fee_groups` (`id`, `name`, `is_system`, `description`, `is_active`, `created_at`) VALUES (5, 'Class 1- I Installment	', 0, '', 'no', '2023-08-11 17:15:30');
INSERT INTO `fee_groups` (`id`, `name`, `is_system`, `description`, `is_active`, `created_at`) VALUES (6, 'Class 1-II Installment	', 0, '', 'no', '2023-08-11 17:15:35');
INSERT INTO `fee_groups` (`id`, `name`, `is_system`, `description`, `is_active`, `created_at`) VALUES (7, 'Class 2 General	', 0, '', 'no', '2023-08-11 17:15:41');
INSERT INTO `fee_groups` (`id`, `name`, `is_system`, `description`, `is_active`, `created_at`) VALUES (8, 'Class 2 Lump Sum	', 0, '', 'no', '2023-08-11 17:15:50');
INSERT INTO `fee_groups` (`id`, `name`, `is_system`, `description`, `is_active`, `created_at`) VALUES (9, 'Class 2- I Installment	', 0, '', 'no', '2023-08-11 17:15:55');
INSERT INTO `fee_groups` (`id`, `name`, `is_system`, `description`, `is_active`, `created_at`) VALUES (10, 'Class 2 - II Installment	', 0, '', 'no', '2023-08-11 17:16:00');
INSERT INTO `fee_groups` (`id`, `name`, `is_system`, `description`, `is_active`, `created_at`) VALUES (11, 'Class 3 Lump Sum	', 0, '', 'no', '2023-08-11 17:16:06');
INSERT INTO `fee_groups` (`id`, `name`, `is_system`, `description`, `is_active`, `created_at`) VALUES (12, 'Class 3- I Installment	', 0, '', 'no', '2023-08-11 17:16:11');
INSERT INTO `fee_groups` (`id`, `name`, `is_system`, `description`, `is_active`, `created_at`) VALUES (13, 'Class 3- II Installment	', 0, '', 'no', '2023-08-11 17:16:16');
INSERT INTO `fee_groups` (`id`, `name`, `is_system`, `description`, `is_active`, `created_at`) VALUES (14, 'Class 4 General	', 0, '', 'no', '2023-08-11 17:16:22');
INSERT INTO `fee_groups` (`id`, `name`, `is_system`, `description`, `is_active`, `created_at`) VALUES (15, 'Discount', 0, '', 'no', '2023-08-11 17:16:26');
INSERT INTO `fee_groups` (`id`, `name`, `is_system`, `description`, `is_active`, `created_at`) VALUES (16, 'March Fees	', 0, '', 'no', '2023-08-11 17:16:37');
INSERT INTO `fee_groups` (`id`, `name`, `is_system`, `description`, `is_active`, `created_at`) VALUES (17, 'Exam', 0, '', 'no', '2023-08-11 17:16:41');
INSERT INTO `fee_groups` (`id`, `name`, `is_system`, `description`, `is_active`, `created_at`) VALUES (18, 'Fees	', 0, '', 'no', '2023-08-11 17:16:45');
INSERT INTO `fee_groups` (`id`, `name`, `is_system`, `description`, `is_active`, `created_at`) VALUES (19, 'Demo Group', 0, '', 'no', '2023-08-27 10:24:38');
INSERT INTO `fee_groups` (`id`, `name`, `is_system`, `description`, `is_active`, `created_at`) VALUES (20, 'JR MPC', 0, 'Junior MPC', 'no', '2023-08-28 21:15:12');
INSERT INTO `fee_groups` (`id`, `name`, `is_system`, `description`, `is_active`, `created_at`) VALUES (21, 'SR MPC', 0, 'SR MPC', 'no', '2023-08-29 19:53:23');
INSERT INTO `fee_groups` (`id`, `name`, `is_system`, `description`, `is_active`, `created_at`) VALUES (22, 'Balance Master', 1, NULL, 'no', '2023-08-29 20:05:14');


#
# TABLE STRUCTURE FOR: fee_groups_feetype
#

DROP TABLE IF EXISTS `fee_groups_feetype`;

CREATE TABLE `fee_groups_feetype` (
  `id` int(11) NOT NULL AUTO_INCREMENT,
  `fee_session_group_id` int(11) DEFAULT NULL,
  `fee_groups_id` int(11) DEFAULT NULL,
  `feetype_id` int(11) DEFAULT NULL,
  `session_id` int(11) DEFAULT NULL,
  `amount` decimal(10,2) DEFAULT NULL,
  `fine_type` varchar(50) NOT NULL DEFAULT 'none',
  `due_date` date DEFAULT NULL,
  `fine_percentage` float(10,2) NOT NULL DEFAULT '0.00',
  `fine_amount` float(10,2) NOT NULL DEFAULT '0.00',
  `is_active` varchar(10) NOT NULL DEFAULT 'no',
  `created_at` timestamp NOT NULL DEFAULT CURRENT_TIMESTAMP ON UPDATE CURRENT_TIMESTAMP,
  PRIMARY KEY (`id`),
  KEY `fee_session_group_id` (`fee_session_group_id`),
  KEY `fee_groups_id` (`fee_groups_id`),
  KEY `feetype_id` (`feetype_id`),
  KEY `session_id` (`session_id`),
  CONSTRAINT `fee_groups_feetype_ibfk_1` FOREIGN KEY (`fee_session_group_id`) REFERENCES `fee_session_groups` (`id`) ON DELETE CASCADE,
  CONSTRAINT `fee_groups_feetype_ibfk_2` FOREIGN KEY (`fee_groups_id`) REFERENCES `fee_groups` (`id`) ON DELETE CASCADE,
  CONSTRAINT `fee_groups_feetype_ibfk_3` FOREIGN KEY (`feetype_id`) REFERENCES `feetype` (`id`) ON DELETE CASCADE,
  CONSTRAINT `fee_groups_feetype_ibfk_4` FOREIGN KEY (`session_id`) REFERENCES `sessions` (`id`) ON DELETE CASCADE
) ENGINE=InnoDB AUTO_INCREMENT=22 DEFAULT CHARSET=utf8;

INSERT INTO `fee_groups_feetype` (`id`, `fee_session_group_id`, `fee_groups_id`, `feetype_id`, `session_id`, `amount`, `fine_type`, `due_date`, `fine_percentage`, `fine_amount`, `is_active`, `created_at`) VALUES (2, 2, 2, 2, 18, '2000.00', 'fix', '2023-04-15', '0.00', '200.00', 'no', '2023-08-11 17:24:26');
INSERT INTO `fee_groups_feetype` (`id`, `fee_session_group_id`, `fee_groups_id`, `feetype_id`, `session_id`, `amount`, `fine_type`, `due_date`, `fine_percentage`, `fine_amount`, `is_active`, `created_at`) VALUES (3, 2, 2, 10, 18, '350.00', 'fix', '2023-04-10', '0.00', '50.00', 'no', '2023-08-11 17:25:13');
INSERT INTO `fee_groups_feetype` (`id`, `fee_session_group_id`, `fee_groups_id`, `feetype_id`, `session_id`, `amount`, `fine_type`, `due_date`, `fine_percentage`, `fine_amount`, `is_active`, `created_at`) VALUES (4, 3, 12, 5, 18, '2000.00', 'fix', '2023-09-20', '0.00', '300.00', 'no', '2023-08-12 07:43:04');
INSERT INTO `fee_groups_feetype` (`id`, `fee_session_group_id`, `fee_groups_id`, `feetype_id`, `session_id`, `amount`, `fine_type`, `due_date`, `fine_percentage`, `fine_amount`, `is_active`, `created_at`) VALUES (5, 3, 12, 12, 18, '2000.00', 'fix', '2023-09-29', '0.00', '200.00', 'no', '2023-08-12 07:44:13');
INSERT INTO `fee_groups_feetype` (`id`, `fee_session_group_id`, `fee_groups_id`, `feetype_id`, `session_id`, `amount`, `fine_type`, `due_date`, `fine_percentage`, `fine_amount`, `is_active`, `created_at`) VALUES (6, 4, 9, 4, 18, '3000.00', 'fix', '2023-08-31', '0.00', '300.00', 'no', '2023-08-12 07:45:17');
INSERT INTO `fee_groups_feetype` (`id`, `fee_session_group_id`, `fee_groups_id`, `feetype_id`, `session_id`, `amount`, `fine_type`, `due_date`, `fine_percentage`, `fine_amount`, `is_active`, `created_at`) VALUES (7, 4, 9, 9, 18, '300.00', 'fix', '2023-06-20', '0.00', '0.00', 'no', '2023-08-12 07:46:33');
INSERT INTO `fee_groups_feetype` (`id`, `fee_session_group_id`, `fee_groups_id`, `feetype_id`, `session_id`, `amount`, `fine_type`, `due_date`, `fine_percentage`, `fine_amount`, `is_active`, `created_at`) VALUES (8, 5, 8, 15, 18, '250.00', 'none', '2023-08-31', '0.00', '0.00', 'no', '2023-08-12 07:48:16');
INSERT INTO `fee_groups_feetype` (`id`, `fee_session_group_id`, `fee_groups_id`, `feetype_id`, `session_id`, `amount`, `fine_type`, `due_date`, `fine_percentage`, `fine_amount`, `is_active`, `created_at`) VALUES (9, 6, 5, 2, 18, '1000.00', 'none', '2023-11-29', '0.00', '0.00', 'no', '2023-08-12 07:56:08');
INSERT INTO `fee_groups_feetype` (`id`, `fee_session_group_id`, `fee_groups_id`, `feetype_id`, `session_id`, `amount`, `fine_type`, `due_date`, `fine_percentage`, `fine_amount`, `is_active`, `created_at`) VALUES (10, 6, 5, 3, 18, '4000.00', 'none', '2023-08-31', '0.00', '0.00', 'no', '2023-08-12 07:56:57');
INSERT INTO `fee_groups_feetype` (`id`, `fee_session_group_id`, `fee_groups_id`, `feetype_id`, `session_id`, `amount`, `fine_type`, `due_date`, `fine_percentage`, `fine_amount`, `is_active`, `created_at`) VALUES (11, 6, 5, 9, 18, '500.00', 'none', '2023-08-30', '0.00', '0.00', 'no', '2023-08-12 07:57:19');
INSERT INTO `fee_groups_feetype` (`id`, `fee_session_group_id`, `fee_groups_id`, `feetype_id`, `session_id`, `amount`, `fine_type`, `due_date`, `fine_percentage`, `fine_amount`, `is_active`, `created_at`) VALUES (12, 7, 19, 23, 18, '2500.00', 'none', '2023-08-20', '0.00', '0.00', 'no', '2023-08-27 10:25:17');
INSERT INTO `fee_groups_feetype` (`id`, `fee_session_group_id`, `fee_groups_id`, `feetype_id`, `session_id`, `amount`, `fine_type`, `due_date`, `fine_percentage`, `fine_amount`, `is_active`, `created_at`) VALUES (13, 7, 19, 24, 18, '6000.00', 'none', '2023-08-30', '0.00', '0.00', 'no', '2023-08-27 10:25:43');
INSERT INTO `fee_groups_feetype` (`id`, `fee_session_group_id`, `fee_groups_id`, `feetype_id`, `session_id`, `amount`, `fine_type`, `due_date`, `fine_percentage`, `fine_amount`, `is_active`, `created_at`) VALUES (15, 9, 20, 25, 18, '18000.00', 'none', NULL, '0.00', '0.00', 'no', '2023-08-28 21:48:11');
INSERT INTO `fee_groups_feetype` (`id`, `fee_session_group_id`, `fee_groups_id`, `feetype_id`, `session_id`, `amount`, `fine_type`, `due_date`, `fine_percentage`, `fine_amount`, `is_active`, `created_at`) VALUES (18, 10, 21, 25, 19, '20000.00', 'none', NULL, '0.00', '0.00', 'no', '2023-08-29 19:53:50');
INSERT INTO `fee_groups_feetype` (`id`, `fee_session_group_id`, `fee_groups_id`, `feetype_id`, `session_id`, `amount`, `fine_type`, `due_date`, `fine_percentage`, `fine_amount`, `is_active`, `created_at`) VALUES (19, 10, 21, 15, 19, '800.00', 'none', '2023-08-29', '0.00', '0.00', 'no', '2023-08-29 19:54:18');
INSERT INTO `fee_groups_feetype` (`id`, `fee_session_group_id`, `fee_groups_id`, `feetype_id`, `session_id`, `amount`, `fine_type`, `due_date`, `fine_percentage`, `fine_amount`, `is_active`, `created_at`) VALUES (20, 11, 22, 30, 19, NULL, 'none', '2023-10-28', '0.00', '0.00', 'no', '2023-08-29 20:05:14');
INSERT INTO `fee_groups_feetype` (`id`, `fee_session_group_id`, `fee_groups_id`, `feetype_id`, `session_id`, `amount`, `fine_type`, `due_date`, `fine_percentage`, `fine_amount`, `is_active`, `created_at`) VALUES (21, 12, 22, 30, 18, NULL, 'none', '2023-10-30', '0.00', '0.00', 'no', '2023-08-31 19:36:18');


#
# TABLE STRUCTURE FOR: fee_receipt_no
#

DROP TABLE IF EXISTS `fee_receipt_no`;

CREATE TABLE `fee_receipt_no` (
  `id` int(11) NOT NULL AUTO_INCREMENT,
  `payment` int(11) NOT NULL,
  PRIMARY KEY (`id`)
) ENGINE=InnoDB DEFAULT CHARSET=utf8;

#
# TABLE STRUCTURE FOR: fee_session_groups
#

DROP TABLE IF EXISTS `fee_session_groups`;

CREATE TABLE `fee_session_groups` (
  `id` int(11) NOT NULL AUTO_INCREMENT,
  `fee_groups_id` int(11) DEFAULT NULL,
  `session_id` int(11) DEFAULT NULL,
  `is_active` varchar(10) NOT NULL DEFAULT 'no',
  `created_at` timestamp NOT NULL DEFAULT CURRENT_TIMESTAMP ON UPDATE CURRENT_TIMESTAMP,
  PRIMARY KEY (`id`),
  KEY `fee_groups_id` (`fee_groups_id`),
  KEY `session_id` (`session_id`),
  CONSTRAINT `fee_session_groups_ibfk_1` FOREIGN KEY (`fee_groups_id`) REFERENCES `fee_groups` (`id`) ON DELETE CASCADE,
  CONSTRAINT `fee_session_groups_ibfk_2` FOREIGN KEY (`session_id`) REFERENCES `sessions` (`id`) ON DELETE CASCADE
) ENGINE=InnoDB AUTO_INCREMENT=13 DEFAULT CHARSET=utf8;

INSERT INTO `fee_session_groups` (`id`, `fee_groups_id`, `session_id`, `is_active`, `created_at`) VALUES (2, 2, 18, 'no', '2023-08-11 17:24:26');
INSERT INTO `fee_session_groups` (`id`, `fee_groups_id`, `session_id`, `is_active`, `created_at`) VALUES (3, 12, 18, 'no', '2023-08-12 07:43:04');
INSERT INTO `fee_session_groups` (`id`, `fee_groups_id`, `session_id`, `is_active`, `created_at`) VALUES (4, 9, 18, 'no', '2023-08-12 07:45:17');
INSERT INTO `fee_session_groups` (`id`, `fee_groups_id`, `session_id`, `is_active`, `created_at`) VALUES (5, 8, 18, 'no', '2023-08-12 07:48:16');
INSERT INTO `fee_session_groups` (`id`, `fee_groups_id`, `session_id`, `is_active`, `created_at`) VALUES (6, 5, 18, 'no', '2023-08-12 07:56:08');
INSERT INTO `fee_session_groups` (`id`, `fee_groups_id`, `session_id`, `is_active`, `created_at`) VALUES (7, 19, 18, 'no', '2023-08-27 10:25:17');
INSERT INTO `fee_session_groups` (`id`, `fee_groups_id`, `session_id`, `is_active`, `created_at`) VALUES (9, 20, 18, 'no', '2023-08-28 21:48:11');
INSERT INTO `fee_session_groups` (`id`, `fee_groups_id`, `session_id`, `is_active`, `created_at`) VALUES (10, 21, 19, 'no', '2023-08-29 19:53:50');
INSERT INTO `fee_session_groups` (`id`, `fee_groups_id`, `session_id`, `is_active`, `created_at`) VALUES (11, 22, 19, 'no', '2023-08-29 20:05:14');
INSERT INTO `fee_session_groups` (`id`, `fee_groups_id`, `session_id`, `is_active`, `created_at`) VALUES (12, 22, 18, 'no', '2023-08-31 19:36:18');


#
# TABLE STRUCTURE FOR: feemasters
#

DROP TABLE IF EXISTS `feemasters`;

CREATE TABLE `feemasters` (
  `id` int(11) NOT NULL AUTO_INCREMENT,
  `session_id` int(11) DEFAULT NULL,
  `feetype_id` int(11) NOT NULL,
  `class_id` int(11) DEFAULT NULL,
  `amount` float(10,2) DEFAULT NULL,
  `description` text,
  `is_active` varchar(255) DEFAULT 'no',
  `created_at` timestamp NOT NULL DEFAULT CURRENT_TIMESTAMP ON UPDATE CURRENT_TIMESTAMP,
  `updated_at` date DEFAULT NULL,
  PRIMARY KEY (`id`),
  KEY `session_id` (`session_id`),
  KEY `feetype_id` (`feetype_id`),
  KEY `class_id` (`class_id`),
  CONSTRAINT `feemasters_ibfk_1` FOREIGN KEY (`session_id`) REFERENCES `sessions` (`id`) ON DELETE CASCADE,
  CONSTRAINT `feemasters_ibfk_2` FOREIGN KEY (`feetype_id`) REFERENCES `feetype` (`id`) ON DELETE CASCADE,
  CONSTRAINT `feemasters_ibfk_3` FOREIGN KEY (`class_id`) REFERENCES `classes` (`id`) ON DELETE CASCADE
) ENGINE=InnoDB DEFAULT CHARSET=utf8;

#
# TABLE STRUCTURE FOR: fees_discount_approval
#

DROP TABLE IF EXISTS `fees_discount_approval`;

CREATE TABLE `fees_discount_approval` (
  `id` int(11) NOT NULL AUTO_INCREMENT,
  `student_session_id` int(11) DEFAULT NULL,
  `fees_discount_id` int(11) DEFAULT NULL,
  `status` varchar(20) DEFAULT 'assigned',
  `payment_id` varchar(50) DEFAULT NULL,
  `description` text,
  `is_active` varchar(10) NOT NULL DEFAULT 'no',
  `created_at` timestamp NOT NULL DEFAULT CURRENT_TIMESTAMP ON UPDATE CURRENT_TIMESTAMP,
  `approval_status` int(2) NOT NULL DEFAULT '0',
  PRIMARY KEY (`id`)
) ENGINE=InnoDB AUTO_INCREMENT=20 DEFAULT CHARSET=utf8;

INSERT INTO `fees_discount_approval` (`id`, `student_session_id`, `fees_discount_id`, `status`, `payment_id`, `description`, `is_active`, `created_at`, `approval_status`) VALUES (15, 105, 4, 'assigned', NULL, NULL, 'no', '2023-08-23 19:02:28', 0);
INSERT INTO `fees_discount_approval` (`id`, `student_session_id`, `fees_discount_id`, `status`, `payment_id`, `description`, `is_active`, `created_at`, `approval_status`) VALUES (16, 106, 4, 'assigned', NULL, NULL, 'no', '2023-08-23 19:02:28', 0);
INSERT INTO `fees_discount_approval` (`id`, `student_session_id`, `fees_discount_id`, `status`, `payment_id`, `description`, `is_active`, `created_at`, `approval_status`) VALUES (17, 102, 4, 'assigned', NULL, NULL, 'no', '2023-08-23 19:44:37', 0);
INSERT INTO `fees_discount_approval` (`id`, `student_session_id`, `fees_discount_id`, `status`, `payment_id`, `description`, `is_active`, `created_at`, `approval_status`) VALUES (18, 103, 4, 'assigned', NULL, NULL, 'no', '2023-08-23 19:44:37', 0);
INSERT INTO `fees_discount_approval` (`id`, `student_session_id`, `fees_discount_id`, `status`, `payment_id`, `description`, `is_active`, `created_at`, `approval_status`) VALUES (19, 126, 7, 'assigned', NULL, NULL, 'no', '2023-08-27 10:48:10', 1);


#
# TABLE STRUCTURE FOR: fees_discounts
#

DROP TABLE IF EXISTS `fees_discounts`;

CREATE TABLE `fees_discounts` (
  `id` int(11) NOT NULL AUTO_INCREMENT,
  `session_id` int(11) DEFAULT NULL,
  `name` varchar(100) DEFAULT NULL,
  `code` varchar(100) DEFAULT NULL,
  `type` varchar(20) DEFAULT NULL,
  `percentage` float(10,2) DEFAULT NULL,
  `amount` decimal(10,2) DEFAULT NULL,
  `description` text,
  `is_active` varchar(10) NOT NULL DEFAULT 'no',
  `created_at` timestamp NOT NULL DEFAULT CURRENT_TIMESTAMP ON UPDATE CURRENT_TIMESTAMP,
  PRIMARY KEY (`id`),
  KEY `session_id` (`session_id`),
  CONSTRAINT `fees_discounts_ibfk_1` FOREIGN KEY (`session_id`) REFERENCES `sessions` (`id`) ON DELETE CASCADE
) ENGINE=InnoDB AUTO_INCREMENT=8 DEFAULT CHARSET=utf8;

INSERT INTO `fees_discounts` (`id`, `session_id`, `name`, `code`, `type`, `percentage`, `amount`, `description`, `is_active`, `created_at`) VALUES (4, 18, 'Sibling Discount', 'sibling-disc', 'fix', NULL, '500.00', '', 'no', '2023-08-11 17:06:38');
INSERT INTO `fees_discounts` (`id`, `session_id`, `name`, `code`, `type`, `percentage`, `amount`, `description`, `is_active`, `created_at`) VALUES (5, 18, 'Handicapped Discount', 'handicap-disc', 'fix', NULL, '1000.00', '', 'no', '2023-08-11 17:07:10');
INSERT INTO `fees_discounts` (`id`, `session_id`, `name`, `code`, `type`, `percentage`, `amount`, `description`, `is_active`, `created_at`) VALUES (6, 18, 'Class Topper Discount', 'cls-top-disc', 'fix', NULL, '100.00', '', 'no', '2023-08-11 17:07:31');
INSERT INTO `fees_discounts` (`id`, `session_id`, `name`, `code`, `type`, `percentage`, `amount`, `description`, `is_active`, `created_at`) VALUES (7, 18, 'demo discount', '852', 'fix', NULL, '2000.00', '', 'no', '2023-08-27 10:45:37');


#
# TABLE STRUCTURE FOR: fees_reminder
#

DROP TABLE IF EXISTS `fees_reminder`;

CREATE TABLE `fees_reminder` (
  `id` int(11) NOT NULL AUTO_INCREMENT,
  `reminder_type` varchar(10) DEFAULT NULL,
  `day` int(2) DEFAULT NULL,
  `is_active` int(1) DEFAULT '0',
  `created_at` timestamp NOT NULL DEFAULT CURRENT_TIMESTAMP ON UPDATE CURRENT_TIMESTAMP,
  `updated_at` date DEFAULT NULL,
  PRIMARY KEY (`id`)
) ENGINE=InnoDB AUTO_INCREMENT=5 DEFAULT CHARSET=utf8;

INSERT INTO `fees_reminder` (`id`, `reminder_type`, `day`, `is_active`, `created_at`, `updated_at`) VALUES (1, 'before', 2, 1, '2023-08-30 15:49:12', NULL);
INSERT INTO `fees_reminder` (`id`, `reminder_type`, `day`, `is_active`, `created_at`, `updated_at`) VALUES (2, 'before', 5, 1, '2023-08-30 15:49:12', NULL);
INSERT INTO `fees_reminder` (`id`, `reminder_type`, `day`, `is_active`, `created_at`, `updated_at`) VALUES (3, 'after', 2, 1, '2023-08-30 15:49:12', NULL);
INSERT INTO `fees_reminder` (`id`, `reminder_type`, `day`, `is_active`, `created_at`, `updated_at`) VALUES (4, 'after', 5, 1, '2023-08-30 15:49:12', NULL);


#
# TABLE STRUCTURE FOR: feetype
#

DROP TABLE IF EXISTS `feetype`;

CREATE TABLE `feetype` (
  `id` int(11) NOT NULL AUTO_INCREMENT,
  `is_system` int(1) NOT NULL DEFAULT '0',
  `feecategory_id` int(11) DEFAULT NULL,
  `type` varchar(50) DEFAULT NULL,
  `code` varchar(100) NOT NULL,
  `is_active` varchar(255) DEFAULT 'no',
  `description` text,
  `created_at` timestamp NOT NULL DEFAULT CURRENT_TIMESTAMP ON UPDATE CURRENT_TIMESTAMP,
  `updated_at` date DEFAULT NULL,
  PRIMARY KEY (`id`)
) ENGINE=InnoDB AUTO_INCREMENT=32 DEFAULT CHARSET=utf8;

INSERT INTO `feetype` (`id`, `is_system`, `feecategory_id`, `type`, `code`, `is_active`, `description`, `created_at`, `updated_at`) VALUES (1, 0, NULL, 'College', '1234', 'no', 'wdfghj', '2023-08-01 17:31:28', NULL);
INSERT INTO `feetype` (`id`, `is_system`, `feecategory_id`, `type`, `code`, `is_active`, `description`, `created_at`, `updated_at`) VALUES (2, 0, NULL, 'Admission Fees', 'admission-fees	', 'no', '', '2023-08-11 17:09:36', NULL);
INSERT INTO `feetype` (`id`, `is_system`, `feecategory_id`, `type`, `code`, `is_active`, `description`, `created_at`, `updated_at`) VALUES (3, 0, NULL, '1st Installment Fees', '1-installment-fees	', 'no', '', '2023-08-11 17:09:55', NULL);
INSERT INTO `feetype` (`id`, `is_system`, `feecategory_id`, `type`, `code`, `is_active`, `description`, `created_at`, `updated_at`) VALUES (4, 0, NULL, '2nd Installment Fees', '2-installment-fees	', 'no', '', '2023-08-11 17:10:15', NULL);
INSERT INTO `feetype` (`id`, `is_system`, `feecategory_id`, `type`, `code`, `is_active`, `description`, `created_at`, `updated_at`) VALUES (5, 0, NULL, '3rd Installment Fees', '3-installment-fees	', 'no', '', '2023-08-11 17:10:26', NULL);
INSERT INTO `feetype` (`id`, `is_system`, `feecategory_id`, `type`, `code`, `is_active`, `description`, `created_at`, `updated_at`) VALUES (6, 0, NULL, '4th Installment Fees', '4-installment-fees', 'no', '', '2023-08-11 17:10:40', NULL);
INSERT INTO `feetype` (`id`, `is_system`, `feecategory_id`, `type`, `code`, `is_active`, `description`, `created_at`, `updated_at`) VALUES (7, 0, NULL, '5th Installment Fees', '5-installment-fees', 'no', '', '2023-08-11 17:10:49', NULL);
INSERT INTO `feetype` (`id`, `is_system`, `feecategory_id`, `type`, `code`, `is_active`, `description`, `created_at`, `updated_at`) VALUES (8, 0, NULL, '6th Installment Fees', '6-installment-fees	', 'no', '', '2023-08-11 17:10:59', NULL);
INSERT INTO `feetype` (`id`, `is_system`, `feecategory_id`, `type`, `code`, `is_active`, `description`, `created_at`, `updated_at`) VALUES (9, 0, NULL, 'Bus-fees', 'Bus-fees', 'no', '', '2023-08-11 17:11:08', NULL);
INSERT INTO `feetype` (`id`, `is_system`, `feecategory_id`, `type`, `code`, `is_active`, `description`, `created_at`, `updated_at`) VALUES (10, 0, NULL, 'April Month Fees', 'apr-month-fees', 'no', '', '2023-08-11 17:11:22', NULL);
INSERT INTO `feetype` (`id`, `is_system`, `feecategory_id`, `type`, `code`, `is_active`, `description`, `created_at`, `updated_at`) VALUES (11, 0, NULL, 'August Month Fees', 'aug-month-fees', 'no', '', '2023-08-11 17:11:34', NULL);
INSERT INTO `feetype` (`id`, `is_system`, `feecategory_id`, `type`, `code`, `is_active`, `description`, `created_at`, `updated_at`) VALUES (12, 0, NULL, 'Caution Money Fees', 'caution-money-fees', 'no', '', '2023-08-11 17:11:46', NULL);
INSERT INTO `feetype` (`id`, `is_system`, `feecategory_id`, `type`, `code`, `is_active`, `description`, `created_at`, `updated_at`) VALUES (13, 0, NULL, 'Certificate fee', 'Cert-Fee	', 'no', '', '2023-08-11 17:11:58', NULL);
INSERT INTO `feetype` (`id`, `is_system`, `feecategory_id`, `type`, `code`, `is_active`, `description`, `created_at`, `updated_at`) VALUES (14, 0, NULL, 'December Month Fees', 'dec-month-fees	', 'no', '', '2023-08-11 17:12:11', NULL);
INSERT INTO `feetype` (`id`, `is_system`, `feecategory_id`, `type`, `code`, `is_active`, `description`, `created_at`, `updated_at`) VALUES (15, 0, NULL, 'Exam Fees', 'exam-fees	', 'no', '', '2023-08-11 17:12:24', NULL);
INSERT INTO `feetype` (`id`, `is_system`, `feecategory_id`, `type`, `code`, `is_active`, `description`, `created_at`, `updated_at`) VALUES (16, 0, NULL, 'February Month Fees', 'feb-month-fees	', 'no', '', '2023-08-11 17:12:35', NULL);
INSERT INTO `feetype` (`id`, `is_system`, `feecategory_id`, `type`, `code`, `is_active`, `description`, `created_at`, `updated_at`) VALUES (17, 0, NULL, 'January Month Fees', 'jan-month-fees	', 'no', '', '2023-08-11 17:12:46', NULL);
INSERT INTO `feetype` (`id`, `is_system`, `feecategory_id`, `type`, `code`, `is_active`, `description`, `created_at`, `updated_at`) VALUES (18, 0, NULL, 'July Month Fees', 'jul-month-fees', 'no', '', '2023-08-11 17:13:08', NULL);
INSERT INTO `feetype` (`id`, `is_system`, `feecategory_id`, `type`, `code`, `is_active`, `description`, `created_at`, `updated_at`) VALUES (19, 0, NULL, 'June Month Fees', 'jun-month-fees', 'no', '', '2023-08-11 17:13:23', NULL);
INSERT INTO `feetype` (`id`, `is_system`, `feecategory_id`, `type`, `code`, `is_active`, `description`, `created_at`, `updated_at`) VALUES (20, 0, NULL, 'fees', 'fees', 'no', '', '2023-08-11 17:13:32', NULL);
INSERT INTO `feetype` (`id`, `is_system`, `feecategory_id`, `type`, `code`, `is_active`, `description`, `created_at`, `updated_at`) VALUES (21, 0, NULL, 'Topper Discount', 'discount123', 'no', '', '2023-08-11 17:13:43', NULL);
INSERT INTO `feetype` (`id`, `is_system`, `feecategory_id`, `type`, `code`, `is_active`, `description`, `created_at`, `updated_at`) VALUES (22, 0, NULL, 'Exam Fees', 'Exam', 'no', '', '2023-08-11 17:13:55', NULL);
INSERT INTO `feetype` (`id`, `is_system`, `feecategory_id`, `type`, `code`, `is_active`, `description`, `created_at`, `updated_at`) VALUES (23, 0, NULL, 'Demo Fees', '852', 'no', '', '2023-08-27 10:23:04', NULL);
INSERT INTO `feetype` (`id`, `is_system`, `feecategory_id`, `type`, `code`, `is_active`, `description`, `created_at`, `updated_at`) VALUES (24, 0, NULL, 'Demo fees1', '859', 'no', '', '2023-08-27 10:23:55', NULL);
INSERT INTO `feetype` (`id`, `is_system`, `feecategory_id`, `type`, `code`, `is_active`, `description`, `created_at`, `updated_at`) VALUES (25, 0, NULL, 'Tuition', '2', 'no', 'Tuition fee', '2023-08-28 21:16:45', NULL);
INSERT INTO `feetype` (`id`, `is_system`, `feecategory_id`, `type`, `code`, `is_active`, `description`, `created_at`, `updated_at`) VALUES (27, 0, NULL, 'Booklet Fee', '4', 'no', 'Booklet Fee', '2023-08-28 21:18:00', NULL);
INSERT INTO `feetype` (`id`, `is_system`, `feecategory_id`, `type`, `code`, `is_active`, `description`, `created_at`, `updated_at`) VALUES (30, 1, NULL, 'Previous Session Balance', 'Previous Session Balance', 'no', NULL, '2023-08-29 20:05:14', NULL);
INSERT INTO `feetype` (`id`, `is_system`, `feecategory_id`, `type`, `code`, `is_active`, `description`, `created_at`, `updated_at`) VALUES (31, 0, NULL, 'Exam Fee', '8', 'no', '', '2023-09-05 23:38:48', NULL);


#
# TABLE STRUCTURE FOR: filetypes
#

DROP TABLE IF EXISTS `filetypes`;

CREATE TABLE `filetypes` (
  `id` int(11) NOT NULL AUTO_INCREMENT,
  `file_extension` text,
  `file_mime` text,
  `file_size` int(11) NOT NULL,
  `image_extension` text,
  `image_mime` text,
  `image_size` int(11) NOT NULL,
  `created_at` timestamp NOT NULL DEFAULT CURRENT_TIMESTAMP ON UPDATE CURRENT_TIMESTAMP,
  PRIMARY KEY (`id`)
) ENGINE=InnoDB AUTO_INCREMENT=2 DEFAULT CHARSET=utf8;

INSERT INTO `filetypes` (`id`, `file_extension`, `file_mime`, `file_size`, `image_extension`, `image_mime`, `image_size`, `created_at`) VALUES (1, 'pdf, zip, jpg, jpeg, png, txt, 7z, gif, csv, docx, mp3, mp4, accdb, odt, ods, ppt, pptx, xlsx, wmv, jfif, apk, ppt, bmp, jpe, mdb, rar, xls, svg', 'application/pdf, image/zip, image/jpg, image/png, image/jpeg, text/plain, application/x-zip-compressed, application/zip, image/gif, text/csv, application/vnd.openxmlformats-officedocument.wordprocessingml.document, audio/mpeg, application/msaccess, application/vnd.oasis.opendocument.text, application/vnd.oasis.opendocument.spreadsheet, application/vnd.ms-powerpoint, application/vnd.openxmlformats-officedocument.presentationml.presentation, application/vnd.openxmlformats-officedocument.spreadsheetml.sheet, video/x-ms-wmv, video/mp4, image/jpeg, application/vnd.android.package-archive, application/x-msdownload, application/vnd.ms-powerpoint, image/bmp, image/jpeg, application/msaccess, application/vnd.ms-excel, image/svg+xml', 100048576, 'jfif, png, jpe, jpeg, jpg, bmp, gif, svg', 'image/jpeg, image/png, image/jpeg, image/jpeg, image/bmp, image/gif, image/x-ms-bmp, image/svg+xml', 10048576, '2021-01-30 18:33:03');


#
# TABLE STRUCTURE FOR: follow_up
#

DROP TABLE IF EXISTS `follow_up`;

CREATE TABLE `follow_up` (
  `id` int(11) NOT NULL AUTO_INCREMENT,
  `enquiry_id` int(11) NOT NULL,
  `date` date NOT NULL,
  `next_date` date NOT NULL,
  `response` text NOT NULL,
  `note` text NOT NULL,
  `followup_by` int(11) NOT NULL,
  `created_at` timestamp NOT NULL DEFAULT CURRENT_TIMESTAMP ON UPDATE CURRENT_TIMESTAMP,
  PRIMARY KEY (`id`),
  KEY `enquiry_id` (`enquiry_id`),
  KEY `followup_by` (`followup_by`),
  CONSTRAINT `follow_up_ibfk_1` FOREIGN KEY (`enquiry_id`) REFERENCES `enquiry` (`id`) ON DELETE CASCADE,
  CONSTRAINT `follow_up_ibfk_2` FOREIGN KEY (`followup_by`) REFERENCES `staff` (`id`) ON DELETE CASCADE
) ENGINE=InnoDB DEFAULT CHARSET=utf8;

#
# TABLE STRUCTURE FOR: front_cms_media_gallery
#

DROP TABLE IF EXISTS `front_cms_media_gallery`;

CREATE TABLE `front_cms_media_gallery` (
  `id` int(11) NOT NULL AUTO_INCREMENT,
  `image` varchar(300) DEFAULT NULL,
  `thumb_path` varchar(300) DEFAULT NULL,
  `dir_path` varchar(300) DEFAULT NULL,
  `img_name` varchar(300) DEFAULT NULL,
  `thumb_name` varchar(300) DEFAULT NULL,
  `created_at` timestamp NOT NULL DEFAULT CURRENT_TIMESTAMP ON UPDATE CURRENT_TIMESTAMP,
  `file_type` varchar(100) NOT NULL,
  `file_size` varchar(100) NOT NULL,
  `vid_url` text NOT NULL,
  `vid_title` varchar(250) NOT NULL,
  PRIMARY KEY (`id`)
) ENGINE=InnoDB AUTO_INCREMENT=2 DEFAULT CHARSET=utf8;

INSERT INTO `front_cms_media_gallery` (`id`, `image`, `thumb_path`, `dir_path`, `img_name`, `thumb_name`, `created_at`, `file_type`, `file_size`, `vid_url`, `vid_title`) VALUES (1, 'home.png', 'uploads/gallery/media/thumb/', 'uploads/gallery/media/', '1693631533-108195044864f2c42da62e7!home.png', '1693631533-108195044864f2c42da62e7!thumb_home.png', '2023-09-02 10:42:13', 'image/png', '333597', '', '');


#
# TABLE STRUCTURE FOR: front_cms_menu_items
#

DROP TABLE IF EXISTS `front_cms_menu_items`;

CREATE TABLE `front_cms_menu_items` (
  `id` int(11) NOT NULL AUTO_INCREMENT,
  `menu_id` int(11) NOT NULL,
  `menu` varchar(100) DEFAULT NULL,
  `page_id` int(11) NOT NULL,
  `parent_id` int(11) NOT NULL,
  `ext_url` text,
  `open_new_tab` int(11) DEFAULT '0',
  `ext_url_link` text,
  `slug` varchar(200) DEFAULT NULL,
  `weight` int(11) DEFAULT NULL,
  `publish` int(11) NOT NULL DEFAULT '0',
  `description` text,
  `is_active` varchar(10) DEFAULT 'no',
  `created_at` timestamp NOT NULL DEFAULT CURRENT_TIMESTAMP ON UPDATE CURRENT_TIMESTAMP,
  PRIMARY KEY (`id`),
  KEY `menu_id` (`menu_id`),
  CONSTRAINT `front_cms_menu_items_ibfk_1` FOREIGN KEY (`menu_id`) REFERENCES `front_cms_menus` (`id`) ON DELETE CASCADE
) ENGINE=InnoDB AUTO_INCREMENT=5 DEFAULT CHARSET=utf8;

INSERT INTO `front_cms_menu_items` (`id`, `menu_id`, `menu`, `page_id`, `parent_id`, `ext_url`, `open_new_tab`, `ext_url_link`, `slug`, `weight`, `publish`, `description`, `is_active`, `created_at`) VALUES (1, 1, 'Home', 1, 0, NULL, NULL, NULL, 'home', 1, 0, NULL, 'no', '2019-12-03 03:41:50');
INSERT INTO `front_cms_menu_items` (`id`, `menu_id`, `menu`, `page_id`, `parent_id`, `ext_url`, `open_new_tab`, `ext_url_link`, `slug`, `weight`, `publish`, `description`, `is_active`, `created_at`) VALUES (2, 1, 'Contact Us', 76, 0, NULL, NULL, NULL, 'contact-us', 4, 0, NULL, 'no', '2019-12-03 03:41:52');
INSERT INTO `front_cms_menu_items` (`id`, `menu_id`, `menu`, `page_id`, `parent_id`, `ext_url`, `open_new_tab`, `ext_url_link`, `slug`, `weight`, `publish`, `description`, `is_active`, `created_at`) VALUES (3, 1, 'Complain', 2, 0, NULL, NULL, NULL, 'complain', 3, 0, NULL, 'no', '2019-12-03 03:41:52');
INSERT INTO `front_cms_menu_items` (`id`, `menu_id`, `menu`, `page_id`, `parent_id`, `ext_url`, `open_new_tab`, `ext_url_link`, `slug`, `weight`, `publish`, `description`, `is_active`, `created_at`) VALUES (4, 1, 'Online Admission', 0, 0, '1', NULL, 'https://test.cyberdetox.in/online_admission', 'online-admission', 2, 0, NULL, 'no', '2023-09-02 11:12:27');


#
# TABLE STRUCTURE FOR: front_cms_menus
#

DROP TABLE IF EXISTS `front_cms_menus`;

CREATE TABLE `front_cms_menus` (
  `id` int(11) NOT NULL AUTO_INCREMENT,
  `menu` varchar(100) DEFAULT NULL,
  `slug` varchar(200) DEFAULT NULL,
  `description` text,
  `open_new_tab` int(10) NOT NULL DEFAULT '0',
  `ext_url` text NOT NULL,
  `ext_url_link` text NOT NULL,
  `publish` int(11) NOT NULL DEFAULT '0',
  `content_type` varchar(10) NOT NULL DEFAULT 'manual',
  `is_active` varchar(10) DEFAULT 'no',
  `created_at` timestamp NOT NULL DEFAULT CURRENT_TIMESTAMP ON UPDATE CURRENT_TIMESTAMP,
  PRIMARY KEY (`id`)
) ENGINE=InnoDB AUTO_INCREMENT=4 DEFAULT CHARSET=utf8;

INSERT INTO `front_cms_menus` (`id`, `menu`, `slug`, `description`, `open_new_tab`, `ext_url`, `ext_url_link`, `publish`, `content_type`, `is_active`, `created_at`) VALUES (1, 'Main Menu', 'main-menu', 'Main menu', 0, '', '', 0, 'default', 'no', '2018-04-20 20:24:49');
INSERT INTO `front_cms_menus` (`id`, `menu`, `slug`, `description`, `open_new_tab`, `ext_url`, `ext_url_link`, `publish`, `content_type`, `is_active`, `created_at`) VALUES (2, 'Bottom Menu', 'bottom-menu', 'Bottom Menu', 0, '', '', 0, 'default', 'no', '2018-04-20 20:24:55');
INSERT INTO `front_cms_menus` (`id`, `menu`, `slug`, `description`, `open_new_tab`, `ext_url`, `ext_url_link`, `publish`, `content_type`, `is_active`, `created_at`) VALUES (3, 'Top menu', 'top-menu', '', 0, '', '', 0, 'manual', 'no', '2023-09-02 10:35:45');


#
# TABLE STRUCTURE FOR: front_cms_page_contents
#

DROP TABLE IF EXISTS `front_cms_page_contents`;

CREATE TABLE `front_cms_page_contents` (
  `id` int(11) NOT NULL AUTO_INCREMENT,
  `page_id` int(11) DEFAULT NULL,
  `content_type` varchar(50) DEFAULT NULL,
  `created_at` timestamp NOT NULL DEFAULT CURRENT_TIMESTAMP ON UPDATE CURRENT_TIMESTAMP,
  PRIMARY KEY (`id`),
  KEY `page_id` (`page_id`),
  CONSTRAINT `front_cms_page_contents_ibfk_1` FOREIGN KEY (`page_id`) REFERENCES `front_cms_pages` (`id`) ON DELETE CASCADE
) ENGINE=InnoDB DEFAULT CHARSET=utf8;

#
# TABLE STRUCTURE FOR: front_cms_pages
#

DROP TABLE IF EXISTS `front_cms_pages`;

CREATE TABLE `front_cms_pages` (
  `id` int(11) NOT NULL AUTO_INCREMENT,
  `page_type` varchar(10) NOT NULL DEFAULT 'manual',
  `is_homepage` int(1) DEFAULT '0',
  `title` varchar(250) DEFAULT NULL,
  `url` varchar(250) DEFAULT NULL,
  `type` varchar(50) DEFAULT NULL,
  `slug` varchar(200) DEFAULT NULL,
  `meta_title` text,
  `meta_description` text,
  `meta_keyword` text,
  `feature_image` varchar(200) NOT NULL,
  `description` longtext,
  `publish_date` date DEFAULT NULL,
  `publish` int(10) DEFAULT '0',
  `sidebar` int(10) DEFAULT '0',
  `is_active` varchar(10) DEFAULT 'no',
  `created_at` timestamp NOT NULL DEFAULT CURRENT_TIMESTAMP ON UPDATE CURRENT_TIMESTAMP,
  PRIMARY KEY (`id`)
) ENGINE=InnoDB AUTO_INCREMENT=5 DEFAULT CHARSET=utf8;

INSERT INTO `front_cms_pages` (`id`, `page_type`, `is_homepage`, `title`, `url`, `type`, `slug`, `meta_title`, `meta_description`, `meta_keyword`, `feature_image`, `description`, `publish_date`, `publish`, `sidebar`, `is_active`, `created_at`) VALUES (1, 'default', 1, 'Home', 'page/home', 'page', 'home', '', '', '', '', '<p>sunil pages</p>', '0000-00-00', 1, NULL, 'no', '2023-09-01 21:32:47');
INSERT INTO `front_cms_pages` (`id`, `page_type`, `is_homepage`, `title`, `url`, `type`, `slug`, `meta_title`, `meta_description`, `meta_keyword`, `feature_image`, `description`, `publish_date`, `publish`, `sidebar`, `is_active`, `created_at`) VALUES (2, 'default', 0, 'Complain', 'page/complain', 'page', 'complain', 'Complain form', '                                                                                                                                                                                    complain form                                                                                                                                                                                                                                ', 'complain form', '', '<p>[form-builder:complain]</p>', '0000-00-00', 1, NULL, 'no', '2019-11-13 15:46:36');
INSERT INTO `front_cms_pages` (`id`, `page_type`, `is_homepage`, `title`, `url`, `type`, `slug`, `meta_title`, `meta_description`, `meta_keyword`, `feature_image`, `description`, `publish_date`, `publish`, `sidebar`, `is_active`, `created_at`) VALUES (3, 'default', 0, '404 page', 'page/404-page', 'page', '404-page', '', '                                ', '', '', '<html>\r\n<head>\r\n <title></title>\r\n</head>\r\n<body>\r\n<p>404 page found</p>\r\n</body>\r\n</html>', '0000-00-00', 0, NULL, 'no', '2018-05-18 20:16:04');
INSERT INTO `front_cms_pages` (`id`, `page_type`, `is_homepage`, `title`, `url`, `type`, `slug`, `meta_title`, `meta_description`, `meta_keyword`, `feature_image`, `description`, `publish_date`, `publish`, `sidebar`, `is_active`, `created_at`) VALUES (4, 'default', 0, 'Contact us', 'page/contact-us', 'page', 'contact-us', '', '', '', '', '<section class=\"contact\">\r\n<div class=\"container\">\r\n<div class=\"row\">\r\n<h2 class=\"col-md-12 col-sm-12\">Send In Your Query</h2>\r\n\r\n<p>&nbsp;</p>\r\n\r\n<div class=\"col-md-12 col-sm-12\">[form-builder:contact_us]<!--./row--></div>\r\n<!--./col-md-12--></div>\r\n<!--./row--></div>\r\n<!--./container--></section>\r\n\r\n<div class=\"col-md-4 col-sm-4\">\r\n<div class=\"contact-item\"><img src=\"http://192.168.1.81/repos/smartschool/uploads/gallery/media/pin.svg\" />\r\n<h3>Our Location</h3>\r\n\r\n<p>350 Fifth Avenue, 34th floor New York NY 10118-3299 USA</p>\r\n</div>\r\n<!--./contact-item--></div>\r\n<!--./col-md-4-->\r\n\r\n<div class=\"col-md-4 col-sm-4\">\r\n<div class=\"contact-item\"><img src=\"http://192.168.1.81/repos/smartschool/uploads/gallery/media/phone.svg\" />\r\n<h3>CALL US</h3>\r\n\r\n<p>E-mail : info@abcschool.com</p>\r\n\r\n<p>Mobile : +91-9009987654</p>\r\n</div>\r\n<!--./contact-item--></div>\r\n<!--./col-md-4-->\r\n\r\n<div class=\"col-md-4 col-sm-4\">\r\n<div class=\"contact-item\"><img src=\"http://192.168.1.81/repos/smartschool/uploads/gallery/media/clock.svg\" />\r\n<h3>Working Hours</h3>\r\n\r\n<p>Mon-Fri : 9 am to 5 pm</p>\r\n\r\n<p>Sat : 9 am to 3 pm</p>\r\n</div>\r\n<!--./contact-item--></div>\r\n<!--./col-md-4-->\r\n\r\n<div class=\"col-md-12 col-sm-12\">\r\n<div class=\"mapWrapper fullwidth\"><iframe frameborder=\"0\" height=\"500\" marginheight=\"0\" marginwidth=\"0\" scrolling=\"no\" src=\"http://maps.google.com/maps?f=q&source=s_q&hl=EN&q=time+square&aq=&sll=40.716558,-73.931122&sspn=0.40438,1.056747&ie=UTF8&rq=1&ev=p&split=1&radius=33.22&hq=time+square&hnear=&ll=37.061753,-95.677185&spn=0.438347,0.769043&z=9&output=embed\" width=\"100%\"></iframe></div>\r\n</div>', '0000-00-00', 0, NULL, 'no', '2019-05-04 21:16:41');


#
# TABLE STRUCTURE FOR: front_cms_program_photos
#

DROP TABLE IF EXISTS `front_cms_program_photos`;

CREATE TABLE `front_cms_program_photos` (
  `id` int(11) NOT NULL AUTO_INCREMENT,
  `program_id` int(11) DEFAULT NULL,
  `media_gallery_id` int(11) NOT NULL,
  `created_at` timestamp NOT NULL DEFAULT CURRENT_TIMESTAMP ON UPDATE CURRENT_TIMESTAMP,
  PRIMARY KEY (`id`),
  KEY `program_id` (`program_id`),
  CONSTRAINT `front_cms_program_photos_ibfk_1` FOREIGN KEY (`program_id`) REFERENCES `front_cms_programs` (`id`) ON DELETE CASCADE
) ENGINE=InnoDB AUTO_INCREMENT=2 DEFAULT CHARSET=utf8;

INSERT INTO `front_cms_program_photos` (`id`, `program_id`, `media_gallery_id`, `created_at`) VALUES (1, 8, 1, '2023-09-02 10:43:29');


#
# TABLE STRUCTURE FOR: front_cms_programs
#

DROP TABLE IF EXISTS `front_cms_programs`;

CREATE TABLE `front_cms_programs` (
  `id` int(11) NOT NULL AUTO_INCREMENT,
  `type` varchar(50) DEFAULT NULL,
  `slug` varchar(255) DEFAULT NULL,
  `url` text,
  `title` varchar(200) DEFAULT NULL,
  `date` date DEFAULT NULL,
  `event_start` date DEFAULT NULL,
  `event_end` date DEFAULT NULL,
  `event_venue` text,
  `description` text,
  `is_active` varchar(10) DEFAULT 'no',
  `created_at` timestamp NOT NULL DEFAULT CURRENT_TIMESTAMP ON UPDATE CURRENT_TIMESTAMP,
  `meta_title` text NOT NULL,
  `meta_description` text NOT NULL,
  `meta_keyword` text NOT NULL,
  `feature_image` text NOT NULL,
  `publish_date` date DEFAULT NULL,
  `publish` varchar(10) DEFAULT '0',
  `sidebar` int(10) DEFAULT '0',
  PRIMARY KEY (`id`)
) ENGINE=InnoDB AUTO_INCREMENT=9 DEFAULT CHARSET=utf8;

INSERT INTO `front_cms_programs` (`id`, `type`, `slug`, `url`, `title`, `date`, `event_start`, `event_end`, `event_venue`, `description`, `is_active`, `created_at`, `meta_title`, `meta_description`, `meta_keyword`, `feature_image`, `publish_date`, `publish`, `sidebar`) VALUES (1, 'events', 'summer-vacation', 'read/summer-vacation', 'Summer Vacation', NULL, '2023-05-03', '2023-05-30', '', 'Summer vacation is the best time of the year as it gives me a chance to relax and explore new things. It gives me an opportunity to take a break from my daily study routine and adopt new hobbies like gardening, dancing and painting, while also having fun with friends.', 'no', '2023-08-11 18:06:21', '', '', '', '', NULL, '0', NULL);
INSERT INTO `front_cms_programs` (`id`, `type`, `slug`, `url`, `title`, `date`, `event_start`, `event_end`, `event_venue`, `description`, `is_active`, `created_at`, `meta_title`, `meta_description`, `meta_keyword`, `feature_image`, `publish_date`, `publish`, `sidebar`) VALUES (2, 'events', 'sports-events', 'read/sports-events', 'Sports Events', NULL, '2023-01-16', '2023-01-20', 'School', 'Sports Events', 'no', '2023-08-11 18:07:18', '', '', '', '', NULL, '0', NULL);
INSERT INTO `front_cms_programs` (`id`, `type`, `slug`, `url`, `title`, `date`, `event_start`, `event_end`, `event_venue`, `description`, `is_active`, `created_at`, `meta_title`, `meta_description`, `meta_keyword`, `feature_image`, `publish_date`, `publish`, `sidebar`) VALUES (3, 'events', 'annual-function', 'read/annual-function', 'Annual Function', NULL, '2023-03-04', '2023-03-16', 'BK Castle', 'Annual function is the showcase of the entire year.It is the most awaited programme for all students and parents. The program is commenced by lighting of the ceremonial lamp by distinguished personages and the school principal.', 'no', '2023-08-11 18:09:09', '', '', '', '', NULL, '0', NULL);
INSERT INTO `front_cms_programs` (`id`, `type`, `slug`, `url`, `title`, `date`, `event_start`, `event_end`, `event_venue`, `description`, `is_active`, `created_at`, `meta_title`, `meta_description`, `meta_keyword`, `feature_image`, `publish_date`, `publish`, `sidebar`) VALUES (4, 'events', 'school-band-troupe', 'read/school-band-troupe', 'School Band Troupe', NULL, '2019-04-10', '2019-04-10', '', '<p open=\"\" style=\"line-height: 22px;\">MCRS hosts several competitions for fostering the talents and skills of students. The main competitions are as follows:</p>\r\n\r\n<h2 open=\"\" style=\"font-size: 20px; color: rgb(139, 22, 24); font-weight: lighter; margin: 5px 0px 10px;\">Literary Fest</h2>\r\n\r\n<p open=\"\" style=\"line-height: 22px;\">To develop the literary skills of students the Literary Fest is conducted every academic year. Competitions such as essay writing, debates, group discussions, elocutions and many more are conducted during the Literary Fest. Competitions are conducted for juniors and seniors house wise. ‘Literary Genius Award’ goes to the participant who has scored the top marks.<strong><em>&nbsp;‘</em></strong>Best House-Literary’- Rolling trophy presented to the house that scores the highest point in Literary Fest.</p>', 'no', '2023-08-11 18:10:22', '', '', '', '', NULL, '0', NULL);
INSERT INTO `front_cms_programs` (`id`, `type`, `slug`, `url`, `title`, `date`, `event_start`, `event_end`, `event_venue`, `description`, `is_active`, `created_at`, `meta_title`, `meta_description`, `meta_keyword`, `feature_image`, `publish_date`, `publish`, `sidebar`) VALUES (5, 'events', 'competitions', 'read/competitions', 'Competitions', NULL, '2019-04-10', '2019-04-10', '', '<p><span open=\"\">To develop the literary skills of students the Literary Fest is conducted every academic year. Competitions such as essay writing, debates, group discussions, elocutions and many more are conducted during the Literary Fest. Competitions are conducted for juniors and seniors house wise. ‘Literary Genius Award’ goes to the participant who has scored the top marks.</span><strong open=\"\"><em>&nbsp;‘</em></strong><span open=\"\">Best House-Literary’- Rolling trophy presented to the house that scores the highest point in Literary Fest.</span></p>\r\n\r\n<p><span open=\"\">Students get an opportunity to bring out the artist them. Competitions are held on various art forms, such as dance items, music, mime, fancy dress etc. Competitions are all conducted house wise. The ‘Kalathilakam’ and ‘Kalaprathibha’ awards are presented to the girl and boy participant respectively, who scores the top points for the Arts Fest.</span><strong open=\"\"><em>&nbsp;‘</em></strong><span open=\"\">Best House -Arts t’- Rolling trophy is presented to the house that scores the highest point in Arts Fest.</span></p>', 'no', '2023-08-11 18:11:16', '', '', '', '', NULL, '0', NULL);
INSERT INTO `front_cms_programs` (`id`, `type`, `slug`, `url`, `title`, `date`, `event_start`, `event_end`, `event_venue`, `description`, `is_active`, `created_at`, `meta_title`, `meta_description`, `meta_keyword`, `feature_image`, `publish_date`, `publish`, `sidebar`) VALUES (6, 'gallery', 'ertyjk', 'read/ertyjk', 'ertyjk', NULL, NULL, NULL, NULL, 'sxdcfgvbn&nbsp;', 'no', '2023-09-02 10:29:57', '', '', '', '', NULL, '0', NULL);
INSERT INTO `front_cms_programs` (`id`, `type`, `slug`, `url`, `title`, `date`, `event_start`, `event_end`, `event_venue`, `description`, `is_active`, `created_at`, `meta_title`, `meta_description`, `meta_keyword`, `feature_image`, `publish_date`, `publish`, `sidebar`) VALUES (7, 'notice', 'mnbvcxz', 'read/mnbvcxz', 'mnbvcxz', '2023-09-02', NULL, NULL, NULL, 'hgfds', 'no', '2023-09-02 10:31:08', '', '', '', '', NULL, '0', NULL);
INSERT INTO `front_cms_programs` (`id`, `type`, `slug`, `url`, `title`, `date`, `event_start`, `event_end`, `event_venue`, `description`, `is_active`, `created_at`, `meta_title`, `meta_description`, `meta_keyword`, `feature_image`, `publish_date`, `publish`, `sidebar`) VALUES (8, 'banner', NULL, NULL, 'Banner Images', NULL, NULL, NULL, NULL, NULL, 'no', '2023-09-02 10:43:29', '', '', '', '', NULL, '0', 0);


#
# TABLE STRUCTURE FOR: front_cms_settings
#

DROP TABLE IF EXISTS `front_cms_settings`;

CREATE TABLE `front_cms_settings` (
  `id` int(11) NOT NULL AUTO_INCREMENT,
  `theme` varchar(50) DEFAULT NULL,
  `is_active_rtl` int(10) DEFAULT '0',
  `is_active_front_cms` int(11) DEFAULT '0',
  `is_active_sidebar` int(1) DEFAULT '0',
  `logo` varchar(200) DEFAULT NULL,
  `contact_us_email` varchar(100) DEFAULT NULL,
  `complain_form_email` varchar(100) DEFAULT NULL,
  `sidebar_options` text NOT NULL,
  `whatsapp_url` varchar(255) NOT NULL,
  `fb_url` varchar(200) NOT NULL,
  `twitter_url` varchar(200) NOT NULL,
  `youtube_url` varchar(200) NOT NULL,
  `google_plus` varchar(200) NOT NULL,
  `instagram_url` varchar(200) NOT NULL,
  `pinterest_url` varchar(200) NOT NULL,
  `linkedin_url` varchar(200) NOT NULL,
  `google_analytics` text,
  `footer_text` varchar(500) DEFAULT NULL,
  `cookie_consent` varchar(255) NOT NULL,
  `fav_icon` varchar(250) DEFAULT NULL,
  `created_at` timestamp NOT NULL DEFAULT CURRENT_TIMESTAMP ON UPDATE CURRENT_TIMESTAMP,
  PRIMARY KEY (`id`)
) ENGINE=InnoDB AUTO_INCREMENT=2 DEFAULT CHARSET=utf8;

INSERT INTO `front_cms_settings` (`id`, `theme`, `is_active_rtl`, `is_active_front_cms`, `is_active_sidebar`, `logo`, `contact_us_email`, `complain_form_email`, `sidebar_options`, `whatsapp_url`, `fb_url`, `twitter_url`, `youtube_url`, `google_plus`, `instagram_url`, `pinterest_url`, `linkedin_url`, `google_analytics`, `footer_text`, `cookie_consent`, `fav_icon`, `created_at`) VALUES (1, 'bold_blue', NULL, 1, NULL, './uploads/school_content/logo/1693069638-87663787564ea3146e02d0!Asset 7xxhdpi.png', '', '', '[\"news\",\"complain\"]', '', '', '', '', '', '', '', '', '', '', '', './uploads/school_content/logo/1692864475-132251643464e70fdb3d1ed!faviconldpi.png', '2023-08-26 22:37:18');


#
# TABLE STRUCTURE FOR: gateway_ins
#

DROP TABLE IF EXISTS `gateway_ins`;

CREATE TABLE `gateway_ins` (
  `id` int(11) NOT NULL AUTO_INCREMENT,
  `online_admission_id` int(11) DEFAULT NULL,
  `gateway_name` varchar(50) NOT NULL,
  `module_type` varchar(255) NOT NULL,
  `unique_id` varchar(255) NOT NULL,
  `parameter_details` mediumtext NOT NULL,
  `payment_status` varchar(255) NOT NULL,
  `created_at` timestamp NOT NULL DEFAULT CURRENT_TIMESTAMP ON UPDATE CURRENT_TIMESTAMP,
  PRIMARY KEY (`id`),
  KEY `online_admission_id` (`online_admission_id`),
  CONSTRAINT `gateway_ins_ibfk_1` FOREIGN KEY (`online_admission_id`) REFERENCES `online_admissions` (`id`) ON DELETE CASCADE
) ENGINE=InnoDB DEFAULT CHARSET=utf8;

#
# TABLE STRUCTURE FOR: gateway_ins_response
#

DROP TABLE IF EXISTS `gateway_ins_response`;

CREATE TABLE `gateway_ins_response` (
  `id` int(11) NOT NULL AUTO_INCREMENT,
  `gateway_ins_id` int(11) DEFAULT NULL,
  `posted_data` text,
  `response` text,
  `created_at` timestamp NOT NULL DEFAULT CURRENT_TIMESTAMP ON UPDATE CURRENT_TIMESTAMP,
  PRIMARY KEY (`id`),
  KEY `gateway_ins_id` (`gateway_ins_id`),
  CONSTRAINT `gateway_ins_response_ibfk_1` FOREIGN KEY (`gateway_ins_id`) REFERENCES `gateway_ins` (`id`) ON DELETE CASCADE
) ENGINE=InnoDB DEFAULT CHARSET=utf8;

#
# TABLE STRUCTURE FOR: general_calls
#

DROP TABLE IF EXISTS `general_calls`;

CREATE TABLE `general_calls` (
  `id` int(11) NOT NULL AUTO_INCREMENT,
  `name` varchar(100) NOT NULL,
  `contact` varchar(12) NOT NULL,
  `date` date NOT NULL,
  `description` varchar(500) NOT NULL,
  `follow_up_date` date NOT NULL,
  `call_duration` varchar(50) NOT NULL,
  `note` text NOT NULL,
  `call_type` varchar(20) NOT NULL,
  `created_at` timestamp NOT NULL DEFAULT CURRENT_TIMESTAMP,
  PRIMARY KEY (`id`)
) ENGINE=InnoDB AUTO_INCREMENT=10 DEFAULT CHARSET=utf8;

INSERT INTO `general_calls` (`id`, `name`, `contact`, `date`, `description`, `follow_up_date`, `call_duration`, `note`, `call_type`, `created_at`) VALUES (1, 'National Cadet Corps	', '215645231', '2023-08-30', '', '2023-08-31', '35', '', 'Incoming', '2023-08-11 16:54:50');
INSERT INTO `general_calls` (`id`, `name`, `contact`, `date`, `description`, `follow_up_date`, `call_duration`, `note`, `call_type`, `created_at`) VALUES (2, 'NCC Camp Office', '5445255554', '2023-08-25', '', '2023-08-29', '40', '', 'Outgoing', '2023-08-11 16:55:18');
INSERT INTO `general_calls` (`id`, `name`, `contact`, `date`, `description`, `follow_up_date`, `call_duration`, `note`, `call_type`, `created_at`) VALUES (3, 'Principal Office	', '256484412', '2023-08-20', '', '2023-08-24', '40', '', 'Incoming', '2023-08-11 16:55:53');
INSERT INTO `general_calls` (`id`, `name`, `contact`, `date`, `description`, `follow_up_date`, `call_duration`, `note`, `call_type`, `created_at`) VALUES (4, 'Cleaning Services	', '54887421541', '2023-08-15', '', '2023-08-19', '40', '', 'Outgoing', '2023-08-11 16:56:28');
INSERT INTO `general_calls` (`id`, `name`, `contact`, `date`, `description`, `follow_up_date`, `call_duration`, `note`, `call_type`, `created_at`) VALUES (5, 'School Health Check-Up	', '544465456442', '2023-08-10', '', '2023-08-14', '45', '', 'Incoming', '2023-08-11 16:57:01');
INSERT INTO `general_calls` (`id`, `name`, `contact`, `date`, `description`, `follow_up_date`, `call_duration`, `note`, `call_type`, `created_at`) VALUES (6, 'Sports Games	', '88798545', '2023-08-05', '', '2023-08-09', '', '', 'Outgoing', '2023-08-11 16:57:34');
INSERT INTO `general_calls` (`id`, `name`, `contact`, `date`, `description`, `follow_up_date`, `call_duration`, `note`, `call_type`, `created_at`) VALUES (7, 'Telephone office	', '5465485', '2023-08-01', '', '2023-08-04', '40', '', 'Incoming', '2023-08-11 16:58:07');
INSERT INTO `general_calls` (`id`, `name`, `contact`, `date`, `description`, `follow_up_date`, `call_duration`, `note`, `call_type`, `created_at`) VALUES (8, 'Class room Cleaning	', '568485451', '2023-07-30', '', '2023-07-31', '40', '', 'Outgoing', '2023-08-11 16:59:20');
INSERT INTO `general_calls` (`id`, `name`, `contact`, `date`, `description`, `follow_up_date`, `call_duration`, `note`, `call_type`, `created_at`) VALUES (9, 'Marketing Manager	', '5486451', '2023-07-25', '', '2023-07-29', '50', '', 'Incoming', '2023-08-11 16:59:57');


#
# TABLE STRUCTURE FOR: grades
#

DROP TABLE IF EXISTS `grades`;

CREATE TABLE `grades` (
  `id` int(11) NOT NULL AUTO_INCREMENT,
  `exam_type` varchar(250) DEFAULT NULL,
  `name` varchar(100) DEFAULT NULL,
  `point` float(10,1) DEFAULT NULL,
  `mark_from` float(10,2) DEFAULT NULL,
  `mark_upto` float(10,2) DEFAULT NULL,
  `description` text,
  `is_active` varchar(255) DEFAULT 'no',
  `created_at` timestamp NOT NULL DEFAULT CURRENT_TIMESTAMP ON UPDATE CURRENT_TIMESTAMP,
  `updated_at` date DEFAULT NULL,
  PRIMARY KEY (`id`)
) ENGINE=InnoDB AUTO_INCREMENT=18 DEFAULT CHARSET=utf8;

INSERT INTO `grades` (`id`, `exam_type`, `name`, `point`, `mark_from`, `mark_upto`, `description`, `is_active`, `created_at`, `updated_at`) VALUES (1, 'basic_system', 'B-', '0.0', '40.00', '0.00', '', 'no', '2023-08-24 07:16:38', NULL);
INSERT INTO `grades` (`id`, `exam_type`, `name`, `point`, `mark_from`, `mark_upto`, `description`, `is_active`, `created_at`, `updated_at`) VALUES (2, 'basic_system', 'B', '0.0', '50.00', '40.00', '', 'no', '2023-08-24 07:17:00', NULL);
INSERT INTO `grades` (`id`, `exam_type`, `name`, `point`, `mark_from`, `mark_upto`, `description`, `is_active`, `created_at`, `updated_at`) VALUES (3, 'basic_system', 'B+', '0.0', '60.00', '50.00', '', 'no', '2023-08-24 07:17:34', NULL);
INSERT INTO `grades` (`id`, `exam_type`, `name`, `point`, `mark_from`, `mark_upto`, `description`, `is_active`, `created_at`, `updated_at`) VALUES (4, 'basic_system', 'B++', '0.0', '70.00', '60.00', '', 'no', '2023-08-24 07:18:08', NULL);
INSERT INTO `grades` (`id`, `exam_type`, `name`, `point`, `mark_from`, `mark_upto`, `description`, `is_active`, `created_at`, `updated_at`) VALUES (5, 'basic_system', 'A', '0.0', '80.00', '70.00', '', 'no', '2023-08-24 07:18:34', NULL);
INSERT INTO `grades` (`id`, `exam_type`, `name`, `point`, `mark_from`, `mark_upto`, `description`, `is_active`, `created_at`, `updated_at`) VALUES (6, 'school_grade_system', 'B-', '0.0', '40.00', '0.00', '', 'no', '2023-08-24 07:20:30', NULL);
INSERT INTO `grades` (`id`, `exam_type`, `name`, `point`, `mark_from`, `mark_upto`, `description`, `is_active`, `created_at`, `updated_at`) VALUES (7, 'school_grade_system', 'B', '0.0', '50.00', '40.00', '', 'no', '2023-08-24 07:20:56', NULL);
INSERT INTO `grades` (`id`, `exam_type`, `name`, `point`, `mark_from`, `mark_upto`, `description`, `is_active`, `created_at`, `updated_at`) VALUES (8, 'school_grade_system', 'B', '0.0', '50.00', '40.00', '', 'no', '2023-08-24 07:21:20', NULL);
INSERT INTO `grades` (`id`, `exam_type`, `name`, `point`, `mark_from`, `mark_upto`, `description`, `is_active`, `created_at`, `updated_at`) VALUES (9, 'school_grade_system', 'A++', '0.0', '100.00', '90.00', '', 'no', '2023-08-24 07:21:52', NULL);
INSERT INTO `grades` (`id`, `exam_type`, `name`, `point`, `mark_from`, `mark_upto`, `description`, `is_active`, `created_at`, `updated_at`) VALUES (10, 'coll_grade_system', 'B+', '0.0', '60.00', '50.00', '', 'no', '2023-08-24 07:22:49', NULL);
INSERT INTO `grades` (`id`, `exam_type`, `name`, `point`, `mark_from`, `mark_upto`, `description`, `is_active`, `created_at`, `updated_at`) VALUES (11, 'coll_grade_system', 'A', '0.0', '80.00', '70.00', '', 'no', '2023-08-24 07:23:18', NULL);
INSERT INTO `grades` (`id`, `exam_type`, `name`, `point`, `mark_from`, `mark_upto`, `description`, `is_active`, `created_at`, `updated_at`) VALUES (12, 'gpa', 'A+', '4.5', '100.00', '90.00', '', 'no', '2023-08-24 07:23:48', NULL);
INSERT INTO `grades` (`id`, `exam_type`, `name`, `point`, `mark_from`, `mark_upto`, `description`, `is_active`, `created_at`, `updated_at`) VALUES (13, 'gpa', 'B+', '3.5', '80.00', '70.00', '', 'no', '2023-08-24 07:24:19', NULL);
INSERT INTO `grades` (`id`, `exam_type`, `name`, `point`, `mark_from`, `mark_upto`, `description`, `is_active`, `created_at`, `updated_at`) VALUES (14, 'gpa', 'C+', '2.5', '60.00', '50.00', '', 'no', '2023-08-24 07:24:51', NULL);
INSERT INTO `grades` (`id`, `exam_type`, `name`, `point`, `mark_from`, `mark_upto`, `description`, `is_active`, `created_at`, `updated_at`) VALUES (15, 'average_passing', 'A+', '0.0', '100.00', '90.00', '', 'no', '2023-08-24 07:25:21', NULL);
INSERT INTO `grades` (`id`, `exam_type`, `name`, `point`, `mark_from`, `mark_upto`, `description`, `is_active`, `created_at`, `updated_at`) VALUES (16, 'average_passing', 'B+', '0.0', '80.00', '70.00', '', 'no', '2023-08-24 07:25:49', NULL);
INSERT INTO `grades` (`id`, `exam_type`, `name`, `point`, `mark_from`, `mark_upto`, `description`, `is_active`, `created_at`, `updated_at`) VALUES (17, 'average_passing', 'C+', '0.0', '60.00', '50.00', '', 'no', '2023-08-24 07:26:24', NULL);


#
# TABLE STRUCTURE FOR: homework
#

DROP TABLE IF EXISTS `homework`;

CREATE TABLE `homework` (
  `id` int(11) NOT NULL AUTO_INCREMENT,
  `class_id` int(11) NOT NULL,
  `section_id` int(11) NOT NULL,
  `session_id` int(10) NOT NULL,
  `staff_id` int(11) NOT NULL,
  `subject_group_subject_id` int(11) DEFAULT NULL,
  `subject_id` int(11) DEFAULT NULL,
  `homework_date` date NOT NULL,
  `submit_date` date NOT NULL,
  `marks` float(10,2) DEFAULT NULL,
  `description` text,
  `create_date` date NOT NULL,
  `evaluation_date` date DEFAULT NULL,
  `document` varchar(200) DEFAULT NULL,
  `created_by` int(11) NOT NULL,
  `evaluated_by` int(11) DEFAULT NULL,
  `created_at` timestamp NULL DEFAULT CURRENT_TIMESTAMP,
  PRIMARY KEY (`id`),
  KEY `subject_group_subject_id` (`subject_group_subject_id`),
  KEY `class_id` (`class_id`),
  KEY `section_id` (`section_id`),
  KEY `session_id` (`session_id`),
  KEY `staff_id` (`staff_id`),
  KEY `subject_id` (`subject_id`),
  KEY `evaluated_by` (`evaluated_by`),
  KEY `created_by` (`created_by`),
  CONSTRAINT `homework_ibfk_1` FOREIGN KEY (`subject_group_subject_id`) REFERENCES `subject_group_subjects` (`id`) ON DELETE CASCADE,
  CONSTRAINT `homework_ibfk_2` FOREIGN KEY (`class_id`) REFERENCES `classes` (`id`) ON DELETE CASCADE,
  CONSTRAINT `homework_ibfk_3` FOREIGN KEY (`section_id`) REFERENCES `sections` (`id`) ON DELETE CASCADE,
  CONSTRAINT `homework_ibfk_4` FOREIGN KEY (`session_id`) REFERENCES `sessions` (`id`) ON DELETE CASCADE,
  CONSTRAINT `homework_ibfk_5` FOREIGN KEY (`staff_id`) REFERENCES `staff` (`id`) ON DELETE CASCADE,
  CONSTRAINT `homework_ibfk_6` FOREIGN KEY (`subject_id`) REFERENCES `subjects` (`id`) ON DELETE CASCADE,
  CONSTRAINT `homework_ibfk_7` FOREIGN KEY (`evaluated_by`) REFERENCES `staff` (`id`) ON DELETE CASCADE,
  CONSTRAINT `homework_ibfk_8` FOREIGN KEY (`created_by`) REFERENCES `staff` (`id`) ON DELETE CASCADE
) ENGINE=InnoDB DEFAULT CHARSET=utf8;

#
# TABLE STRUCTURE FOR: homework_evaluation
#

DROP TABLE IF EXISTS `homework_evaluation`;

CREATE TABLE `homework_evaluation` (
  `id` int(11) NOT NULL AUTO_INCREMENT,
  `homework_id` int(11) NOT NULL,
  `student_id` int(11) NOT NULL,
  `student_session_id` int(11) DEFAULT NULL,
  `marks` float(10,2) DEFAULT NULL,
  `note` varchar(255) NOT NULL,
  `date` date NOT NULL,
  `status` varchar(100) NOT NULL,
  `created_at` timestamp NOT NULL DEFAULT CURRENT_TIMESTAMP ON UPDATE CURRENT_TIMESTAMP,
  PRIMARY KEY (`id`),
  KEY `homework_id` (`homework_id`),
  KEY `student_id` (`student_id`),
  KEY `student_session_id` (`student_session_id`),
  CONSTRAINT `homework_evaluation_ibfk_1` FOREIGN KEY (`homework_id`) REFERENCES `homework` (`id`) ON DELETE CASCADE,
  CONSTRAINT `homework_evaluation_ibfk_2` FOREIGN KEY (`student_id`) REFERENCES `students` (`id`) ON DELETE CASCADE,
  CONSTRAINT `homework_evaluation_ibfk_3` FOREIGN KEY (`student_session_id`) REFERENCES `student_session` (`id`) ON DELETE CASCADE
) ENGINE=InnoDB DEFAULT CHARSET=utf8;

#
# TABLE STRUCTURE FOR: hostel
#

DROP TABLE IF EXISTS `hostel`;

CREATE TABLE `hostel` (
  `id` int(11) NOT NULL AUTO_INCREMENT,
  `hostel_name` varchar(100) DEFAULT NULL,
  `type` varchar(50) DEFAULT NULL,
  `address` text,
  `intake` int(11) DEFAULT NULL,
  `description` text,
  `is_active` varchar(255) DEFAULT 'no',
  `created_at` timestamp NOT NULL DEFAULT CURRENT_TIMESTAMP ON UPDATE CURRENT_TIMESTAMP,
  `updated_at` date DEFAULT NULL,
  PRIMARY KEY (`id`)
) ENGINE=InnoDB AUTO_INCREMENT=5 DEFAULT CHARSET=utf8;

INSERT INTO `hostel` (`id`, `hostel_name`, `type`, `address`, `intake`, `description`, `is_active`, `created_at`, `updated_at`) VALUES (1, 'Boys Hostel 101', 'Boys', 'School Campus	', 200, '', 'no', '2023-08-11 17:27:42', NULL);
INSERT INTO `hostel` (`id`, `hostel_name`, `type`, `address`, `intake`, `description`, `is_active`, `created_at`, `updated_at`) VALUES (2, 'Boys Hostel 102', 'Boys', 'School Campus	', 200, '', 'no', '2023-08-11 17:28:12', NULL);
INSERT INTO `hostel` (`id`, `hostel_name`, `type`, `address`, `intake`, `description`, `is_active`, `created_at`, `updated_at`) VALUES (3, 'Girls Hostel 103', 'Girls', 'School Campus	', 150, '', 'no', '2023-08-11 17:28:31', NULL);
INSERT INTO `hostel` (`id`, `hostel_name`, `type`, `address`, `intake`, `description`, `is_active`, `created_at`, `updated_at`) VALUES (4, 'Girls Hostel 104', 'Girls', 'School Campus	', 150, '', 'no', '2023-08-11 17:28:55', NULL);


#
# TABLE STRUCTURE FOR: hostel_rooms
#

DROP TABLE IF EXISTS `hostel_rooms`;

CREATE TABLE `hostel_rooms` (
  `id` int(11) NOT NULL AUTO_INCREMENT,
  `hostel_id` int(11) DEFAULT NULL,
  `room_type_id` int(11) DEFAULT NULL,
  `room_no` varchar(200) DEFAULT NULL,
  `no_of_bed` int(11) DEFAULT NULL,
  `cost_per_bed` float(10,2) DEFAULT '0.00',
  `title` varchar(200) DEFAULT NULL,
  `description` text,
  `created_at` timestamp NOT NULL DEFAULT CURRENT_TIMESTAMP ON UPDATE CURRENT_TIMESTAMP,
  PRIMARY KEY (`id`),
  KEY `hostel_id` (`hostel_id`),
  KEY `room_type_id` (`room_type_id`),
  CONSTRAINT `hostel_rooms_ibfk_1` FOREIGN KEY (`hostel_id`) REFERENCES `hostel` (`id`) ON DELETE CASCADE,
  CONSTRAINT `hostel_rooms_ibfk_2` FOREIGN KEY (`room_type_id`) REFERENCES `room_types` (`id`) ON DELETE CASCADE
) ENGINE=InnoDB AUTO_INCREMENT=9 DEFAULT CHARSET=utf8;

INSERT INTO `hostel_rooms` (`id`, `hostel_id`, `room_type_id`, `room_no`, `no_of_bed`, `cost_per_bed`, `title`, `description`, `created_at`) VALUES (1, 1, 1, 'B1', 1, '300.00', NULL, '', '2023-08-11 17:31:54');
INSERT INTO `hostel_rooms` (`id`, `hostel_id`, `room_type_id`, `room_no`, `no_of_bed`, `cost_per_bed`, `title`, `description`, `created_at`) VALUES (2, 1, 1, 'B3', 1, '500.00', NULL, '', '2023-08-11 17:32:28');
INSERT INTO `hostel_rooms` (`id`, `hostel_id`, `room_type_id`, `room_no`, `no_of_bed`, `cost_per_bed`, `title`, `description`, `created_at`) VALUES (3, 1, 1, 'G1', 1, '340.00', NULL, '', '2023-08-11 17:33:02');
INSERT INTO `hostel_rooms` (`id`, `hostel_id`, `room_type_id`, `room_no`, `no_of_bed`, `cost_per_bed`, `title`, `description`, `created_at`) VALUES (4, 2, 2, 'B2', 2, '1000.00', NULL, '', '2023-08-11 17:33:31');
INSERT INTO `hostel_rooms` (`id`, `hostel_id`, `room_type_id`, `room_no`, `no_of_bed`, `cost_per_bed`, `title`, `description`, `created_at`) VALUES (5, 2, 4, 'B4', 1, '1200.00', NULL, '', '2023-08-11 17:33:52');
INSERT INTO `hostel_rooms` (`id`, `hostel_id`, `room_type_id`, `room_no`, `no_of_bed`, `cost_per_bed`, `title`, `description`, `created_at`) VALUES (6, 3, 2, 'G3', 2, '500.00', NULL, '', '2023-08-11 17:34:12');
INSERT INTO `hostel_rooms` (`id`, `hostel_id`, `room_type_id`, `room_no`, `no_of_bed`, `cost_per_bed`, `title`, `description`, `created_at`) VALUES (7, 4, 1, 'G2', 1, '300.00', NULL, '', '2023-08-11 17:34:30');
INSERT INTO `hostel_rooms` (`id`, `hostel_id`, `room_type_id`, `room_no`, `no_of_bed`, `cost_per_bed`, `title`, `description`, `created_at`) VALUES (8, 4, 3, 'G4', 2, '300.00', NULL, '', '2023-08-11 17:34:49');


#
# TABLE STRUCTURE FOR: id_card
#

DROP TABLE IF EXISTS `id_card`;

CREATE TABLE `id_card` (
  `id` int(11) NOT NULL AUTO_INCREMENT,
  `title` varchar(100) NOT NULL,
  `school_name` varchar(100) NOT NULL,
  `school_address` varchar(500) NOT NULL,
  `background` varchar(100) NOT NULL,
  `logo` varchar(100) NOT NULL,
  `sign_image` varchar(100) NOT NULL,
  `enable_vertical_card` int(11) NOT NULL DEFAULT '0',
  `header_color` varchar(100) NOT NULL,
  `enable_admission_no` tinyint(1) NOT NULL COMMENT '0=disable,1=enable',
  `enable_student_name` tinyint(1) NOT NULL COMMENT '0=disable,1=enable',
  `enable_class` tinyint(1) NOT NULL COMMENT '0=disable,1=enable',
  `enable_fathers_name` tinyint(1) NOT NULL COMMENT '0=disable,1=enable',
  `enable_mothers_name` tinyint(1) NOT NULL COMMENT '0=disable,1=enable',
  `enable_address` tinyint(1) NOT NULL COMMENT '0=disable,1=enable',
  `enable_phone` tinyint(1) NOT NULL COMMENT '0=disable,1=enable',
  `enable_dob` tinyint(1) NOT NULL COMMENT '0=disable,1=enable',
  `enable_blood_group` tinyint(1) NOT NULL COMMENT '0=disable,1=enable',
  `enable_student_barcode` tinyint(4) NOT NULL DEFAULT '1' COMMENT '0=disable,1=enable',
  `status` tinyint(1) NOT NULL COMMENT '0=disable,1=enable',
  PRIMARY KEY (`id`)
) ENGINE=InnoDB AUTO_INCREMENT=3 DEFAULT CHARSET=utf8;

INSERT INTO `id_card` (`id`, `title`, `school_name`, `school_address`, `background`, `logo`, `sign_image`, `enable_vertical_card`, `header_color`, `enable_admission_no`, `enable_student_name`, `enable_class`, `enable_fathers_name`, `enable_mothers_name`, `enable_address`, `enable_phone`, `enable_dob`, `enable_blood_group`, `enable_student_barcode`, `status`) VALUES (1, 'Sample Student Identity Card Horizontal', 'Mount Carmel School', '110 Kings Street, CA  Phone: 456542 Email: mount@gmail.com', 'samplebackground12.png', 'samplelogo12.png', 'samplesign12.png', 0, '#595959', 1, 1, 1, 1, 0, 1, 1, 1, 1, 1, 1);
INSERT INTO `id_card` (`id`, `title`, `school_name`, `school_address`, `background`, `logo`, `sign_image`, `enable_vertical_card`, `header_color`, `enable_admission_no`, `enable_student_name`, `enable_class`, `enable_fathers_name`, `enable_mothers_name`, `enable_address`, `enable_phone`, `enable_dob`, `enable_blood_group`, `enable_student_barcode`, `status`) VALUES (2, 'Sample Student Identity Card Vertical', 'Mount Carmel School', '110 Kings Street, CA  Phone: 456542 Email: mount@gmail.com', 'samplebackground12.png', 'samplelogo12.png', 'samplesign12.png', 1, '#595959', 1, 1, 1, 1, 0, 1, 1, 1, 1, 1, 1);


#
# TABLE STRUCTURE FOR: income
#

DROP TABLE IF EXISTS `income`;

CREATE TABLE `income` (
  `id` int(11) NOT NULL AUTO_INCREMENT,
  `income_head_id` int(11) DEFAULT NULL,
  `name` varchar(50) DEFAULT NULL,
  `invoice_no` varchar(200) DEFAULT NULL,
  `date` date DEFAULT NULL,
  `amount` float(10,2) DEFAULT '0.00',
  `note` text,
  `is_active` varchar(255) DEFAULT 'yes',
  `documents` varchar(255) DEFAULT NULL,
  `is_deleted` varchar(255) DEFAULT 'no',
  `created_at` timestamp NOT NULL DEFAULT CURRENT_TIMESTAMP ON UPDATE CURRENT_TIMESTAMP,
  `updated_at` date DEFAULT NULL,
  PRIMARY KEY (`id`),
  KEY `income_head_id` (`income_head_id`),
  CONSTRAINT `income_ibfk_1` FOREIGN KEY (`income_head_id`) REFERENCES `income_head` (`id`) ON DELETE CASCADE
) ENGINE=InnoDB AUTO_INCREMENT=6 DEFAULT CHARSET=utf8;

INSERT INTO `income` (`id`, `income_head_id`, `name`, `invoice_no`, `date`, `amount`, `note`, `is_active`, `documents`, `is_deleted`, `created_at`, `updated_at`) VALUES (1, 3, 'School Function', '5985', '2023-08-31', '300.00', 'Community health seminars present the latest and best information on health topics that matter to you and your family.	', 'yes', NULL, 'no', '2023-08-11 23:34:54', NULL);
INSERT INTO `income` (`id`, `income_head_id`, `name`, `invoice_no`, `date`, `amount`, `note`, `is_active`, `documents`, `is_deleted`, `created_at`, `updated_at`) VALUES (2, 2, 'Shcool Building Rent', '44821', '2023-08-25', '250.00', 'Donation fee is fee which you have to give to make you eligible for admission e.g. there are many management quota seats so for admission	', 'yes', NULL, 'no', '2023-08-11 23:38:28', NULL);
INSERT INTO `income` (`id`, `income_head_id`, `name`, `invoice_no`, `date`, `amount`, `note`, `is_active`, `documents`, `is_deleted`, `created_at`, `updated_at`) VALUES (3, 1, 'School Fees Donation', '84843215', '2023-08-21', '250.00', 'Donation fee is fee which you have to give to make you eligible for admission e.g. there are many management quota seats so for admission', 'yes', NULL, 'no', '2023-08-11 23:39:28', NULL);
INSERT INTO `income` (`id`, `income_head_id`, `name`, `invoice_no`, `date`, `amount`, `note`, `is_active`, `documents`, `is_deleted`, `created_at`, `updated_at`) VALUES (4, 5, 'Staff Uniform', '54621', '2023-08-15', '230.00', '', 'yes', NULL, 'no', '2023-08-11 23:40:00', NULL);
INSERT INTO `income` (`id`, `income_head_id`, `name`, `invoice_no`, `date`, `amount`, `note`, `is_active`, `documents`, `is_deleted`, `created_at`, `updated_at`) VALUES (5, 5, 'Staff Uniform', '54621', '2023-08-15', '230.00', '', 'yes', NULL, 'no', '2023-08-11 23:40:41', NULL);


#
# TABLE STRUCTURE FOR: income_head
#

DROP TABLE IF EXISTS `income_head`;

CREATE TABLE `income_head` (
  `id` int(255) NOT NULL AUTO_INCREMENT,
  `income_category` varchar(255) DEFAULT NULL,
  `description` varchar(255) DEFAULT NULL,
  `is_active` varchar(255) NOT NULL DEFAULT 'yes',
  `is_deleted` varchar(255) NOT NULL DEFAULT 'no',
  `created_at` timestamp NOT NULL DEFAULT CURRENT_TIMESTAMP ON UPDATE CURRENT_TIMESTAMP,
  `updated_at` date DEFAULT NULL,
  PRIMARY KEY (`id`)
) ENGINE=InnoDB AUTO_INCREMENT=6 DEFAULT CHARSET=utf8;

INSERT INTO `income_head` (`id`, `income_category`, `description`, `is_active`, `is_deleted`, `created_at`, `updated_at`) VALUES (1, 'Donation', '', 'yes', 'no', '2023-08-11 23:29:43', NULL);
INSERT INTO `income_head` (`id`, `income_category`, `description`, `is_active`, `is_deleted`, `created_at`, `updated_at`) VALUES (2, 'Rent', '', 'yes', 'no', '2023-08-11 23:29:49', NULL);
INSERT INTO `income_head` (`id`, `income_category`, `description`, `is_active`, `is_deleted`, `created_at`, `updated_at`) VALUES (3, 'Miscellaneous', '', 'yes', 'no', '2023-08-11 23:29:54', NULL);
INSERT INTO `income_head` (`id`, `income_category`, `description`, `is_active`, `is_deleted`, `created_at`, `updated_at`) VALUES (4, 'Book Sale', '', 'yes', 'no', '2023-08-11 23:30:00', NULL);
INSERT INTO `income_head` (`id`, `income_category`, `description`, `is_active`, `is_deleted`, `created_at`, `updated_at`) VALUES (5, 'Uniform Sale', '', 'yes', 'no', '2023-08-11 23:30:04', NULL);


#
# TABLE STRUCTURE FOR: item
#

DROP TABLE IF EXISTS `item`;

CREATE TABLE `item` (
  `id` int(11) NOT NULL AUTO_INCREMENT,
  `item_category_id` int(11) DEFAULT NULL,
  `item_store_id` int(11) DEFAULT NULL,
  `item_supplier_id` int(11) DEFAULT NULL,
  `name` varchar(255) NOT NULL,
  `unit` varchar(100) NOT NULL,
  `item_photo` varchar(225) DEFAULT NULL,
  `description` text NOT NULL,
  `quantity` int(100) NOT NULL,
  `date` date DEFAULT NULL,
  `created_at` timestamp NOT NULL DEFAULT CURRENT_TIMESTAMP ON UPDATE CURRENT_TIMESTAMP,
  `updated_at` date DEFAULT NULL,
  PRIMARY KEY (`id`),
  KEY `item_category_id` (`item_category_id`),
  KEY `item_store_id` (`item_store_id`),
  KEY `item_supplier_id` (`item_supplier_id`),
  CONSTRAINT `item_ibfk_1` FOREIGN KEY (`item_category_id`) REFERENCES `item_category` (`id`) ON DELETE CASCADE,
  CONSTRAINT `item_ibfk_2` FOREIGN KEY (`item_store_id`) REFERENCES `item_store` (`id`) ON DELETE CASCADE,
  CONSTRAINT `item_ibfk_3` FOREIGN KEY (`item_supplier_id`) REFERENCES `item_supplier` (`id`) ON DELETE CASCADE
) ENGINE=InnoDB AUTO_INCREMENT=10 DEFAULT CHARSET=utf8;

INSERT INTO `item` (`id`, `item_category_id`, `item_store_id`, `item_supplier_id`, `name`, `unit`, `item_photo`, `description`, `quantity`, `date`, `created_at`, `updated_at`) VALUES (1, 1, NULL, NULL, 'Cricket Bat', '100', NULL, '', 0, NULL, '2023-08-11 17:49:13', NULL);
INSERT INTO `item` (`id`, `item_category_id`, `item_store_id`, `item_supplier_id`, `name`, `unit`, `item_photo`, `description`, `quantity`, `date`, `created_at`, `updated_at`) VALUES (2, 2, NULL, NULL, 'Uniform', '150', NULL, '', 0, NULL, '2023-08-11 17:49:31', NULL);
INSERT INTO `item` (`id`, `item_category_id`, `item_store_id`, `item_supplier_id`, `name`, `unit`, `item_photo`, `description`, `quantity`, `date`, `created_at`, `updated_at`) VALUES (3, 3, NULL, NULL, 'Table chair', '50', NULL, '', 0, NULL, '2023-08-11 17:49:42', NULL);
INSERT INTO `item` (`id`, `item_category_id`, `item_store_id`, `item_supplier_id`, `name`, `unit`, `item_photo`, `description`, `quantity`, `date`, `created_at`, `updated_at`) VALUES (4, 2, NULL, NULL, 'Staff Unform', '50', NULL, '', 0, NULL, '2023-08-11 17:49:56', NULL);
INSERT INTO `item` (`id`, `item_category_id`, `item_store_id`, `item_supplier_id`, `name`, `unit`, `item_photo`, `description`, `quantity`, `date`, `created_at`, `updated_at`) VALUES (5, 3, NULL, NULL, 'Benches', '50', NULL, '', 0, NULL, '2023-08-11 17:50:07', NULL);
INSERT INTO `item` (`id`, `item_category_id`, `item_store_id`, `item_supplier_id`, `name`, `unit`, `item_photo`, `description`, `quantity`, `date`, `created_at`, `updated_at`) VALUES (6, 1, NULL, NULL, 'Football', '50', NULL, '', 0, NULL, '2023-08-11 17:50:17', NULL);
INSERT INTO `item` (`id`, `item_category_id`, `item_store_id`, `item_supplier_id`, `name`, `unit`, `item_photo`, `description`, `quantity`, `date`, `created_at`, `updated_at`) VALUES (7, 4, NULL, NULL, 'Class Board', '50', NULL, '', 0, NULL, '2023-08-11 17:50:28', NULL);
INSERT INTO `item` (`id`, `item_category_id`, `item_store_id`, `item_supplier_id`, `name`, `unit`, `item_photo`, `description`, `quantity`, `date`, `created_at`, `updated_at`) VALUES (8, 3, NULL, NULL, 'Desk', '1000', NULL, '', 0, NULL, '2023-08-11 17:50:40', NULL);
INSERT INTO `item` (`id`, `item_category_id`, `item_store_id`, `item_supplier_id`, `name`, `unit`, `item_photo`, `description`, `quantity`, `date`, `created_at`, `updated_at`) VALUES (9, 5, NULL, NULL, 'Lab Equipment', '100', NULL, '', 0, NULL, '2023-08-11 17:50:53', NULL);


#
# TABLE STRUCTURE FOR: item_category
#

DROP TABLE IF EXISTS `item_category`;

CREATE TABLE `item_category` (
  `id` int(255) NOT NULL AUTO_INCREMENT,
  `item_category` varchar(255) NOT NULL,
  `is_active` varchar(255) NOT NULL DEFAULT 'yes',
  `description` varchar(255) NOT NULL,
  `created_at` timestamp NOT NULL DEFAULT CURRENT_TIMESTAMP ON UPDATE CURRENT_TIMESTAMP,
  `updated_at` date DEFAULT NULL,
  PRIMARY KEY (`id`)
) ENGINE=InnoDB AUTO_INCREMENT=6 DEFAULT CHARSET=utf8;

INSERT INTO `item_category` (`id`, `item_category`, `is_active`, `description`, `created_at`, `updated_at`) VALUES (1, 'Sports', 'yes', '', '2023-08-11 17:48:20', NULL);
INSERT INTO `item_category` (`id`, `item_category`, `is_active`, `description`, `created_at`, `updated_at`) VALUES (2, 'Staff Dress', 'yes', '', '2023-08-11 17:48:26', NULL);
INSERT INTO `item_category` (`id`, `item_category`, `is_active`, `description`, `created_at`, `updated_at`) VALUES (3, 'Furniture', 'yes', '', '2023-08-11 17:48:30', NULL);
INSERT INTO `item_category` (`id`, `item_category`, `is_active`, `description`, `created_at`, `updated_at`) VALUES (4, 'Books Stationery', 'yes', '', '2023-08-11 17:48:35', NULL);
INSERT INTO `item_category` (`id`, `item_category`, `is_active`, `description`, `created_at`, `updated_at`) VALUES (5, 'Chemistry Lab Apparatus', 'yes', '', '2023-08-11 17:48:40', NULL);


#
# TABLE STRUCTURE FOR: item_issue
#

DROP TABLE IF EXISTS `item_issue`;

CREATE TABLE `item_issue` (
  `id` int(11) NOT NULL AUTO_INCREMENT,
  `issue_type` varchar(15) DEFAULT NULL,
  `issue_to` int(11) NOT NULL,
  `issue_by` int(11) DEFAULT NULL,
  `issue_date` date DEFAULT NULL,
  `return_date` date DEFAULT NULL,
  `item_category_id` int(11) DEFAULT NULL,
  `item_id` int(11) DEFAULT NULL,
  `quantity` int(10) NOT NULL,
  `note` text NOT NULL,
  `is_returned` int(2) NOT NULL DEFAULT '1',
  `created_at` timestamp NOT NULL DEFAULT CURRENT_TIMESTAMP ON UPDATE CURRENT_TIMESTAMP,
  `is_active` varchar(10) DEFAULT 'no',
  PRIMARY KEY (`id`),
  KEY `item_id` (`item_id`),
  KEY `item_category_id` (`item_category_id`),
  KEY `issue_to` (`issue_to`),
  KEY `issue_by` (`issue_by`),
  CONSTRAINT `item_issue_ibfk_1` FOREIGN KEY (`item_id`) REFERENCES `item` (`id`) ON DELETE CASCADE,
  CONSTRAINT `item_issue_ibfk_2` FOREIGN KEY (`item_category_id`) REFERENCES `item_category` (`id`) ON DELETE CASCADE,
  CONSTRAINT `item_issue_ibfk_3` FOREIGN KEY (`issue_to`) REFERENCES `staff` (`id`) ON DELETE CASCADE,
  CONSTRAINT `item_issue_ibfk_4` FOREIGN KEY (`issue_by`) REFERENCES `staff` (`id`) ON DELETE CASCADE
) ENGINE=InnoDB AUTO_INCREMENT=3 DEFAULT CHARSET=utf8;

INSERT INTO `item_issue` (`id`, `issue_type`, `issue_to`, `issue_by`, `issue_date`, `return_date`, `item_category_id`, `item_id`, `quantity`, `note`, `is_returned`, `created_at`, `is_active`) VALUES (1, '2', 5, 5, '2023-09-02', '2023-09-02', 2, 4, 0, '', 1, '2023-09-02 00:46:10', 'no');
INSERT INTO `item_issue` (`id`, `issue_type`, `issue_to`, `issue_by`, `issue_date`, `return_date`, `item_category_id`, `item_id`, `quantity`, `note`, `is_returned`, `created_at`, `is_active`) VALUES (2, '1', 4, 8, '2023-09-02', '2023-09-02', 5, 9, 3, '', 0, '2023-09-02 00:48:30', 'no');


#
# TABLE STRUCTURE FOR: item_stock
#

DROP TABLE IF EXISTS `item_stock`;

CREATE TABLE `item_stock` (
  `id` int(11) NOT NULL AUTO_INCREMENT,
  `item_id` int(11) DEFAULT NULL,
  `supplier_id` int(11) DEFAULT NULL,
  `store_id` int(11) DEFAULT NULL,
  `symbol` varchar(10) NOT NULL DEFAULT '+',
  `quantity` int(11) DEFAULT NULL,
  `purchase_price` float(10,2) NOT NULL,
  `date` date NOT NULL,
  `attachment` varchar(250) DEFAULT NULL,
  `description` text NOT NULL,
  `is_active` varchar(10) DEFAULT 'yes',
  `created_at` timestamp NOT NULL DEFAULT CURRENT_TIMESTAMP ON UPDATE CURRENT_TIMESTAMP,
  PRIMARY KEY (`id`),
  KEY `item_id` (`item_id`),
  KEY `supplier_id` (`supplier_id`),
  KEY `store_id` (`store_id`),
  CONSTRAINT `item_stock_ibfk_1` FOREIGN KEY (`item_id`) REFERENCES `item` (`id`) ON DELETE CASCADE,
  CONSTRAINT `item_stock_ibfk_2` FOREIGN KEY (`supplier_id`) REFERENCES `item_supplier` (`id`) ON DELETE CASCADE,
  CONSTRAINT `item_stock_ibfk_3` FOREIGN KEY (`store_id`) REFERENCES `item_store` (`id`) ON DELETE CASCADE
) ENGINE=InnoDB AUTO_INCREMENT=6 DEFAULT CHARSET=utf8;

INSERT INTO `item_stock` (`id`, `item_id`, `supplier_id`, `store_id`, `symbol`, `quantity`, `purchase_price`, `date`, `attachment`, `description`, `is_active`, `created_at`) VALUES (1, 9, 2, 5, '+', 5, '50.00', '2023-08-31', NULL, '', 'yes', '2023-08-11 17:53:30');
INSERT INTO `item_stock` (`id`, `item_id`, `supplier_id`, `store_id`, `symbol`, `quantity`, `purchase_price`, `date`, `attachment`, `description`, `is_active`, `created_at`) VALUES (2, 5, 1, 4, '+', 5, '50.00', '2023-08-25', NULL, '', 'yes', '2023-08-11 17:54:04');
INSERT INTO `item_stock` (`id`, `item_id`, `supplier_id`, `store_id`, `symbol`, `quantity`, `purchase_price`, `date`, `attachment`, `description`, `is_active`, `created_at`) VALUES (3, 7, 2, 5, '+', 5, '50.00', '2023-08-15', NULL, '', 'yes', '2023-08-11 17:54:37');
INSERT INTO `item_stock` (`id`, `item_id`, `supplier_id`, `store_id`, `symbol`, `quantity`, `purchase_price`, `date`, `attachment`, `description`, `is_active`, `created_at`) VALUES (4, 6, 2, 2, '+', 5, '100.00', '2023-08-20', NULL, '', 'yes', '2023-08-11 17:55:15');
INSERT INTO `item_stock` (`id`, `item_id`, `supplier_id`, `store_id`, `symbol`, `quantity`, `purchase_price`, `date`, `attachment`, `description`, `is_active`, `created_at`) VALUES (5, 1, 3, 2, '+', 5, '400.00', '2023-08-06', NULL, '', 'yes', '2023-08-11 17:55:50');


#
# TABLE STRUCTURE FOR: item_store
#

DROP TABLE IF EXISTS `item_store`;

CREATE TABLE `item_store` (
  `id` int(255) NOT NULL AUTO_INCREMENT,
  `item_store` varchar(255) NOT NULL,
  `code` varchar(255) NOT NULL,
  `description` text NOT NULL,
  `created_at` timestamp NOT NULL DEFAULT CURRENT_TIMESTAMP,
  PRIMARY KEY (`id`)
) ENGINE=InnoDB AUTO_INCREMENT=6 DEFAULT CHARSET=utf8;

INSERT INTO `item_store` (`id`, `item_store`, `code`, `description`, `created_at`) VALUES (1, 'Libraray Store', 'LB2	', '', '2023-08-11 17:46:33');
INSERT INTO `item_store` (`id`, `item_store`, `code`, `description`, `created_at`) VALUES (2, 'Science Store', 'SC2', '', '2023-08-11 17:46:41');
INSERT INTO `item_store` (`id`, `item_store`, `code`, `description`, `created_at`) VALUES (3, 'Uniform Dress Store', 'UND23	', '', '2023-08-11 17:46:51');
INSERT INTO `item_store` (`id`, `item_store`, `code`, `description`, `created_at`) VALUES (4, 'Furniture Store', 'FS342', '', '2023-08-11 17:46:59');
INSERT INTO `item_store` (`id`, `item_store`, `code`, `description`, `created_at`) VALUES (5, 'Chemistry Equipment', 'Ch201	', 'The basic idea about the proper and necessary chemistry lab apparatus should be cleared among the students.	', '2023-08-11 17:47:13');


#
# TABLE STRUCTURE FOR: item_supplier
#

DROP TABLE IF EXISTS `item_supplier`;

CREATE TABLE `item_supplier` (
  `id` int(255) NOT NULL AUTO_INCREMENT,
  `item_supplier` varchar(255) NOT NULL,
  `phone` varchar(255) NOT NULL,
  `email` varchar(255) NOT NULL,
  `address` varchar(255) NOT NULL,
  `contact_person_name` varchar(255) NOT NULL,
  `contact_person_phone` varchar(255) NOT NULL,
  `contact_person_email` varchar(255) NOT NULL,
  `description` text NOT NULL,
  PRIMARY KEY (`id`)
) ENGINE=InnoDB AUTO_INCREMENT=5 DEFAULT CHARSET=utf8;

INSERT INTO `item_supplier` (`id`, `item_supplier`, `phone`, `email`, `address`, `contact_person_name`, `contact_person_phone`, `contact_person_email`, `description`) VALUES (1, 'Camlin Stationers', '8458436583', 'camlin@gmail.com', '22 Cristal Way. CA', 'Bruce Stark', '847487932', 'bruce@gmail.com', '');
INSERT INTO `item_supplier` (`id`, `item_supplier`, `phone`, `email`, `address`, `contact_person_name`, `contact_person_phone`, `contact_person_email`, `description`) VALUES (2, 'Jhonson Uniform Dress', '8796787856', 'Jhon@gmail.com', '22 Cristal Way. CA', 'David', '87686785678', 'david@gmail.com', '');
INSERT INTO `item_supplier` (`id`, `item_supplier`, `phone`, `email`, `address`, `contact_person_name`, `contact_person_phone`, `contact_person_email`, `description`) VALUES (3, 'David', '678678678', 'da@gmail.com', '22 Cristal Way. CA', 'Peter', '685676578', 'per@gmail.com', '');
INSERT INTO `item_supplier` (`id`, `item_supplier`, `phone`, `email`, `address`, `contact_person_name`, `contact_person_phone`, `contact_person_email`, `description`) VALUES (4, 'Jhon smith Supplier', '8908089878', 'jhon@gmail.com', 'Delhi Road,DR', 'David ', '8987978678', 'david@gmail.com', '');


#
# TABLE STRUCTURE FOR: languages
#

DROP TABLE IF EXISTS `languages`;

CREATE TABLE `languages` (
  `id` int(11) NOT NULL AUTO_INCREMENT,
  `language` varchar(50) DEFAULT NULL,
  `short_code` varchar(255) NOT NULL,
  `country_code` varchar(255) NOT NULL,
  `is_rtl` int(1) NOT NULL,
  `is_deleted` varchar(10) NOT NULL DEFAULT 'yes',
  `is_active` varchar(255) DEFAULT 'no',
  `created_at` timestamp NOT NULL DEFAULT CURRENT_TIMESTAMP ON UPDATE CURRENT_TIMESTAMP,
  `updated_at` date DEFAULT NULL,
  PRIMARY KEY (`id`)
) ENGINE=InnoDB AUTO_INCREMENT=96 DEFAULT CHARSET=utf8;

INSERT INTO `languages` (`id`, `language`, `short_code`, `country_code`, `is_rtl`, `is_deleted`, `is_active`, `created_at`, `updated_at`) VALUES (1, 'Azerbaijan', 'az', 'az', 0, 'no', 'no', '2019-11-20 16:53:12', '0000-00-00');
INSERT INTO `languages` (`id`, `language`, `short_code`, `country_code`, `is_rtl`, `is_deleted`, `is_active`, `created_at`, `updated_at`) VALUES (2, 'Albanian', 'sq', 'al', 0, 'no', 'no', '2019-11-20 17:12:42', '0000-00-00');
INSERT INTO `languages` (`id`, `language`, `short_code`, `country_code`, `is_rtl`, `is_deleted`, `is_active`, `created_at`, `updated_at`) VALUES (3, 'Amharic', 'am', 'am', 0, 'no', 'no', '2019-11-20 16:54:23', '0000-00-00');
INSERT INTO `languages` (`id`, `language`, `short_code`, `country_code`, `is_rtl`, `is_deleted`, `is_active`, `created_at`, `updated_at`) VALUES (4, 'English', 'en', 'us', 0, 'no', 'no', '2019-11-20 17:08:50', '0000-00-00');
INSERT INTO `languages` (`id`, `language`, `short_code`, `country_code`, `is_rtl`, `is_deleted`, `is_active`, `created_at`, `updated_at`) VALUES (5, 'Arabic', 'ar', 'sa', 0, 'no', 'no', '2019-11-20 17:17:28', '0000-00-00');
INSERT INTO `languages` (`id`, `language`, `short_code`, `country_code`, `is_rtl`, `is_deleted`, `is_active`, `created_at`, `updated_at`) VALUES (7, 'Afrikaans', 'af', 'af', 0, 'no', 'no', '2019-11-20 16:54:23', '0000-00-00');
INSERT INTO `languages` (`id`, `language`, `short_code`, `country_code`, `is_rtl`, `is_deleted`, `is_active`, `created_at`, `updated_at`) VALUES (8, 'Basque', 'eu', 'es', 0, 'no', 'no', '2019-11-20 17:24:10', '0000-00-00');
INSERT INTO `languages` (`id`, `language`, `short_code`, `country_code`, `is_rtl`, `is_deleted`, `is_active`, `created_at`, `updated_at`) VALUES (11, 'Bengali', 'bn', 'in', 0, 'no', 'no', '2019-11-20 17:11:53', '0000-00-00');
INSERT INTO `languages` (`id`, `language`, `short_code`, `country_code`, `is_rtl`, `is_deleted`, `is_active`, `created_at`, `updated_at`) VALUES (13, 'Bosnian', 'bs', 'bs', 0, 'no', 'no', '2019-11-20 16:54:23', '0000-00-00');
INSERT INTO `languages` (`id`, `language`, `short_code`, `country_code`, `is_rtl`, `is_deleted`, `is_active`, `created_at`, `updated_at`) VALUES (14, 'Welsh', 'cy', 'cy', 0, 'no', 'no', '2019-11-20 16:54:23', '0000-00-00');
INSERT INTO `languages` (`id`, `language`, `short_code`, `country_code`, `is_rtl`, `is_deleted`, `is_active`, `created_at`, `updated_at`) VALUES (15, 'Hungarian', 'hu', 'hu', 0, 'no', 'no', '2019-11-20 16:54:23', '0000-00-00');
INSERT INTO `languages` (`id`, `language`, `short_code`, `country_code`, `is_rtl`, `is_deleted`, `is_active`, `created_at`, `updated_at`) VALUES (16, 'Vietnamese', 'vi', 'vi', 0, 'no', 'no', '2019-11-20 16:54:23', '0000-00-00');
INSERT INTO `languages` (`id`, `language`, `short_code`, `country_code`, `is_rtl`, `is_deleted`, `is_active`, `created_at`, `updated_at`) VALUES (17, 'Haitian', 'ht', 'ht', 0, 'no', 'no', '2021-01-23 12:39:32', '0000-00-00');
INSERT INTO `languages` (`id`, `language`, `short_code`, `country_code`, `is_rtl`, `is_deleted`, `is_active`, `created_at`, `updated_at`) VALUES (18, 'Galician', 'gl', 'gl', 0, 'no', 'no', '2019-11-20 16:54:23', '0000-00-00');
INSERT INTO `languages` (`id`, `language`, `short_code`, `country_code`, `is_rtl`, `is_deleted`, `is_active`, `created_at`, `updated_at`) VALUES (19, 'Dutch', 'nl', 'nl', 0, 'no', 'no', '2019-11-20 16:54:23', '0000-00-00');
INSERT INTO `languages` (`id`, `language`, `short_code`, `country_code`, `is_rtl`, `is_deleted`, `is_active`, `created_at`, `updated_at`) VALUES (21, 'Greek', 'el', 'gr', 0, 'no', 'no', '2019-11-20 17:42:08', '0000-00-00');
INSERT INTO `languages` (`id`, `language`, `short_code`, `country_code`, `is_rtl`, `is_deleted`, `is_active`, `created_at`, `updated_at`) VALUES (22, 'Georgian', 'ka', 'ge', 0, 'no', 'no', '2019-11-20 17:41:40', '0000-00-00');
INSERT INTO `languages` (`id`, `language`, `short_code`, `country_code`, `is_rtl`, `is_deleted`, `is_active`, `created_at`, `updated_at`) VALUES (23, 'Gujarati', 'gu', 'in', 0, 'no', 'no', '2019-11-20 17:09:16', '0000-00-00');
INSERT INTO `languages` (`id`, `language`, `short_code`, `country_code`, `is_rtl`, `is_deleted`, `is_active`, `created_at`, `updated_at`) VALUES (24, 'Danish', 'da', 'dk', 0, 'no', 'no', '2019-11-20 17:33:25', '0000-00-00');
INSERT INTO `languages` (`id`, `language`, `short_code`, `country_code`, `is_rtl`, `is_deleted`, `is_active`, `created_at`, `updated_at`) VALUES (25, 'Hebrew', 'he', 'il', 0, 'no', 'no', '2019-11-20 17:43:50', '0000-00-00');
INSERT INTO `languages` (`id`, `language`, `short_code`, `country_code`, `is_rtl`, `is_deleted`, `is_active`, `created_at`, `updated_at`) VALUES (26, 'Yiddish', 'yi', 'il', 0, 'no', 'no', '2019-11-20 17:55:33', '0000-00-00');
INSERT INTO `languages` (`id`, `language`, `short_code`, `country_code`, `is_rtl`, `is_deleted`, `is_active`, `created_at`, `updated_at`) VALUES (27, 'Indonesian', 'id', 'id', 0, 'no', 'no', '2019-11-20 16:54:23', '0000-00-00');
INSERT INTO `languages` (`id`, `language`, `short_code`, `country_code`, `is_rtl`, `is_deleted`, `is_active`, `created_at`, `updated_at`) VALUES (28, 'Irish', 'ga', 'ga', 0, 'no', 'no', '2019-11-20 16:54:23', '0000-00-00');
INSERT INTO `languages` (`id`, `language`, `short_code`, `country_code`, `is_rtl`, `is_deleted`, `is_active`, `created_at`, `updated_at`) VALUES (29, 'Italian', 'it', 'it', 0, 'no', 'no', '2019-11-20 16:54:23', '0000-00-00');
INSERT INTO `languages` (`id`, `language`, `short_code`, `country_code`, `is_rtl`, `is_deleted`, `is_active`, `created_at`, `updated_at`) VALUES (30, 'Icelandic', 'is', 'is', 0, 'no', 'no', '2019-11-20 16:54:23', '0000-00-00');
INSERT INTO `languages` (`id`, `language`, `short_code`, `country_code`, `is_rtl`, `is_deleted`, `is_active`, `created_at`, `updated_at`) VALUES (31, 'Spanish', 'es', 'es', 0, 'no', 'no', '2019-11-20 16:54:23', '0000-00-00');
INSERT INTO `languages` (`id`, `language`, `short_code`, `country_code`, `is_rtl`, `is_deleted`, `is_active`, `created_at`, `updated_at`) VALUES (33, 'Kannada', 'kn', 'kn', 0, 'no', 'no', '2019-11-20 16:54:23', '0000-00-00');
INSERT INTO `languages` (`id`, `language`, `short_code`, `country_code`, `is_rtl`, `is_deleted`, `is_active`, `created_at`, `updated_at`) VALUES (34, 'Catalan', 'ca', 'ca', 0, 'no', 'no', '2019-11-20 16:54:23', '0000-00-00');
INSERT INTO `languages` (`id`, `language`, `short_code`, `country_code`, `is_rtl`, `is_deleted`, `is_active`, `created_at`, `updated_at`) VALUES (36, 'Chinese', 'zh', 'cn', 0, 'no', 'no', '2019-11-20 17:31:48', '0000-00-00');
INSERT INTO `languages` (`id`, `language`, `short_code`, `country_code`, `is_rtl`, `is_deleted`, `is_active`, `created_at`, `updated_at`) VALUES (37, 'Korean', 'ko', 'kr', 0, 'no', 'no', '2019-11-20 17:49:09', '0000-00-00');
INSERT INTO `languages` (`id`, `language`, `short_code`, `country_code`, `is_rtl`, `is_deleted`, `is_active`, `created_at`, `updated_at`) VALUES (38, 'Xhosa', 'xh', 'ls', 0, 'no', 'no', '2019-11-20 17:54:39', '0000-00-00');
INSERT INTO `languages` (`id`, `language`, `short_code`, `country_code`, `is_rtl`, `is_deleted`, `is_active`, `created_at`, `updated_at`) VALUES (39, 'Latin', 'la', 'it', 0, 'no', 'no', '2021-01-23 12:39:32', '0000-00-00');
INSERT INTO `languages` (`id`, `language`, `short_code`, `country_code`, `is_rtl`, `is_deleted`, `is_active`, `created_at`, `updated_at`) VALUES (40, 'Latvian', 'lv', 'lv', 0, 'no', 'no', '2019-11-20 16:54:23', '0000-00-00');
INSERT INTO `languages` (`id`, `language`, `short_code`, `country_code`, `is_rtl`, `is_deleted`, `is_active`, `created_at`, `updated_at`) VALUES (41, 'Lithuanian', 'lt', 'lt', 0, 'no', 'no', '2019-11-20 16:54:23', '0000-00-00');
INSERT INTO `languages` (`id`, `language`, `short_code`, `country_code`, `is_rtl`, `is_deleted`, `is_active`, `created_at`, `updated_at`) VALUES (43, 'Malagasy', 'mg', 'mg', 0, 'no', 'no', '2019-11-20 16:54:23', '0000-00-00');
INSERT INTO `languages` (`id`, `language`, `short_code`, `country_code`, `is_rtl`, `is_deleted`, `is_active`, `created_at`, `updated_at`) VALUES (44, 'Malay', 'ms', 'ms', 0, 'no', 'no', '2019-11-20 16:54:23', '0000-00-00');
INSERT INTO `languages` (`id`, `language`, `short_code`, `country_code`, `is_rtl`, `is_deleted`, `is_active`, `created_at`, `updated_at`) VALUES (45, 'Malayalam', 'ml', 'ml', 0, 'no', 'no', '2019-11-20 16:54:23', '0000-00-00');
INSERT INTO `languages` (`id`, `language`, `short_code`, `country_code`, `is_rtl`, `is_deleted`, `is_active`, `created_at`, `updated_at`) VALUES (46, 'Maltese', 'mt', 'mt', 0, 'no', 'no', '2019-11-20 16:54:23', '0000-00-00');
INSERT INTO `languages` (`id`, `language`, `short_code`, `country_code`, `is_rtl`, `is_deleted`, `is_active`, `created_at`, `updated_at`) VALUES (47, 'Macedonian', 'mk', 'mk', 0, 'no', 'no', '2019-11-20 16:54:23', '0000-00-00');
INSERT INTO `languages` (`id`, `language`, `short_code`, `country_code`, `is_rtl`, `is_deleted`, `is_active`, `created_at`, `updated_at`) VALUES (48, 'Maori', 'mi', 'nz', 0, 'no', 'no', '2019-11-20 17:50:27', '0000-00-00');
INSERT INTO `languages` (`id`, `language`, `short_code`, `country_code`, `is_rtl`, `is_deleted`, `is_active`, `created_at`, `updated_at`) VALUES (49, 'Marathi', 'mr', 'in', 0, 'no', 'no', '2019-11-20 17:09:51', '0000-00-00');
INSERT INTO `languages` (`id`, `language`, `short_code`, `country_code`, `is_rtl`, `is_deleted`, `is_active`, `created_at`, `updated_at`) VALUES (51, 'Mongolian', 'mn', 'mn', 0, 'no', 'no', '2019-11-20 16:54:23', '0000-00-00');
INSERT INTO `languages` (`id`, `language`, `short_code`, `country_code`, `is_rtl`, `is_deleted`, `is_active`, `created_at`, `updated_at`) VALUES (52, 'German', 'de', 'de', 0, 'no', 'no', '2019-11-20 16:54:23', '0000-00-00');
INSERT INTO `languages` (`id`, `language`, `short_code`, `country_code`, `is_rtl`, `is_deleted`, `is_active`, `created_at`, `updated_at`) VALUES (53, 'Nepali', 'ne', 'ne', 0, 'no', 'no', '2019-11-20 16:54:23', '0000-00-00');
INSERT INTO `languages` (`id`, `language`, `short_code`, `country_code`, `is_rtl`, `is_deleted`, `is_active`, `created_at`, `updated_at`) VALUES (54, 'Norwegian', 'no', 'no', 0, 'no', 'no', '2019-11-20 16:54:23', '0000-00-00');
INSERT INTO `languages` (`id`, `language`, `short_code`, `country_code`, `is_rtl`, `is_deleted`, `is_active`, `created_at`, `updated_at`) VALUES (55, 'Punjabi', 'pa', 'in', 0, 'no', 'no', '2019-11-20 17:10:16', '0000-00-00');
INSERT INTO `languages` (`id`, `language`, `short_code`, `country_code`, `is_rtl`, `is_deleted`, `is_active`, `created_at`, `updated_at`) VALUES (57, 'Persian', 'fa', 'ir', 0, 'no', 'no', '2019-11-20 17:51:17', '0000-00-00');
INSERT INTO `languages` (`id`, `language`, `short_code`, `country_code`, `is_rtl`, `is_deleted`, `is_active`, `created_at`, `updated_at`) VALUES (59, 'Portuguese', 'pt', 'pt', 0, 'no', 'no', '2019-11-20 16:54:23', '0000-00-00');
INSERT INTO `languages` (`id`, `language`, `short_code`, `country_code`, `is_rtl`, `is_deleted`, `is_active`, `created_at`, `updated_at`) VALUES (60, 'Romanian', 'ro', 'ro', 0, 'no', 'no', '2019-11-20 16:54:23', '0000-00-00');
INSERT INTO `languages` (`id`, `language`, `short_code`, `country_code`, `is_rtl`, `is_deleted`, `is_active`, `created_at`, `updated_at`) VALUES (61, 'Russian', 'ru', 'ru', 0, 'no', 'no', '2019-11-20 16:54:23', '0000-00-00');
INSERT INTO `languages` (`id`, `language`, `short_code`, `country_code`, `is_rtl`, `is_deleted`, `is_active`, `created_at`, `updated_at`) VALUES (62, 'Cebuano', 'ceb', 'ph', 0, 'no', 'no', '2019-11-20 17:29:12', '0000-00-00');
INSERT INTO `languages` (`id`, `language`, `short_code`, `country_code`, `is_rtl`, `is_deleted`, `is_active`, `created_at`, `updated_at`) VALUES (64, 'Sinhala', 'si', 'lk ', 0, 'no', 'no', '2021-01-23 12:39:32', '0000-00-00');
INSERT INTO `languages` (`id`, `language`, `short_code`, `country_code`, `is_rtl`, `is_deleted`, `is_active`, `created_at`, `updated_at`) VALUES (65, 'Slovakian', 'sk', 'sk', 0, 'no', 'no', '2019-11-20 16:54:23', '0000-00-00');
INSERT INTO `languages` (`id`, `language`, `short_code`, `country_code`, `is_rtl`, `is_deleted`, `is_active`, `created_at`, `updated_at`) VALUES (66, 'Slovenian', 'sl', 'sl', 0, 'no', 'no', '2019-11-20 16:54:23', '0000-00-00');
INSERT INTO `languages` (`id`, `language`, `short_code`, `country_code`, `is_rtl`, `is_deleted`, `is_active`, `created_at`, `updated_at`) VALUES (67, 'Swahili', 'sw', 'ke', 0, 'no', 'no', '2019-11-20 17:51:57', '0000-00-00');
INSERT INTO `languages` (`id`, `language`, `short_code`, `country_code`, `is_rtl`, `is_deleted`, `is_active`, `created_at`, `updated_at`) VALUES (68, 'Sundanese', 'su', 'sd', 0, 'no', 'no', '2019-12-03 16:36:57', '0000-00-00');
INSERT INTO `languages` (`id`, `language`, `short_code`, `country_code`, `is_rtl`, `is_deleted`, `is_active`, `created_at`, `updated_at`) VALUES (70, 'Thai', 'th', 'th', 0, 'no', 'no', '2019-11-20 16:54:23', '0000-00-00');
INSERT INTO `languages` (`id`, `language`, `short_code`, `country_code`, `is_rtl`, `is_deleted`, `is_active`, `created_at`, `updated_at`) VALUES (71, 'Tagalog', 'tl', 'tl', 0, 'no', 'no', '2019-11-20 16:54:23', '0000-00-00');
INSERT INTO `languages` (`id`, `language`, `short_code`, `country_code`, `is_rtl`, `is_deleted`, `is_active`, `created_at`, `updated_at`) VALUES (72, 'Tamil', 'ta', 'in', 0, 'no', 'no', '2019-11-20 17:10:53', '0000-00-00');
INSERT INTO `languages` (`id`, `language`, `short_code`, `country_code`, `is_rtl`, `is_deleted`, `is_active`, `created_at`, `updated_at`) VALUES (74, 'Telugu', 'te', 'in', 0, 'no', 'no', '2019-11-20 17:11:15', '0000-00-00');
INSERT INTO `languages` (`id`, `language`, `short_code`, `country_code`, `is_rtl`, `is_deleted`, `is_active`, `created_at`, `updated_at`) VALUES (75, 'Turkish', 'tr', 'tr', 0, 'no', 'no', '2019-11-20 16:54:23', '0000-00-00');
INSERT INTO `languages` (`id`, `language`, `short_code`, `country_code`, `is_rtl`, `is_deleted`, `is_active`, `created_at`, `updated_at`) VALUES (77, 'Uzbek', 'uz', 'uz', 0, 'no', 'no', '2019-11-20 16:54:23', '0000-00-00');
INSERT INTO `languages` (`id`, `language`, `short_code`, `country_code`, `is_rtl`, `is_deleted`, `is_active`, `created_at`, `updated_at`) VALUES (79, 'Urdu', 'ur', 'pk', 0, 'no', 'no', '2019-11-20 17:53:57', '0000-00-00');
INSERT INTO `languages` (`id`, `language`, `short_code`, `country_code`, `is_rtl`, `is_deleted`, `is_active`, `created_at`, `updated_at`) VALUES (80, 'Finnish', 'fi', 'fi', 0, 'no', 'no', '2019-11-20 16:54:23', '0000-00-00');
INSERT INTO `languages` (`id`, `language`, `short_code`, `country_code`, `is_rtl`, `is_deleted`, `is_active`, `created_at`, `updated_at`) VALUES (81, 'French', 'fr', 'fr', 0, 'no', 'no', '2019-11-20 16:54:23', '0000-00-00');
INSERT INTO `languages` (`id`, `language`, `short_code`, `country_code`, `is_rtl`, `is_deleted`, `is_active`, `created_at`, `updated_at`) VALUES (82, 'Hindi', 'hi', 'in', 0, 'no', 'no', '2019-11-20 17:06:34', '0000-00-00');
INSERT INTO `languages` (`id`, `language`, `short_code`, `country_code`, `is_rtl`, `is_deleted`, `is_active`, `created_at`, `updated_at`) VALUES (84, 'Czech', 'cs', 'cz', 0, 'no', 'no', '2019-11-20 17:32:36', '0000-00-00');
INSERT INTO `languages` (`id`, `language`, `short_code`, `country_code`, `is_rtl`, `is_deleted`, `is_active`, `created_at`, `updated_at`) VALUES (85, 'Swedish', 'sv', 'sv', 0, 'no', 'no', '2019-11-20 16:54:23', '0000-00-00');
INSERT INTO `languages` (`id`, `language`, `short_code`, `country_code`, `is_rtl`, `is_deleted`, `is_active`, `created_at`, `updated_at`) VALUES (86, 'Scottish', 'gd', 'gd', 0, 'no', 'no', '2019-11-20 16:54:23', '0000-00-00');
INSERT INTO `languages` (`id`, `language`, `short_code`, `country_code`, `is_rtl`, `is_deleted`, `is_active`, `created_at`, `updated_at`) VALUES (87, 'Estonian', 'et', 'et', 0, 'no', 'no', '2019-11-20 16:54:23', '0000-00-00');
INSERT INTO `languages` (`id`, `language`, `short_code`, `country_code`, `is_rtl`, `is_deleted`, `is_active`, `created_at`, `updated_at`) VALUES (88, 'Esperanto', 'eo', 'br', 0, 'no', 'no', '2019-11-21 10:19:18', '0000-00-00');
INSERT INTO `languages` (`id`, `language`, `short_code`, `country_code`, `is_rtl`, `is_deleted`, `is_active`, `created_at`, `updated_at`) VALUES (89, 'Javanese', 'jv', 'id', 0, 'no', 'no', '2019-11-20 17:48:29', '0000-00-00');
INSERT INTO `languages` (`id`, `language`, `short_code`, `country_code`, `is_rtl`, `is_deleted`, `is_active`, `created_at`, `updated_at`) VALUES (90, 'Japanese', 'ja', 'jp', 0, 'no', 'no', '2019-11-20 17:44:39', '0000-00-00');
INSERT INTO `languages` (`id`, `language`, `short_code`, `country_code`, `is_rtl`, `is_deleted`, `is_active`, `created_at`, `updated_at`) VALUES (91, 'Polish', 'pl', 'pl', 0, 'no', 'no', '2020-06-15 08:55:27', '0000-00-00');
INSERT INTO `languages` (`id`, `language`, `short_code`, `country_code`, `is_rtl`, `is_deleted`, `is_active`, `created_at`, `updated_at`) VALUES (92, 'Kurdish', 'ku', 'iq', 0, 'no', 'no', '2020-12-21 05:45:31', '0000-00-00');
INSERT INTO `languages` (`id`, `language`, `short_code`, `country_code`, `is_rtl`, `is_deleted`, `is_active`, `created_at`, `updated_at`) VALUES (93, 'Lao', 'lo', 'la', 0, 'no', 'no', '2020-12-21 05:45:36', '0000-00-00');
INSERT INTO `languages` (`id`, `language`, `short_code`, `country_code`, `is_rtl`, `is_deleted`, `is_active`, `created_at`, `updated_at`) VALUES (94, 'Croatia', 'hr', 'hr', 0, 'no', 'no', '2022-06-07 17:18:21', '0000-00-00');


#
# TABLE STRUCTURE FOR: leave_types
#

DROP TABLE IF EXISTS `leave_types`;

CREATE TABLE `leave_types` (
  `id` int(11) NOT NULL AUTO_INCREMENT,
  `type` varchar(200) NOT NULL,
  `is_active` varchar(50) NOT NULL,
  PRIMARY KEY (`id`),
  UNIQUE KEY `type` (`type`)
) ENGINE=InnoDB AUTO_INCREMENT=5 DEFAULT CHARSET=utf8;

INSERT INTO `leave_types` (`id`, `type`, `is_active`) VALUES (1, 'Medical Leave	', 'yes');
INSERT INTO `leave_types` (`id`, `type`, `is_active`) VALUES (2, 'Casual Leave	', 'yes');
INSERT INTO `leave_types` (`id`, `type`, `is_active`) VALUES (3, 'Maternity Leave	', 'yes');
INSERT INTO `leave_types` (`id`, `type`, `is_active`) VALUES (4, 'health', 'yes');


#
# TABLE STRUCTURE FOR: lesson
#

DROP TABLE IF EXISTS `lesson`;

CREATE TABLE `lesson` (
  `id` int(11) NOT NULL AUTO_INCREMENT,
  `session_id` int(11) NOT NULL,
  `subject_group_subject_id` int(11) NOT NULL,
  `subject_group_class_sections_id` int(11) NOT NULL,
  `name` varchar(255) NOT NULL,
  `created_at` timestamp NOT NULL DEFAULT CURRENT_TIMESTAMP ON UPDATE CURRENT_TIMESTAMP,
  PRIMARY KEY (`id`),
  KEY `session_id` (`session_id`),
  KEY `subject_group_subject_id` (`subject_group_subject_id`),
  KEY `subject_group_class_sections_id` (`subject_group_class_sections_id`),
  CONSTRAINT `lesson_ibfk_1` FOREIGN KEY (`session_id`) REFERENCES `sessions` (`id`) ON DELETE CASCADE,
  CONSTRAINT `lesson_ibfk_2` FOREIGN KEY (`subject_group_subject_id`) REFERENCES `subject_group_subjects` (`id`) ON DELETE CASCADE,
  CONSTRAINT `lesson_ibfk_3` FOREIGN KEY (`subject_group_class_sections_id`) REFERENCES `subject_group_class_sections` (`id`) ON DELETE CASCADE
) ENGINE=InnoDB AUTO_INCREMENT=23 DEFAULT CHARSET=utf8;

INSERT INTO `lesson` (`id`, `session_id`, `subject_group_subject_id`, `subject_group_class_sections_id`, `name`, `created_at`) VALUES (1, 18, 6, 1, 'Identify the learning objectives', '2023-08-11 15:57:21');
INSERT INTO `lesson` (`id`, `session_id`, `subject_group_subject_id`, `subject_group_class_sections_id`, `name`, `created_at`) VALUES (2, 18, 6, 1, 'Little Turtle', '2023-08-11 15:57:21');
INSERT INTO `lesson` (`id`, `session_id`, `subject_group_subject_id`, `subject_group_class_sections_id`, `name`, `created_at`) VALUES (3, 18, 6, 1, 'Three Little Pigs', '2023-08-11 15:57:21');
INSERT INTO `lesson` (`id`, `session_id`, `subject_group_subject_id`, `subject_group_class_sections_id`, `name`, `created_at`) VALUES (4, 18, 6, 1, 'A Happy Child', '2023-08-11 15:57:21');
INSERT INTO `lesson` (`id`, `session_id`, `subject_group_subject_id`, `subject_group_class_sections_id`, `name`, `created_at`) VALUES (5, 18, 6, 1, 'Lesson - 1', '2023-08-11 15:57:21');
INSERT INTO `lesson` (`id`, `session_id`, `subject_group_subject_id`, `subject_group_class_sections_id`, `name`, `created_at`) VALUES (6, 18, 6, 1, 'The Bubble, the Straw, and the Shoe.', '2023-08-11 15:57:21');
INSERT INTO `lesson` (`id`, `session_id`, `subject_group_subject_id`, `subject_group_class_sections_id`, `name`, `created_at`) VALUES (7, 18, 6, 1, 'Clap clap', '2023-08-11 15:57:21');
INSERT INTO `lesson` (`id`, `session_id`, `subject_group_subject_id`, `subject_group_class_sections_id`, `name`, `created_at`) VALUES (8, 18, 17, 8, 'Games We Play', '2023-08-24 07:53:24');
INSERT INTO `lesson` (`id`, `session_id`, `subject_group_subject_id`, `subject_group_class_sections_id`, `name`, `created_at`) VALUES (9, 18, 17, 8, 'Flying High', '2023-08-24 07:53:24');
INSERT INTO `lesson` (`id`, `session_id`, `subject_group_subject_id`, `subject_group_class_sections_id`, `name`, `created_at`) VALUES (10, 18, 17, 8, 'Foods We Eat', '2023-08-24 07:53:24');
INSERT INTO `lesson` (`id`, `session_id`, `subject_group_subject_id`, `subject_group_class_sections_id`, `name`, `created_at`) VALUES (11, 18, 17, 8, 'It’s Raining', '2023-08-24 07:53:24');
INSERT INTO `lesson` (`id`, `session_id`, `subject_group_subject_id`, `subject_group_class_sections_id`, `name`, `created_at`) VALUES (12, 18, 26, 12, 'Globes and Maps.', '2023-08-24 07:54:12');
INSERT INTO `lesson` (`id`, `session_id`, `subject_group_subject_id`, `subject_group_class_sections_id`, `name`, `created_at`) VALUES (13, 18, 26, 12, 'The Climate Of India.', '2023-08-24 07:54:12');
INSERT INTO `lesson` (`id`, `session_id`, `subject_group_subject_id`, `subject_group_class_sections_id`, `name`, `created_at`) VALUES (14, 18, 26, 12, 'Our Natural Resources.', '2023-08-24 07:54:12');
INSERT INTO `lesson` (`id`, `session_id`, `subject_group_subject_id`, `subject_group_class_sections_id`, `name`, `created_at`) VALUES (15, 18, 26, 12, 'Our Industries.', '2023-08-24 07:54:12');
INSERT INTO `lesson` (`id`, `session_id`, `subject_group_subject_id`, `subject_group_class_sections_id`, `name`, `created_at`) VALUES (16, 18, 28, 12, 'Play With Patterns', '2023-08-24 07:55:31');
INSERT INTO `lesson` (`id`, `session_id`, `subject_group_subject_id`, `subject_group_class_sections_id`, `name`, `created_at`) VALUES (17, 18, 28, 12, 'Long and Short ', '2023-08-24 07:55:31');
INSERT INTO `lesson` (`id`, `session_id`, `subject_group_subject_id`, `subject_group_class_sections_id`, `name`, `created_at`) VALUES (18, 18, 28, 12, 'Quarters Play ', '2023-08-24 07:55:31');
INSERT INTO `lesson` (`id`, `session_id`, `subject_group_subject_id`, `subject_group_class_sections_id`, `name`, `created_at`) VALUES (19, 18, 8, 4, ' The Basic introduction of art ', '2023-08-24 07:56:05');
INSERT INTO `lesson` (`id`, `session_id`, `subject_group_subject_id`, `subject_group_class_sections_id`, `name`, `created_at`) VALUES (20, 18, 10, 6, 'Lesson - 1', '2023-08-24 07:56:54');
INSERT INTO `lesson` (`id`, `session_id`, `subject_group_subject_id`, `subject_group_class_sections_id`, `name`, `created_at`) VALUES (21, 18, 10, 6, 'Lesson - 2', '2023-08-24 07:56:54');
INSERT INTO `lesson` (`id`, `session_id`, `subject_group_subject_id`, `subject_group_class_sections_id`, `name`, `created_at`) VALUES (22, 18, 10, 6, 'Measurement', '2023-08-24 07:56:54');


#
# TABLE STRUCTURE FOR: lesson_plan_forum
#

DROP TABLE IF EXISTS `lesson_plan_forum`;

CREATE TABLE `lesson_plan_forum` (
  `id` int(11) NOT NULL AUTO_INCREMENT,
  `subject_syllabus_id` int(11) NOT NULL,
  `type` varchar(20) NOT NULL COMMENT 'staff,student',
  `staff_id` int(11) DEFAULT NULL,
  `student_id` int(11) DEFAULT NULL,
  `message` text NOT NULL,
  `created_date` datetime DEFAULT NULL,
  PRIMARY KEY (`id`),
  KEY `subject_syllabus_id` (`subject_syllabus_id`),
  KEY `student_id` (`student_id`),
  KEY `staff_id` (`staff_id`),
  CONSTRAINT `lesson_plan_forum_ibfk_1` FOREIGN KEY (`subject_syllabus_id`) REFERENCES `subject_syllabus` (`id`) ON DELETE CASCADE,
  CONSTRAINT `lesson_plan_forum_ibfk_2` FOREIGN KEY (`student_id`) REFERENCES `students` (`id`) ON DELETE CASCADE,
  CONSTRAINT `lesson_plan_forum_ibfk_3` FOREIGN KEY (`staff_id`) REFERENCES `staff` (`id`) ON DELETE CASCADE
) ENGINE=InnoDB DEFAULT CHARSET=utf8;

#
# TABLE STRUCTURE FOR: libarary_members
#

DROP TABLE IF EXISTS `libarary_members`;

CREATE TABLE `libarary_members` (
  `id` int(11) NOT NULL AUTO_INCREMENT,
  `library_card_no` varchar(50) DEFAULT NULL,
  `member_type` varchar(50) DEFAULT NULL,
  `member_id` int(11) DEFAULT NULL,
  `is_active` varchar(10) NOT NULL DEFAULT 'no',
  `created_at` timestamp NOT NULL DEFAULT CURRENT_TIMESTAMP ON UPDATE CURRENT_TIMESTAMP,
  PRIMARY KEY (`id`)
) ENGINE=InnoDB AUTO_INCREMENT=6 DEFAULT CHARSET=utf8;

INSERT INTO `libarary_members` (`id`, `library_card_no`, `member_type`, `member_id`, `is_active`, `created_at`) VALUES (1, '123', 'student', 101, 'no', '2023-09-02 00:30:00');
INSERT INTO `libarary_members` (`id`, `library_card_no`, `member_type`, `member_id`, `is_active`, `created_at`) VALUES (2, '3', 'student', 102, 'no', '2023-09-02 00:30:17');
INSERT INTO `libarary_members` (`id`, `library_card_no`, `member_type`, `member_id`, `is_active`, `created_at`) VALUES (3, '8', 'student', 104, 'no', '2023-09-02 00:30:32');
INSERT INTO `libarary_members` (`id`, `library_card_no`, `member_type`, `member_id`, `is_active`, `created_at`) VALUES (4, '87', 'teacher', 2, 'no', '2023-09-02 00:38:21');
INSERT INTO `libarary_members` (`id`, `library_card_no`, `member_type`, `member_id`, `is_active`, `created_at`) VALUES (5, '32', 'teacher', 6, 'no', '2023-09-02 00:38:44');


#
# TABLE STRUCTURE FOR: logs
#

DROP TABLE IF EXISTS `logs`;

CREATE TABLE `logs` (
  `id` int(11) NOT NULL AUTO_INCREMENT,
  `message` text,
  `record_id` text,
  `user_id` int(11) DEFAULT NULL,
  `action` varchar(50) DEFAULT NULL,
  `ip_address` varchar(50) DEFAULT NULL,
  `platform` varchar(50) DEFAULT NULL,
  `agent` varchar(50) DEFAULT NULL,
  `time` timestamp NOT NULL DEFAULT CURRENT_TIMESTAMP,
  `created_at` date DEFAULT NULL,
  PRIMARY KEY (`id`)
) ENGINE=InnoDB AUTO_INCREMENT=1261 DEFAULT CHARSET=utf8;

INSERT INTO `logs` (`id`, `message`, `record_id`, `user_id`, `action`, `ip_address`, `platform`, `agent`, `time`, `created_at`) VALUES (1, 'Record updated On settings id 1', '1', 1, 'Update', '157.47.104.59', 'Windows 10', 'Chrome 115.0.0.0', '2023-07-31 05:13:57', NULL);
INSERT INTO `logs` (`id`, `message`, `record_id`, `user_id`, `action`, `ip_address`, `platform`, `agent`, `time`, `created_at`) VALUES (2, 'Record updated On settings id 1', '1', 1, 'Update', '152.58.197.90', 'Windows 10', 'Chrome 115.0.0.0', '2023-07-31 15:59:01', NULL);
INSERT INTO `logs` (`id`, `message`, `record_id`, `user_id`, `action`, `ip_address`, `platform`, `agent`, `time`, `created_at`) VALUES (3, 'Record updated On settings id 1', '1', 1, 'Update', '152.58.196.101', 'Windows 10', 'Chrome 115.0.0.0', '2023-07-31 15:59:48', NULL);
INSERT INTO `logs` (`id`, `message`, `record_id`, `user_id`, `action`, `ip_address`, `platform`, `agent`, `time`, `created_at`) VALUES (4, 'Record updated On settings id 1', '1', 1, 'Update', '152.58.196.101', 'Windows 10', 'Chrome 115.0.0.0', '2023-07-31 16:00:03', NULL);
INSERT INTO `logs` (`id`, `message`, `record_id`, `user_id`, `action`, `ip_address`, `platform`, `agent`, `time`, `created_at`) VALUES (5, 'Record updated On settings id 1', '1', 1, 'Update', '152.58.196.101', 'Windows 10', 'Chrome 115.0.0.0', '2023-07-31 16:00:22', NULL);
INSERT INTO `logs` (`id`, `message`, `record_id`, `user_id`, `action`, `ip_address`, `platform`, `agent`, `time`, `created_at`) VALUES (6, 'New Record inserted On sections id 1', '1', 1, 'Insert', '157.47.107.170', 'Windows 10', 'Chrome 115.0.0.0', '2023-08-01 12:00:09', NULL);
INSERT INTO `logs` (`id`, `message`, `record_id`, `user_id`, `action`, `ip_address`, `platform`, `agent`, `time`, `created_at`) VALUES (7, 'New Record inserted On sections id 2', '2', 1, 'Insert', '157.47.107.170', 'Windows 10', 'Chrome 115.0.0.0', '2023-08-01 12:00:16', NULL);
INSERT INTO `logs` (`id`, `message`, `record_id`, `user_id`, `action`, `ip_address`, `platform`, `agent`, `time`, `created_at`) VALUES (8, 'New Record inserted On subject groups id 1', '1', 1, 'Insert', '157.47.107.170', 'Windows 10', 'Chrome 115.0.0.0', '2023-08-01 12:00:28', NULL);
INSERT INTO `logs` (`id`, `message`, `record_id`, `user_id`, `action`, `ip_address`, `platform`, `agent`, `time`, `created_at`) VALUES (9, 'New Record inserted On  categories id 1', '1', 1, 'Insert', '157.47.107.170', 'Windows 10', 'Chrome 115.0.0.0', '2023-08-01 12:00:49', NULL);
INSERT INTO `logs` (`id`, `message`, `record_id`, `user_id`, `action`, `ip_address`, `platform`, `agent`, `time`, `created_at`) VALUES (10, 'New Record inserted On  fee type id 1', '1', 1, 'Insert', '157.47.107.170', 'Windows 10', 'Chrome 115.0.0.0', '2023-08-01 12:01:28', NULL);
INSERT INTO `logs` (`id`, `message`, `record_id`, `user_id`, `action`, `ip_address`, `platform`, `agent`, `time`, `created_at`) VALUES (11, 'New Record inserted On  fees discounts id 1', '1', 1, 'Insert', '157.47.107.170', 'Windows 10', 'Chrome 115.0.0.0', '2023-08-01 12:02:03', NULL);
INSERT INTO `logs` (`id`, `message`, `record_id`, `user_id`, `action`, `ip_address`, `platform`, `agent`, `time`, `created_at`) VALUES (12, 'New Record inserted On  fee group id 1', '1', 1, 'Insert', '157.47.107.170', 'Windows 10', 'Chrome 115.0.0.0', '2023-08-01 12:02:26', NULL);
INSERT INTO `logs` (`id`, `message`, `record_id`, `user_id`, `action`, `ip_address`, `platform`, `agent`, `time`, `created_at`) VALUES (13, 'New Record inserted On  fee groups feetype id 1', '1', 1, 'Insert', '157.47.107.170', 'Windows 10', 'Chrome 115.0.0.0', '2023-08-01 12:02:49', NULL);
INSERT INTO `logs` (`id`, `message`, `record_id`, `user_id`, `action`, `ip_address`, `platform`, `agent`, `time`, `created_at`) VALUES (14, 'New Record inserted On students id 1', '1', 1, 'Insert', '157.47.107.170', 'Windows 10', 'Chrome 115.0.0.0', '2023-08-01 12:04:31', NULL);
INSERT INTO `logs` (`id`, `message`, `record_id`, `user_id`, `action`, `ip_address`, `platform`, `agent`, `time`, `created_at`) VALUES (15, 'New Record inserted On  student session id 1', '1', 1, 'Insert', '157.47.107.170', 'Windows 10', 'Chrome 115.0.0.0', '2023-08-01 12:04:31', NULL);
INSERT INTO `logs` (`id`, `message`, `record_id`, `user_id`, `action`, `ip_address`, `platform`, `agent`, `time`, `created_at`) VALUES (16, 'New Record inserted On users id 1', '1', 1, 'Insert', '157.47.107.170', 'Windows 10', 'Chrome 115.0.0.0', '2023-08-01 12:04:31', NULL);
INSERT INTO `logs` (`id`, `message`, `record_id`, `user_id`, `action`, `ip_address`, `platform`, `agent`, `time`, `created_at`) VALUES (17, 'New Record inserted On users id 2', '2', 1, 'Insert', '157.47.107.170', 'Windows 10', 'Chrome 115.0.0.0', '2023-08-01 12:04:31', NULL);
INSERT INTO `logs` (`id`, `message`, `record_id`, `user_id`, `action`, `ip_address`, `platform`, `agent`, `time`, `created_at`) VALUES (18, 'Record updated On students id 1', '1', 1, 'Update', '157.47.107.170', 'Windows 10', 'Chrome 115.0.0.0', '2023-08-01 12:04:31', NULL);
INSERT INTO `logs` (`id`, `message`, `record_id`, `user_id`, `action`, `ip_address`, `platform`, `agent`, `time`, `created_at`) VALUES (19, 'Record updated On staff id 1', '1', 1, 'Update', '157.48.179.134', 'Windows 10', 'Chrome 115.0.0.0', '2023-08-03 04:07:12', NULL);
INSERT INTO `logs` (`id`, `message`, `record_id`, `user_id`, `action`, `ip_address`, `platform`, `agent`, `time`, `created_at`) VALUES (20, 'Record updated On staff id 1', '1', 1, 'Update', '157.48.179.134', 'Windows 10', 'Chrome 115.0.0.0', '2023-08-03 04:07:17', NULL);
INSERT INTO `logs` (`id`, `message`, `record_id`, `user_id`, `action`, `ip_address`, `platform`, `agent`, `time`, `created_at`) VALUES (21, 'Record updated On student fees deposite id 1', '1', 1, 'Update', '49.43.250.73', 'Windows 10', 'Chrome 115.0.0.0', '2023-08-03 15:35:39', NULL);
INSERT INTO `logs` (`id`, `message`, `record_id`, `user_id`, `action`, `ip_address`, `platform`, `agent`, `time`, `created_at`) VALUES (22, 'Record updated On student fees deposite id 1', '1', 1, 'Update', '49.43.250.73', 'Windows 10', 'Chrome 115.0.0.0', '2023-08-03 15:35:39', NULL);
INSERT INTO `logs` (`id`, `message`, `record_id`, `user_id`, `action`, `ip_address`, `platform`, `agent`, `time`, `created_at`) VALUES (23, 'New Record inserted On  fees discounts id 2', '2', 1, 'Insert', '49.43.250.73', 'Windows 10', 'Chrome 115.0.0.0', '2023-08-03 15:48:12', NULL);
INSERT INTO `logs` (`id`, `message`, `record_id`, `user_id`, `action`, `ip_address`, `platform`, `agent`, `time`, `created_at`) VALUES (24, 'Record updated On settings id 1', '1', 1, 'Update', '49.43.250.73', 'Windows 10', 'Chrome 115.0.0.0', '2023-08-03 16:09:21', NULL);
INSERT INTO `logs` (`id`, `message`, `record_id`, `user_id`, `action`, `ip_address`, `platform`, `agent`, `time`, `created_at`) VALUES (25, 'New Record inserted On students id 2', '2', 1, 'Insert', '49.43.250.73', 'Windows 10', 'Chrome 115.0.0.0', '2023-08-03 22:00:50', NULL);
INSERT INTO `logs` (`id`, `message`, `record_id`, `user_id`, `action`, `ip_address`, `platform`, `agent`, `time`, `created_at`) VALUES (26, 'New Record inserted On  student session id 2', '2', 1, 'Insert', '49.43.250.73', 'Windows 10', 'Chrome 115.0.0.0', '2023-08-03 22:00:50', NULL);
INSERT INTO `logs` (`id`, `message`, `record_id`, `user_id`, `action`, `ip_address`, `platform`, `agent`, `time`, `created_at`) VALUES (27, 'New Record inserted On users id 3', '3', 1, 'Insert', '49.43.250.73', 'Windows 10', 'Chrome 115.0.0.0', '2023-08-03 22:00:50', NULL);
INSERT INTO `logs` (`id`, `message`, `record_id`, `user_id`, `action`, `ip_address`, `platform`, `agent`, `time`, `created_at`) VALUES (28, 'New Record inserted On users id 4', '4', 1, 'Insert', '49.43.250.73', 'Windows 10', 'Chrome 115.0.0.0', '2023-08-03 22:00:50', NULL);
INSERT INTO `logs` (`id`, `message`, `record_id`, `user_id`, `action`, `ip_address`, `platform`, `agent`, `time`, `created_at`) VALUES (29, 'Record updated On students id 2', '2', 1, 'Update', '49.43.250.73', 'Windows 10', 'Chrome 115.0.0.0', '2023-08-03 22:00:50', NULL);
INSERT INTO `logs` (`id`, `message`, `record_id`, `user_id`, `action`, `ip_address`, `platform`, `agent`, `time`, `created_at`) VALUES (30, 'New Record inserted On students id 3', '3', 1, 'Insert', '49.43.250.73', 'Windows 10', 'Chrome 115.0.0.0', '2023-08-03 22:00:50', NULL);
INSERT INTO `logs` (`id`, `message`, `record_id`, `user_id`, `action`, `ip_address`, `platform`, `agent`, `time`, `created_at`) VALUES (31, 'New Record inserted On  student session id 3', '3', 1, 'Insert', '49.43.250.73', 'Windows 10', 'Chrome 115.0.0.0', '2023-08-03 22:00:50', NULL);
INSERT INTO `logs` (`id`, `message`, `record_id`, `user_id`, `action`, `ip_address`, `platform`, `agent`, `time`, `created_at`) VALUES (32, 'New Record inserted On users id 5', '5', 1, 'Insert', '49.43.250.73', 'Windows 10', 'Chrome 115.0.0.0', '2023-08-03 22:00:50', NULL);
INSERT INTO `logs` (`id`, `message`, `record_id`, `user_id`, `action`, `ip_address`, `platform`, `agent`, `time`, `created_at`) VALUES (33, 'New Record inserted On users id 6', '6', 1, 'Insert', '49.43.250.73', 'Windows 10', 'Chrome 115.0.0.0', '2023-08-03 22:00:50', NULL);
INSERT INTO `logs` (`id`, `message`, `record_id`, `user_id`, `action`, `ip_address`, `platform`, `agent`, `time`, `created_at`) VALUES (34, 'Record updated On students id 3', '3', 1, 'Update', '49.43.250.73', 'Windows 10', 'Chrome 115.0.0.0', '2023-08-03 22:00:50', NULL);
INSERT INTO `logs` (`id`, `message`, `record_id`, `user_id`, `action`, `ip_address`, `platform`, `agent`, `time`, `created_at`) VALUES (35, 'New Record inserted On students id 4', '4', 1, 'Insert', '49.43.250.73', 'Windows 10', 'Chrome 115.0.0.0', '2023-08-03 22:00:50', NULL);
INSERT INTO `logs` (`id`, `message`, `record_id`, `user_id`, `action`, `ip_address`, `platform`, `agent`, `time`, `created_at`) VALUES (36, 'New Record inserted On  student session id 4', '4', 1, 'Insert', '49.43.250.73', 'Windows 10', 'Chrome 115.0.0.0', '2023-08-03 22:00:50', NULL);
INSERT INTO `logs` (`id`, `message`, `record_id`, `user_id`, `action`, `ip_address`, `platform`, `agent`, `time`, `created_at`) VALUES (37, 'New Record inserted On users id 7', '7', 1, 'Insert', '49.43.250.73', 'Windows 10', 'Chrome 115.0.0.0', '2023-08-03 22:00:50', NULL);
INSERT INTO `logs` (`id`, `message`, `record_id`, `user_id`, `action`, `ip_address`, `platform`, `agent`, `time`, `created_at`) VALUES (38, 'New Record inserted On users id 8', '8', 1, 'Insert', '49.43.250.73', 'Windows 10', 'Chrome 115.0.0.0', '2023-08-03 22:00:50', NULL);
INSERT INTO `logs` (`id`, `message`, `record_id`, `user_id`, `action`, `ip_address`, `platform`, `agent`, `time`, `created_at`) VALUES (39, 'Record updated On students id 4', '4', 1, 'Update', '49.43.250.73', 'Windows 10', 'Chrome 115.0.0.0', '2023-08-03 22:00:50', NULL);
INSERT INTO `logs` (`id`, `message`, `record_id`, `user_id`, `action`, `ip_address`, `platform`, `agent`, `time`, `created_at`) VALUES (40, 'New Record inserted On students id 5', '5', 1, 'Insert', '49.43.250.73', 'Windows 10', 'Chrome 115.0.0.0', '2023-08-03 22:00:50', NULL);
INSERT INTO `logs` (`id`, `message`, `record_id`, `user_id`, `action`, `ip_address`, `platform`, `agent`, `time`, `created_at`) VALUES (41, 'New Record inserted On  student session id 5', '5', 1, 'Insert', '49.43.250.73', 'Windows 10', 'Chrome 115.0.0.0', '2023-08-03 22:00:50', NULL);
INSERT INTO `logs` (`id`, `message`, `record_id`, `user_id`, `action`, `ip_address`, `platform`, `agent`, `time`, `created_at`) VALUES (42, 'New Record inserted On users id 9', '9', 1, 'Insert', '49.43.250.73', 'Windows 10', 'Chrome 115.0.0.0', '2023-08-03 22:00:50', NULL);
INSERT INTO `logs` (`id`, `message`, `record_id`, `user_id`, `action`, `ip_address`, `platform`, `agent`, `time`, `created_at`) VALUES (43, 'New Record inserted On users id 10', '10', 1, 'Insert', '49.43.250.73', 'Windows 10', 'Chrome 115.0.0.0', '2023-08-03 22:00:50', NULL);
INSERT INTO `logs` (`id`, `message`, `record_id`, `user_id`, `action`, `ip_address`, `platform`, `agent`, `time`, `created_at`) VALUES (44, 'Record updated On students id 5', '5', 1, 'Update', '49.43.250.73', 'Windows 10', 'Chrome 115.0.0.0', '2023-08-03 22:00:50', NULL);
INSERT INTO `logs` (`id`, `message`, `record_id`, `user_id`, `action`, `ip_address`, `platform`, `agent`, `time`, `created_at`) VALUES (45, 'New Record inserted On students id 6', '6', 1, 'Insert', '49.43.250.73', 'Windows 10', 'Chrome 115.0.0.0', '2023-08-03 22:00:50', NULL);
INSERT INTO `logs` (`id`, `message`, `record_id`, `user_id`, `action`, `ip_address`, `platform`, `agent`, `time`, `created_at`) VALUES (46, 'New Record inserted On  student session id 6', '6', 1, 'Insert', '49.43.250.73', 'Windows 10', 'Chrome 115.0.0.0', '2023-08-03 22:00:50', NULL);
INSERT INTO `logs` (`id`, `message`, `record_id`, `user_id`, `action`, `ip_address`, `platform`, `agent`, `time`, `created_at`) VALUES (47, 'New Record inserted On users id 11', '11', 1, 'Insert', '49.43.250.73', 'Windows 10', 'Chrome 115.0.0.0', '2023-08-03 22:00:50', NULL);
INSERT INTO `logs` (`id`, `message`, `record_id`, `user_id`, `action`, `ip_address`, `platform`, `agent`, `time`, `created_at`) VALUES (48, 'New Record inserted On users id 12', '12', 1, 'Insert', '49.43.250.73', 'Windows 10', 'Chrome 115.0.0.0', '2023-08-03 22:00:50', NULL);
INSERT INTO `logs` (`id`, `message`, `record_id`, `user_id`, `action`, `ip_address`, `platform`, `agent`, `time`, `created_at`) VALUES (49, 'Record updated On students id 6', '6', 1, 'Update', '49.43.250.73', 'Windows 10', 'Chrome 115.0.0.0', '2023-08-03 22:00:50', NULL);
INSERT INTO `logs` (`id`, `message`, `record_id`, `user_id`, `action`, `ip_address`, `platform`, `agent`, `time`, `created_at`) VALUES (50, 'New Record inserted On students id 7', '7', 1, 'Insert', '49.43.250.73', 'Windows 10', 'Chrome 115.0.0.0', '2023-08-03 22:00:50', NULL);
INSERT INTO `logs` (`id`, `message`, `record_id`, `user_id`, `action`, `ip_address`, `platform`, `agent`, `time`, `created_at`) VALUES (51, 'New Record inserted On  student session id 7', '7', 1, 'Insert', '49.43.250.73', 'Windows 10', 'Chrome 115.0.0.0', '2023-08-03 22:00:50', NULL);
INSERT INTO `logs` (`id`, `message`, `record_id`, `user_id`, `action`, `ip_address`, `platform`, `agent`, `time`, `created_at`) VALUES (52, 'New Record inserted On users id 13', '13', 1, 'Insert', '49.43.250.73', 'Windows 10', 'Chrome 115.0.0.0', '2023-08-03 22:00:50', NULL);
INSERT INTO `logs` (`id`, `message`, `record_id`, `user_id`, `action`, `ip_address`, `platform`, `agent`, `time`, `created_at`) VALUES (53, 'New Record inserted On users id 14', '14', 1, 'Insert', '49.43.250.73', 'Windows 10', 'Chrome 115.0.0.0', '2023-08-03 22:00:50', NULL);
INSERT INTO `logs` (`id`, `message`, `record_id`, `user_id`, `action`, `ip_address`, `platform`, `agent`, `time`, `created_at`) VALUES (54, 'Record updated On students id 7', '7', 1, 'Update', '49.43.250.73', 'Windows 10', 'Chrome 115.0.0.0', '2023-08-03 22:00:50', NULL);
INSERT INTO `logs` (`id`, `message`, `record_id`, `user_id`, `action`, `ip_address`, `platform`, `agent`, `time`, `created_at`) VALUES (55, 'New Record inserted On students id 8', '8', 1, 'Insert', '49.43.250.73', 'Windows 10', 'Chrome 115.0.0.0', '2023-08-03 22:00:50', NULL);
INSERT INTO `logs` (`id`, `message`, `record_id`, `user_id`, `action`, `ip_address`, `platform`, `agent`, `time`, `created_at`) VALUES (56, 'New Record inserted On  student session id 8', '8', 1, 'Insert', '49.43.250.73', 'Windows 10', 'Chrome 115.0.0.0', '2023-08-03 22:00:50', NULL);
INSERT INTO `logs` (`id`, `message`, `record_id`, `user_id`, `action`, `ip_address`, `platform`, `agent`, `time`, `created_at`) VALUES (57, 'New Record inserted On users id 15', '15', 1, 'Insert', '49.43.250.73', 'Windows 10', 'Chrome 115.0.0.0', '2023-08-03 22:00:50', NULL);
INSERT INTO `logs` (`id`, `message`, `record_id`, `user_id`, `action`, `ip_address`, `platform`, `agent`, `time`, `created_at`) VALUES (58, 'New Record inserted On users id 16', '16', 1, 'Insert', '49.43.250.73', 'Windows 10', 'Chrome 115.0.0.0', '2023-08-03 22:00:50', NULL);
INSERT INTO `logs` (`id`, `message`, `record_id`, `user_id`, `action`, `ip_address`, `platform`, `agent`, `time`, `created_at`) VALUES (59, 'Record updated On students id 8', '8', 1, 'Update', '49.43.250.73', 'Windows 10', 'Chrome 115.0.0.0', '2023-08-03 22:00:50', NULL);
INSERT INTO `logs` (`id`, `message`, `record_id`, `user_id`, `action`, `ip_address`, `platform`, `agent`, `time`, `created_at`) VALUES (60, 'New Record inserted On students id 9', '9', 1, 'Insert', '49.43.250.73', 'Windows 10', 'Chrome 115.0.0.0', '2023-08-03 22:00:50', NULL);
INSERT INTO `logs` (`id`, `message`, `record_id`, `user_id`, `action`, `ip_address`, `platform`, `agent`, `time`, `created_at`) VALUES (61, 'New Record inserted On  student session id 9', '9', 1, 'Insert', '49.43.250.73', 'Windows 10', 'Chrome 115.0.0.0', '2023-08-03 22:00:50', NULL);
INSERT INTO `logs` (`id`, `message`, `record_id`, `user_id`, `action`, `ip_address`, `platform`, `agent`, `time`, `created_at`) VALUES (62, 'New Record inserted On users id 17', '17', 1, 'Insert', '49.43.250.73', 'Windows 10', 'Chrome 115.0.0.0', '2023-08-03 22:00:50', NULL);
INSERT INTO `logs` (`id`, `message`, `record_id`, `user_id`, `action`, `ip_address`, `platform`, `agent`, `time`, `created_at`) VALUES (63, 'New Record inserted On users id 18', '18', 1, 'Insert', '49.43.250.73', 'Windows 10', 'Chrome 115.0.0.0', '2023-08-03 22:00:50', NULL);
INSERT INTO `logs` (`id`, `message`, `record_id`, `user_id`, `action`, `ip_address`, `platform`, `agent`, `time`, `created_at`) VALUES (64, 'Record updated On students id 9', '9', 1, 'Update', '49.43.250.73', 'Windows 10', 'Chrome 115.0.0.0', '2023-08-03 22:00:50', NULL);
INSERT INTO `logs` (`id`, `message`, `record_id`, `user_id`, `action`, `ip_address`, `platform`, `agent`, `time`, `created_at`) VALUES (65, 'New Record inserted On students id 10', '10', 1, 'Insert', '49.43.250.73', 'Windows 10', 'Chrome 115.0.0.0', '2023-08-03 22:00:50', NULL);
INSERT INTO `logs` (`id`, `message`, `record_id`, `user_id`, `action`, `ip_address`, `platform`, `agent`, `time`, `created_at`) VALUES (66, 'New Record inserted On  student session id 10', '10', 1, 'Insert', '49.43.250.73', 'Windows 10', 'Chrome 115.0.0.0', '2023-08-03 22:00:50', NULL);
INSERT INTO `logs` (`id`, `message`, `record_id`, `user_id`, `action`, `ip_address`, `platform`, `agent`, `time`, `created_at`) VALUES (67, 'New Record inserted On users id 19', '19', 1, 'Insert', '49.43.250.73', 'Windows 10', 'Chrome 115.0.0.0', '2023-08-03 22:00:50', NULL);
INSERT INTO `logs` (`id`, `message`, `record_id`, `user_id`, `action`, `ip_address`, `platform`, `agent`, `time`, `created_at`) VALUES (68, 'New Record inserted On users id 20', '20', 1, 'Insert', '49.43.250.73', 'Windows 10', 'Chrome 115.0.0.0', '2023-08-03 22:00:50', NULL);
INSERT INTO `logs` (`id`, `message`, `record_id`, `user_id`, `action`, `ip_address`, `platform`, `agent`, `time`, `created_at`) VALUES (69, 'Record updated On students id 10', '10', 1, 'Update', '49.43.250.73', 'Windows 10', 'Chrome 115.0.0.0', '2023-08-03 22:00:50', NULL);
INSERT INTO `logs` (`id`, `message`, `record_id`, `user_id`, `action`, `ip_address`, `platform`, `agent`, `time`, `created_at`) VALUES (70, 'New Record inserted On students id 11', '11', 1, 'Insert', '49.43.250.73', 'Windows 10', 'Chrome 115.0.0.0', '2023-08-03 22:00:50', NULL);
INSERT INTO `logs` (`id`, `message`, `record_id`, `user_id`, `action`, `ip_address`, `platform`, `agent`, `time`, `created_at`) VALUES (71, 'New Record inserted On  student session id 11', '11', 1, 'Insert', '49.43.250.73', 'Windows 10', 'Chrome 115.0.0.0', '2023-08-03 22:00:50', NULL);
INSERT INTO `logs` (`id`, `message`, `record_id`, `user_id`, `action`, `ip_address`, `platform`, `agent`, `time`, `created_at`) VALUES (72, 'New Record inserted On users id 21', '21', 1, 'Insert', '49.43.250.73', 'Windows 10', 'Chrome 115.0.0.0', '2023-08-03 22:00:50', NULL);
INSERT INTO `logs` (`id`, `message`, `record_id`, `user_id`, `action`, `ip_address`, `platform`, `agent`, `time`, `created_at`) VALUES (73, 'New Record inserted On users id 22', '22', 1, 'Insert', '49.43.250.73', 'Windows 10', 'Chrome 115.0.0.0', '2023-08-03 22:00:50', NULL);
INSERT INTO `logs` (`id`, `message`, `record_id`, `user_id`, `action`, `ip_address`, `platform`, `agent`, `time`, `created_at`) VALUES (74, 'Record updated On students id 11', '11', 1, 'Update', '49.43.250.73', 'Windows 10', 'Chrome 115.0.0.0', '2023-08-03 22:00:50', NULL);
INSERT INTO `logs` (`id`, `message`, `record_id`, `user_id`, `action`, `ip_address`, `platform`, `agent`, `time`, `created_at`) VALUES (75, 'New Record inserted On students id 12', '12', 1, 'Insert', '49.43.250.73', 'Windows 10', 'Chrome 115.0.0.0', '2023-08-03 22:00:50', NULL);
INSERT INTO `logs` (`id`, `message`, `record_id`, `user_id`, `action`, `ip_address`, `platform`, `agent`, `time`, `created_at`) VALUES (76, 'New Record inserted On  student session id 12', '12', 1, 'Insert', '49.43.250.73', 'Windows 10', 'Chrome 115.0.0.0', '2023-08-03 22:00:50', NULL);
INSERT INTO `logs` (`id`, `message`, `record_id`, `user_id`, `action`, `ip_address`, `platform`, `agent`, `time`, `created_at`) VALUES (77, 'New Record inserted On users id 23', '23', 1, 'Insert', '49.43.250.73', 'Windows 10', 'Chrome 115.0.0.0', '2023-08-03 22:00:50', NULL);
INSERT INTO `logs` (`id`, `message`, `record_id`, `user_id`, `action`, `ip_address`, `platform`, `agent`, `time`, `created_at`) VALUES (78, 'New Record inserted On users id 24', '24', 1, 'Insert', '49.43.250.73', 'Windows 10', 'Chrome 115.0.0.0', '2023-08-03 22:00:50', NULL);
INSERT INTO `logs` (`id`, `message`, `record_id`, `user_id`, `action`, `ip_address`, `platform`, `agent`, `time`, `created_at`) VALUES (79, 'Record updated On students id 12', '12', 1, 'Update', '49.43.250.73', 'Windows 10', 'Chrome 115.0.0.0', '2023-08-03 22:00:50', NULL);
INSERT INTO `logs` (`id`, `message`, `record_id`, `user_id`, `action`, `ip_address`, `platform`, `agent`, `time`, `created_at`) VALUES (80, 'New Record inserted On students id 13', '13', 1, 'Insert', '49.43.250.73', 'Windows 10', 'Chrome 115.0.0.0', '2023-08-03 22:00:50', NULL);
INSERT INTO `logs` (`id`, `message`, `record_id`, `user_id`, `action`, `ip_address`, `platform`, `agent`, `time`, `created_at`) VALUES (81, 'New Record inserted On  student session id 13', '13', 1, 'Insert', '49.43.250.73', 'Windows 10', 'Chrome 115.0.0.0', '2023-08-03 22:00:50', NULL);
INSERT INTO `logs` (`id`, `message`, `record_id`, `user_id`, `action`, `ip_address`, `platform`, `agent`, `time`, `created_at`) VALUES (82, 'New Record inserted On users id 25', '25', 1, 'Insert', '49.43.250.73', 'Windows 10', 'Chrome 115.0.0.0', '2023-08-03 22:00:50', NULL);
INSERT INTO `logs` (`id`, `message`, `record_id`, `user_id`, `action`, `ip_address`, `platform`, `agent`, `time`, `created_at`) VALUES (83, 'New Record inserted On users id 26', '26', 1, 'Insert', '49.43.250.73', 'Windows 10', 'Chrome 115.0.0.0', '2023-08-03 22:00:50', NULL);
INSERT INTO `logs` (`id`, `message`, `record_id`, `user_id`, `action`, `ip_address`, `platform`, `agent`, `time`, `created_at`) VALUES (84, 'Record updated On students id 13', '13', 1, 'Update', '49.43.250.73', 'Windows 10', 'Chrome 115.0.0.0', '2023-08-03 22:00:50', NULL);
INSERT INTO `logs` (`id`, `message`, `record_id`, `user_id`, `action`, `ip_address`, `platform`, `agent`, `time`, `created_at`) VALUES (85, 'New Record inserted On students id 14', '14', 1, 'Insert', '49.43.250.73', 'Windows 10', 'Chrome 115.0.0.0', '2023-08-03 22:00:50', NULL);
INSERT INTO `logs` (`id`, `message`, `record_id`, `user_id`, `action`, `ip_address`, `platform`, `agent`, `time`, `created_at`) VALUES (86, 'New Record inserted On  student session id 14', '14', 1, 'Insert', '49.43.250.73', 'Windows 10', 'Chrome 115.0.0.0', '2023-08-03 22:00:50', NULL);
INSERT INTO `logs` (`id`, `message`, `record_id`, `user_id`, `action`, `ip_address`, `platform`, `agent`, `time`, `created_at`) VALUES (87, 'New Record inserted On users id 27', '27', 1, 'Insert', '49.43.250.73', 'Windows 10', 'Chrome 115.0.0.0', '2023-08-03 22:00:50', NULL);
INSERT INTO `logs` (`id`, `message`, `record_id`, `user_id`, `action`, `ip_address`, `platform`, `agent`, `time`, `created_at`) VALUES (88, 'New Record inserted On users id 28', '28', 1, 'Insert', '49.43.250.73', 'Windows 10', 'Chrome 115.0.0.0', '2023-08-03 22:00:50', NULL);
INSERT INTO `logs` (`id`, `message`, `record_id`, `user_id`, `action`, `ip_address`, `platform`, `agent`, `time`, `created_at`) VALUES (89, 'Record updated On students id 14', '14', 1, 'Update', '49.43.250.73', 'Windows 10', 'Chrome 115.0.0.0', '2023-08-03 22:00:50', NULL);
INSERT INTO `logs` (`id`, `message`, `record_id`, `user_id`, `action`, `ip_address`, `platform`, `agent`, `time`, `created_at`) VALUES (90, 'New Record inserted On students id 15', '15', 1, 'Insert', '49.43.250.73', 'Windows 10', 'Chrome 115.0.0.0', '2023-08-03 22:00:50', NULL);
INSERT INTO `logs` (`id`, `message`, `record_id`, `user_id`, `action`, `ip_address`, `platform`, `agent`, `time`, `created_at`) VALUES (91, 'New Record inserted On  student session id 15', '15', 1, 'Insert', '49.43.250.73', 'Windows 10', 'Chrome 115.0.0.0', '2023-08-03 22:00:50', NULL);
INSERT INTO `logs` (`id`, `message`, `record_id`, `user_id`, `action`, `ip_address`, `platform`, `agent`, `time`, `created_at`) VALUES (92, 'New Record inserted On users id 29', '29', 1, 'Insert', '49.43.250.73', 'Windows 10', 'Chrome 115.0.0.0', '2023-08-03 22:00:50', NULL);
INSERT INTO `logs` (`id`, `message`, `record_id`, `user_id`, `action`, `ip_address`, `platform`, `agent`, `time`, `created_at`) VALUES (93, 'New Record inserted On users id 30', '30', 1, 'Insert', '49.43.250.73', 'Windows 10', 'Chrome 115.0.0.0', '2023-08-03 22:00:50', NULL);
INSERT INTO `logs` (`id`, `message`, `record_id`, `user_id`, `action`, `ip_address`, `platform`, `agent`, `time`, `created_at`) VALUES (94, 'Record updated On students id 15', '15', 1, 'Update', '49.43.250.73', 'Windows 10', 'Chrome 115.0.0.0', '2023-08-03 22:00:50', NULL);
INSERT INTO `logs` (`id`, `message`, `record_id`, `user_id`, `action`, `ip_address`, `platform`, `agent`, `time`, `created_at`) VALUES (95, 'New Record inserted On students id 16', '16', 1, 'Insert', '49.43.250.73', 'Windows 10', 'Chrome 115.0.0.0', '2023-08-03 22:00:50', NULL);
INSERT INTO `logs` (`id`, `message`, `record_id`, `user_id`, `action`, `ip_address`, `platform`, `agent`, `time`, `created_at`) VALUES (96, 'New Record inserted On  student session id 16', '16', 1, 'Insert', '49.43.250.73', 'Windows 10', 'Chrome 115.0.0.0', '2023-08-03 22:00:50', NULL);
INSERT INTO `logs` (`id`, `message`, `record_id`, `user_id`, `action`, `ip_address`, `platform`, `agent`, `time`, `created_at`) VALUES (97, 'New Record inserted On users id 31', '31', 1, 'Insert', '49.43.250.73', 'Windows 10', 'Chrome 115.0.0.0', '2023-08-03 22:00:50', NULL);
INSERT INTO `logs` (`id`, `message`, `record_id`, `user_id`, `action`, `ip_address`, `platform`, `agent`, `time`, `created_at`) VALUES (98, 'New Record inserted On users id 32', '32', 1, 'Insert', '49.43.250.73', 'Windows 10', 'Chrome 115.0.0.0', '2023-08-03 22:00:50', NULL);
INSERT INTO `logs` (`id`, `message`, `record_id`, `user_id`, `action`, `ip_address`, `platform`, `agent`, `time`, `created_at`) VALUES (99, 'Record updated On students id 16', '16', 1, 'Update', '49.43.250.73', 'Windows 10', 'Chrome 115.0.0.0', '2023-08-03 22:00:50', NULL);
INSERT INTO `logs` (`id`, `message`, `record_id`, `user_id`, `action`, `ip_address`, `platform`, `agent`, `time`, `created_at`) VALUES (100, 'New Record inserted On students id 17', '17', 1, 'Insert', '49.43.250.73', 'Windows 10', 'Chrome 115.0.0.0', '2023-08-03 22:00:50', NULL);
INSERT INTO `logs` (`id`, `message`, `record_id`, `user_id`, `action`, `ip_address`, `platform`, `agent`, `time`, `created_at`) VALUES (101, 'New Record inserted On  student session id 17', '17', 1, 'Insert', '49.43.250.73', 'Windows 10', 'Chrome 115.0.0.0', '2023-08-03 22:00:50', NULL);
INSERT INTO `logs` (`id`, `message`, `record_id`, `user_id`, `action`, `ip_address`, `platform`, `agent`, `time`, `created_at`) VALUES (102, 'New Record inserted On users id 33', '33', 1, 'Insert', '49.43.250.73', 'Windows 10', 'Chrome 115.0.0.0', '2023-08-03 22:00:50', NULL);
INSERT INTO `logs` (`id`, `message`, `record_id`, `user_id`, `action`, `ip_address`, `platform`, `agent`, `time`, `created_at`) VALUES (103, 'New Record inserted On users id 34', '34', 1, 'Insert', '49.43.250.73', 'Windows 10', 'Chrome 115.0.0.0', '2023-08-03 22:00:50', NULL);
INSERT INTO `logs` (`id`, `message`, `record_id`, `user_id`, `action`, `ip_address`, `platform`, `agent`, `time`, `created_at`) VALUES (104, 'Record updated On students id 17', '17', 1, 'Update', '49.43.250.73', 'Windows 10', 'Chrome 115.0.0.0', '2023-08-03 22:00:50', NULL);
INSERT INTO `logs` (`id`, `message`, `record_id`, `user_id`, `action`, `ip_address`, `platform`, `agent`, `time`, `created_at`) VALUES (105, 'New Record inserted On students id 18', '18', 1, 'Insert', '49.43.250.73', 'Windows 10', 'Chrome 115.0.0.0', '2023-08-03 22:00:50', NULL);
INSERT INTO `logs` (`id`, `message`, `record_id`, `user_id`, `action`, `ip_address`, `platform`, `agent`, `time`, `created_at`) VALUES (106, 'New Record inserted On  student session id 18', '18', 1, 'Insert', '49.43.250.73', 'Windows 10', 'Chrome 115.0.0.0', '2023-08-03 22:00:50', NULL);
INSERT INTO `logs` (`id`, `message`, `record_id`, `user_id`, `action`, `ip_address`, `platform`, `agent`, `time`, `created_at`) VALUES (107, 'New Record inserted On users id 35', '35', 1, 'Insert', '49.43.250.73', 'Windows 10', 'Chrome 115.0.0.0', '2023-08-03 22:00:50', NULL);
INSERT INTO `logs` (`id`, `message`, `record_id`, `user_id`, `action`, `ip_address`, `platform`, `agent`, `time`, `created_at`) VALUES (108, 'New Record inserted On users id 36', '36', 1, 'Insert', '49.43.250.73', 'Windows 10', 'Chrome 115.0.0.0', '2023-08-03 22:00:50', NULL);
INSERT INTO `logs` (`id`, `message`, `record_id`, `user_id`, `action`, `ip_address`, `platform`, `agent`, `time`, `created_at`) VALUES (109, 'Record updated On students id 18', '18', 1, 'Update', '49.43.250.73', 'Windows 10', 'Chrome 115.0.0.0', '2023-08-03 22:00:50', NULL);
INSERT INTO `logs` (`id`, `message`, `record_id`, `user_id`, `action`, `ip_address`, `platform`, `agent`, `time`, `created_at`) VALUES (110, 'New Record inserted On students id 19', '19', 1, 'Insert', '49.43.250.73', 'Windows 10', 'Chrome 115.0.0.0', '2023-08-03 22:00:50', NULL);
INSERT INTO `logs` (`id`, `message`, `record_id`, `user_id`, `action`, `ip_address`, `platform`, `agent`, `time`, `created_at`) VALUES (111, 'New Record inserted On  student session id 19', '19', 1, 'Insert', '49.43.250.73', 'Windows 10', 'Chrome 115.0.0.0', '2023-08-03 22:00:50', NULL);
INSERT INTO `logs` (`id`, `message`, `record_id`, `user_id`, `action`, `ip_address`, `platform`, `agent`, `time`, `created_at`) VALUES (112, 'New Record inserted On users id 37', '37', 1, 'Insert', '49.43.250.73', 'Windows 10', 'Chrome 115.0.0.0', '2023-08-03 22:00:50', NULL);
INSERT INTO `logs` (`id`, `message`, `record_id`, `user_id`, `action`, `ip_address`, `platform`, `agent`, `time`, `created_at`) VALUES (113, 'New Record inserted On users id 38', '38', 1, 'Insert', '49.43.250.73', 'Windows 10', 'Chrome 115.0.0.0', '2023-08-03 22:00:50', NULL);
INSERT INTO `logs` (`id`, `message`, `record_id`, `user_id`, `action`, `ip_address`, `platform`, `agent`, `time`, `created_at`) VALUES (114, 'Record updated On students id 19', '19', 1, 'Update', '49.43.250.73', 'Windows 10', 'Chrome 115.0.0.0', '2023-08-03 22:00:50', NULL);
INSERT INTO `logs` (`id`, `message`, `record_id`, `user_id`, `action`, `ip_address`, `platform`, `agent`, `time`, `created_at`) VALUES (115, 'New Record inserted On students id 20', '20', 1, 'Insert', '49.43.250.73', 'Windows 10', 'Chrome 115.0.0.0', '2023-08-03 22:00:50', NULL);
INSERT INTO `logs` (`id`, `message`, `record_id`, `user_id`, `action`, `ip_address`, `platform`, `agent`, `time`, `created_at`) VALUES (116, 'New Record inserted On  student session id 20', '20', 1, 'Insert', '49.43.250.73', 'Windows 10', 'Chrome 115.0.0.0', '2023-08-03 22:00:50', NULL);
INSERT INTO `logs` (`id`, `message`, `record_id`, `user_id`, `action`, `ip_address`, `platform`, `agent`, `time`, `created_at`) VALUES (117, 'New Record inserted On users id 39', '39', 1, 'Insert', '49.43.250.73', 'Windows 10', 'Chrome 115.0.0.0', '2023-08-03 22:00:50', NULL);
INSERT INTO `logs` (`id`, `message`, `record_id`, `user_id`, `action`, `ip_address`, `platform`, `agent`, `time`, `created_at`) VALUES (118, 'New Record inserted On users id 40', '40', 1, 'Insert', '49.43.250.73', 'Windows 10', 'Chrome 115.0.0.0', '2023-08-03 22:00:50', NULL);
INSERT INTO `logs` (`id`, `message`, `record_id`, `user_id`, `action`, `ip_address`, `platform`, `agent`, `time`, `created_at`) VALUES (119, 'Record updated On students id 20', '20', 1, 'Update', '49.43.250.73', 'Windows 10', 'Chrome 115.0.0.0', '2023-08-03 22:00:50', NULL);
INSERT INTO `logs` (`id`, `message`, `record_id`, `user_id`, `action`, `ip_address`, `platform`, `agent`, `time`, `created_at`) VALUES (120, 'New Record inserted On students id 21', '21', 1, 'Insert', '49.43.250.73', 'Windows 10', 'Chrome 115.0.0.0', '2023-08-03 22:00:50', NULL);
INSERT INTO `logs` (`id`, `message`, `record_id`, `user_id`, `action`, `ip_address`, `platform`, `agent`, `time`, `created_at`) VALUES (121, 'New Record inserted On  student session id 21', '21', 1, 'Insert', '49.43.250.73', 'Windows 10', 'Chrome 115.0.0.0', '2023-08-03 22:00:50', NULL);
INSERT INTO `logs` (`id`, `message`, `record_id`, `user_id`, `action`, `ip_address`, `platform`, `agent`, `time`, `created_at`) VALUES (122, 'New Record inserted On users id 41', '41', 1, 'Insert', '49.43.250.73', 'Windows 10', 'Chrome 115.0.0.0', '2023-08-03 22:00:50', NULL);
INSERT INTO `logs` (`id`, `message`, `record_id`, `user_id`, `action`, `ip_address`, `platform`, `agent`, `time`, `created_at`) VALUES (123, 'New Record inserted On users id 42', '42', 1, 'Insert', '49.43.250.73', 'Windows 10', 'Chrome 115.0.0.0', '2023-08-03 22:00:50', NULL);
INSERT INTO `logs` (`id`, `message`, `record_id`, `user_id`, `action`, `ip_address`, `platform`, `agent`, `time`, `created_at`) VALUES (124, 'Record updated On students id 21', '21', 1, 'Update', '49.43.250.73', 'Windows 10', 'Chrome 115.0.0.0', '2023-08-03 22:00:50', NULL);
INSERT INTO `logs` (`id`, `message`, `record_id`, `user_id`, `action`, `ip_address`, `platform`, `agent`, `time`, `created_at`) VALUES (125, 'New Record inserted On students id 22', '22', 1, 'Insert', '49.43.250.73', 'Windows 10', 'Chrome 115.0.0.0', '2023-08-03 22:00:50', NULL);
INSERT INTO `logs` (`id`, `message`, `record_id`, `user_id`, `action`, `ip_address`, `platform`, `agent`, `time`, `created_at`) VALUES (126, 'New Record inserted On  student session id 22', '22', 1, 'Insert', '49.43.250.73', 'Windows 10', 'Chrome 115.0.0.0', '2023-08-03 22:00:50', NULL);
INSERT INTO `logs` (`id`, `message`, `record_id`, `user_id`, `action`, `ip_address`, `platform`, `agent`, `time`, `created_at`) VALUES (127, 'New Record inserted On users id 43', '43', 1, 'Insert', '49.43.250.73', 'Windows 10', 'Chrome 115.0.0.0', '2023-08-03 22:00:50', NULL);
INSERT INTO `logs` (`id`, `message`, `record_id`, `user_id`, `action`, `ip_address`, `platform`, `agent`, `time`, `created_at`) VALUES (128, 'New Record inserted On users id 44', '44', 1, 'Insert', '49.43.250.73', 'Windows 10', 'Chrome 115.0.0.0', '2023-08-03 22:00:50', NULL);
INSERT INTO `logs` (`id`, `message`, `record_id`, `user_id`, `action`, `ip_address`, `platform`, `agent`, `time`, `created_at`) VALUES (129, 'Record updated On students id 22', '22', 1, 'Update', '49.43.250.73', 'Windows 10', 'Chrome 115.0.0.0', '2023-08-03 22:00:50', NULL);
INSERT INTO `logs` (`id`, `message`, `record_id`, `user_id`, `action`, `ip_address`, `platform`, `agent`, `time`, `created_at`) VALUES (130, 'New Record inserted On students id 23', '23', 1, 'Insert', '49.43.250.73', 'Windows 10', 'Chrome 115.0.0.0', '2023-08-03 22:00:50', NULL);
INSERT INTO `logs` (`id`, `message`, `record_id`, `user_id`, `action`, `ip_address`, `platform`, `agent`, `time`, `created_at`) VALUES (131, 'New Record inserted On  student session id 23', '23', 1, 'Insert', '49.43.250.73', 'Windows 10', 'Chrome 115.0.0.0', '2023-08-03 22:00:50', NULL);
INSERT INTO `logs` (`id`, `message`, `record_id`, `user_id`, `action`, `ip_address`, `platform`, `agent`, `time`, `created_at`) VALUES (132, 'New Record inserted On users id 45', '45', 1, 'Insert', '49.43.250.73', 'Windows 10', 'Chrome 115.0.0.0', '2023-08-03 22:00:50', NULL);
INSERT INTO `logs` (`id`, `message`, `record_id`, `user_id`, `action`, `ip_address`, `platform`, `agent`, `time`, `created_at`) VALUES (133, 'New Record inserted On users id 46', '46', 1, 'Insert', '49.43.250.73', 'Windows 10', 'Chrome 115.0.0.0', '2023-08-03 22:00:50', NULL);
INSERT INTO `logs` (`id`, `message`, `record_id`, `user_id`, `action`, `ip_address`, `platform`, `agent`, `time`, `created_at`) VALUES (134, 'Record updated On students id 23', '23', 1, 'Update', '49.43.250.73', 'Windows 10', 'Chrome 115.0.0.0', '2023-08-03 22:00:50', NULL);
INSERT INTO `logs` (`id`, `message`, `record_id`, `user_id`, `action`, `ip_address`, `platform`, `agent`, `time`, `created_at`) VALUES (135, 'New Record inserted On students id 24', '24', 1, 'Insert', '49.43.250.73', 'Windows 10', 'Chrome 115.0.0.0', '2023-08-03 22:00:50', NULL);
INSERT INTO `logs` (`id`, `message`, `record_id`, `user_id`, `action`, `ip_address`, `platform`, `agent`, `time`, `created_at`) VALUES (136, 'New Record inserted On  student session id 24', '24', 1, 'Insert', '49.43.250.73', 'Windows 10', 'Chrome 115.0.0.0', '2023-08-03 22:00:50', NULL);
INSERT INTO `logs` (`id`, `message`, `record_id`, `user_id`, `action`, `ip_address`, `platform`, `agent`, `time`, `created_at`) VALUES (137, 'New Record inserted On users id 47', '47', 1, 'Insert', '49.43.250.73', 'Windows 10', 'Chrome 115.0.0.0', '2023-08-03 22:00:50', NULL);
INSERT INTO `logs` (`id`, `message`, `record_id`, `user_id`, `action`, `ip_address`, `platform`, `agent`, `time`, `created_at`) VALUES (138, 'New Record inserted On users id 48', '48', 1, 'Insert', '49.43.250.73', 'Windows 10', 'Chrome 115.0.0.0', '2023-08-03 22:00:50', NULL);
INSERT INTO `logs` (`id`, `message`, `record_id`, `user_id`, `action`, `ip_address`, `platform`, `agent`, `time`, `created_at`) VALUES (139, 'Record updated On students id 24', '24', 1, 'Update', '49.43.250.73', 'Windows 10', 'Chrome 115.0.0.0', '2023-08-03 22:00:50', NULL);
INSERT INTO `logs` (`id`, `message`, `record_id`, `user_id`, `action`, `ip_address`, `platform`, `agent`, `time`, `created_at`) VALUES (140, 'New Record inserted On students id 25', '25', 1, 'Insert', '49.43.250.73', 'Windows 10', 'Chrome 115.0.0.0', '2023-08-03 22:00:50', NULL);
INSERT INTO `logs` (`id`, `message`, `record_id`, `user_id`, `action`, `ip_address`, `platform`, `agent`, `time`, `created_at`) VALUES (141, 'New Record inserted On  student session id 25', '25', 1, 'Insert', '49.43.250.73', 'Windows 10', 'Chrome 115.0.0.0', '2023-08-03 22:00:50', NULL);
INSERT INTO `logs` (`id`, `message`, `record_id`, `user_id`, `action`, `ip_address`, `platform`, `agent`, `time`, `created_at`) VALUES (142, 'New Record inserted On users id 49', '49', 1, 'Insert', '49.43.250.73', 'Windows 10', 'Chrome 115.0.0.0', '2023-08-03 22:00:50', NULL);
INSERT INTO `logs` (`id`, `message`, `record_id`, `user_id`, `action`, `ip_address`, `platform`, `agent`, `time`, `created_at`) VALUES (143, 'New Record inserted On users id 50', '50', 1, 'Insert', '49.43.250.73', 'Windows 10', 'Chrome 115.0.0.0', '2023-08-03 22:00:50', NULL);
INSERT INTO `logs` (`id`, `message`, `record_id`, `user_id`, `action`, `ip_address`, `platform`, `agent`, `time`, `created_at`) VALUES (144, 'Record updated On students id 25', '25', 1, 'Update', '49.43.250.73', 'Windows 10', 'Chrome 115.0.0.0', '2023-08-03 22:00:50', NULL);
INSERT INTO `logs` (`id`, `message`, `record_id`, `user_id`, `action`, `ip_address`, `platform`, `agent`, `time`, `created_at`) VALUES (145, 'New Record inserted On students id 26', '26', 1, 'Insert', '49.43.250.73', 'Windows 10', 'Chrome 115.0.0.0', '2023-08-03 22:00:50', NULL);
INSERT INTO `logs` (`id`, `message`, `record_id`, `user_id`, `action`, `ip_address`, `platform`, `agent`, `time`, `created_at`) VALUES (146, 'New Record inserted On  student session id 26', '26', 1, 'Insert', '49.43.250.73', 'Windows 10', 'Chrome 115.0.0.0', '2023-08-03 22:00:50', NULL);
INSERT INTO `logs` (`id`, `message`, `record_id`, `user_id`, `action`, `ip_address`, `platform`, `agent`, `time`, `created_at`) VALUES (147, 'New Record inserted On users id 51', '51', 1, 'Insert', '49.43.250.73', 'Windows 10', 'Chrome 115.0.0.0', '2023-08-03 22:00:50', NULL);
INSERT INTO `logs` (`id`, `message`, `record_id`, `user_id`, `action`, `ip_address`, `platform`, `agent`, `time`, `created_at`) VALUES (148, 'New Record inserted On users id 52', '52', 1, 'Insert', '49.43.250.73', 'Windows 10', 'Chrome 115.0.0.0', '2023-08-03 22:00:50', NULL);
INSERT INTO `logs` (`id`, `message`, `record_id`, `user_id`, `action`, `ip_address`, `platform`, `agent`, `time`, `created_at`) VALUES (149, 'Record updated On students id 26', '26', 1, 'Update', '49.43.250.73', 'Windows 10', 'Chrome 115.0.0.0', '2023-08-03 22:00:50', NULL);
INSERT INTO `logs` (`id`, `message`, `record_id`, `user_id`, `action`, `ip_address`, `platform`, `agent`, `time`, `created_at`) VALUES (150, 'New Record inserted On students id 27', '27', 1, 'Insert', '49.43.250.73', 'Windows 10', 'Chrome 115.0.0.0', '2023-08-03 22:00:50', NULL);
INSERT INTO `logs` (`id`, `message`, `record_id`, `user_id`, `action`, `ip_address`, `platform`, `agent`, `time`, `created_at`) VALUES (151, 'New Record inserted On  student session id 27', '27', 1, 'Insert', '49.43.250.73', 'Windows 10', 'Chrome 115.0.0.0', '2023-08-03 22:00:50', NULL);
INSERT INTO `logs` (`id`, `message`, `record_id`, `user_id`, `action`, `ip_address`, `platform`, `agent`, `time`, `created_at`) VALUES (152, 'New Record inserted On users id 53', '53', 1, 'Insert', '49.43.250.73', 'Windows 10', 'Chrome 115.0.0.0', '2023-08-03 22:00:50', NULL);
INSERT INTO `logs` (`id`, `message`, `record_id`, `user_id`, `action`, `ip_address`, `platform`, `agent`, `time`, `created_at`) VALUES (153, 'New Record inserted On users id 54', '54', 1, 'Insert', '49.43.250.73', 'Windows 10', 'Chrome 115.0.0.0', '2023-08-03 22:00:50', NULL);
INSERT INTO `logs` (`id`, `message`, `record_id`, `user_id`, `action`, `ip_address`, `platform`, `agent`, `time`, `created_at`) VALUES (154, 'Record updated On students id 27', '27', 1, 'Update', '49.43.250.73', 'Windows 10', 'Chrome 115.0.0.0', '2023-08-03 22:00:50', NULL);
INSERT INTO `logs` (`id`, `message`, `record_id`, `user_id`, `action`, `ip_address`, `platform`, `agent`, `time`, `created_at`) VALUES (155, 'New Record inserted On students id 28', '28', 1, 'Insert', '49.43.250.73', 'Windows 10', 'Chrome 115.0.0.0', '2023-08-03 22:00:50', NULL);
INSERT INTO `logs` (`id`, `message`, `record_id`, `user_id`, `action`, `ip_address`, `platform`, `agent`, `time`, `created_at`) VALUES (156, 'New Record inserted On  student session id 28', '28', 1, 'Insert', '49.43.250.73', 'Windows 10', 'Chrome 115.0.0.0', '2023-08-03 22:00:50', NULL);
INSERT INTO `logs` (`id`, `message`, `record_id`, `user_id`, `action`, `ip_address`, `platform`, `agent`, `time`, `created_at`) VALUES (157, 'New Record inserted On users id 55', '55', 1, 'Insert', '49.43.250.73', 'Windows 10', 'Chrome 115.0.0.0', '2023-08-03 22:00:50', NULL);
INSERT INTO `logs` (`id`, `message`, `record_id`, `user_id`, `action`, `ip_address`, `platform`, `agent`, `time`, `created_at`) VALUES (158, 'New Record inserted On users id 56', '56', 1, 'Insert', '49.43.250.73', 'Windows 10', 'Chrome 115.0.0.0', '2023-08-03 22:00:50', NULL);
INSERT INTO `logs` (`id`, `message`, `record_id`, `user_id`, `action`, `ip_address`, `platform`, `agent`, `time`, `created_at`) VALUES (159, 'Record updated On students id 28', '28', 1, 'Update', '49.43.250.73', 'Windows 10', 'Chrome 115.0.0.0', '2023-08-03 22:00:50', NULL);
INSERT INTO `logs` (`id`, `message`, `record_id`, `user_id`, `action`, `ip_address`, `platform`, `agent`, `time`, `created_at`) VALUES (160, 'New Record inserted On students id 29', '29', 1, 'Insert', '49.43.250.73', 'Windows 10', 'Chrome 115.0.0.0', '2023-08-03 22:00:50', NULL);
INSERT INTO `logs` (`id`, `message`, `record_id`, `user_id`, `action`, `ip_address`, `platform`, `agent`, `time`, `created_at`) VALUES (161, 'New Record inserted On  student session id 29', '29', 1, 'Insert', '49.43.250.73', 'Windows 10', 'Chrome 115.0.0.0', '2023-08-03 22:00:50', NULL);
INSERT INTO `logs` (`id`, `message`, `record_id`, `user_id`, `action`, `ip_address`, `platform`, `agent`, `time`, `created_at`) VALUES (162, 'New Record inserted On users id 57', '57', 1, 'Insert', '49.43.250.73', 'Windows 10', 'Chrome 115.0.0.0', '2023-08-03 22:00:50', NULL);
INSERT INTO `logs` (`id`, `message`, `record_id`, `user_id`, `action`, `ip_address`, `platform`, `agent`, `time`, `created_at`) VALUES (163, 'New Record inserted On users id 58', '58', 1, 'Insert', '49.43.250.73', 'Windows 10', 'Chrome 115.0.0.0', '2023-08-03 22:00:50', NULL);
INSERT INTO `logs` (`id`, `message`, `record_id`, `user_id`, `action`, `ip_address`, `platform`, `agent`, `time`, `created_at`) VALUES (164, 'Record updated On students id 29', '29', 1, 'Update', '49.43.250.73', 'Windows 10', 'Chrome 115.0.0.0', '2023-08-03 22:00:50', NULL);
INSERT INTO `logs` (`id`, `message`, `record_id`, `user_id`, `action`, `ip_address`, `platform`, `agent`, `time`, `created_at`) VALUES (165, 'New Record inserted On students id 30', '30', 1, 'Insert', '49.43.250.73', 'Windows 10', 'Chrome 115.0.0.0', '2023-08-03 22:00:50', NULL);
INSERT INTO `logs` (`id`, `message`, `record_id`, `user_id`, `action`, `ip_address`, `platform`, `agent`, `time`, `created_at`) VALUES (166, 'New Record inserted On  student session id 30', '30', 1, 'Insert', '49.43.250.73', 'Windows 10', 'Chrome 115.0.0.0', '2023-08-03 22:00:50', NULL);
INSERT INTO `logs` (`id`, `message`, `record_id`, `user_id`, `action`, `ip_address`, `platform`, `agent`, `time`, `created_at`) VALUES (167, 'New Record inserted On users id 59', '59', 1, 'Insert', '49.43.250.73', 'Windows 10', 'Chrome 115.0.0.0', '2023-08-03 22:00:50', NULL);
INSERT INTO `logs` (`id`, `message`, `record_id`, `user_id`, `action`, `ip_address`, `platform`, `agent`, `time`, `created_at`) VALUES (168, 'New Record inserted On users id 60', '60', 1, 'Insert', '49.43.250.73', 'Windows 10', 'Chrome 115.0.0.0', '2023-08-03 22:00:50', NULL);
INSERT INTO `logs` (`id`, `message`, `record_id`, `user_id`, `action`, `ip_address`, `platform`, `agent`, `time`, `created_at`) VALUES (169, 'Record updated On students id 30', '30', 1, 'Update', '49.43.250.73', 'Windows 10', 'Chrome 115.0.0.0', '2023-08-03 22:00:50', NULL);
INSERT INTO `logs` (`id`, `message`, `record_id`, `user_id`, `action`, `ip_address`, `platform`, `agent`, `time`, `created_at`) VALUES (170, 'New Record inserted On students id 31', '31', 1, 'Insert', '49.43.250.73', 'Windows 10', 'Chrome 115.0.0.0', '2023-08-03 22:00:50', NULL);
INSERT INTO `logs` (`id`, `message`, `record_id`, `user_id`, `action`, `ip_address`, `platform`, `agent`, `time`, `created_at`) VALUES (171, 'New Record inserted On  student session id 31', '31', 1, 'Insert', '49.43.250.73', 'Windows 10', 'Chrome 115.0.0.0', '2023-08-03 22:00:50', NULL);
INSERT INTO `logs` (`id`, `message`, `record_id`, `user_id`, `action`, `ip_address`, `platform`, `agent`, `time`, `created_at`) VALUES (172, 'New Record inserted On users id 61', '61', 1, 'Insert', '49.43.250.73', 'Windows 10', 'Chrome 115.0.0.0', '2023-08-03 22:00:50', NULL);
INSERT INTO `logs` (`id`, `message`, `record_id`, `user_id`, `action`, `ip_address`, `platform`, `agent`, `time`, `created_at`) VALUES (173, 'New Record inserted On users id 62', '62', 1, 'Insert', '49.43.250.73', 'Windows 10', 'Chrome 115.0.0.0', '2023-08-03 22:00:50', NULL);
INSERT INTO `logs` (`id`, `message`, `record_id`, `user_id`, `action`, `ip_address`, `platform`, `agent`, `time`, `created_at`) VALUES (174, 'Record updated On students id 31', '31', 1, 'Update', '49.43.250.73', 'Windows 10', 'Chrome 115.0.0.0', '2023-08-03 22:00:50', NULL);
INSERT INTO `logs` (`id`, `message`, `record_id`, `user_id`, `action`, `ip_address`, `platform`, `agent`, `time`, `created_at`) VALUES (175, 'New Record inserted On students id 32', '32', 1, 'Insert', '49.43.250.73', 'Windows 10', 'Chrome 115.0.0.0', '2023-08-03 22:00:50', NULL);
INSERT INTO `logs` (`id`, `message`, `record_id`, `user_id`, `action`, `ip_address`, `platform`, `agent`, `time`, `created_at`) VALUES (176, 'New Record inserted On  student session id 32', '32', 1, 'Insert', '49.43.250.73', 'Windows 10', 'Chrome 115.0.0.0', '2023-08-03 22:00:50', NULL);
INSERT INTO `logs` (`id`, `message`, `record_id`, `user_id`, `action`, `ip_address`, `platform`, `agent`, `time`, `created_at`) VALUES (177, 'New Record inserted On users id 63', '63', 1, 'Insert', '49.43.250.73', 'Windows 10', 'Chrome 115.0.0.0', '2023-08-03 22:00:50', NULL);
INSERT INTO `logs` (`id`, `message`, `record_id`, `user_id`, `action`, `ip_address`, `platform`, `agent`, `time`, `created_at`) VALUES (178, 'New Record inserted On users id 64', '64', 1, 'Insert', '49.43.250.73', 'Windows 10', 'Chrome 115.0.0.0', '2023-08-03 22:00:50', NULL);
INSERT INTO `logs` (`id`, `message`, `record_id`, `user_id`, `action`, `ip_address`, `platform`, `agent`, `time`, `created_at`) VALUES (179, 'Record updated On students id 32', '32', 1, 'Update', '49.43.250.73', 'Windows 10', 'Chrome 115.0.0.0', '2023-08-03 22:00:50', NULL);
INSERT INTO `logs` (`id`, `message`, `record_id`, `user_id`, `action`, `ip_address`, `platform`, `agent`, `time`, `created_at`) VALUES (180, 'New Record inserted On students id 33', '33', 1, 'Insert', '49.43.250.73', 'Windows 10', 'Chrome 115.0.0.0', '2023-08-03 22:00:50', NULL);
INSERT INTO `logs` (`id`, `message`, `record_id`, `user_id`, `action`, `ip_address`, `platform`, `agent`, `time`, `created_at`) VALUES (181, 'New Record inserted On  student session id 33', '33', 1, 'Insert', '49.43.250.73', 'Windows 10', 'Chrome 115.0.0.0', '2023-08-03 22:00:50', NULL);
INSERT INTO `logs` (`id`, `message`, `record_id`, `user_id`, `action`, `ip_address`, `platform`, `agent`, `time`, `created_at`) VALUES (182, 'New Record inserted On users id 65', '65', 1, 'Insert', '49.43.250.73', 'Windows 10', 'Chrome 115.0.0.0', '2023-08-03 22:00:50', NULL);
INSERT INTO `logs` (`id`, `message`, `record_id`, `user_id`, `action`, `ip_address`, `platform`, `agent`, `time`, `created_at`) VALUES (183, 'New Record inserted On users id 66', '66', 1, 'Insert', '49.43.250.73', 'Windows 10', 'Chrome 115.0.0.0', '2023-08-03 22:00:50', NULL);
INSERT INTO `logs` (`id`, `message`, `record_id`, `user_id`, `action`, `ip_address`, `platform`, `agent`, `time`, `created_at`) VALUES (184, 'Record updated On students id 33', '33', 1, 'Update', '49.43.250.73', 'Windows 10', 'Chrome 115.0.0.0', '2023-08-03 22:00:50', NULL);
INSERT INTO `logs` (`id`, `message`, `record_id`, `user_id`, `action`, `ip_address`, `platform`, `agent`, `time`, `created_at`) VALUES (185, 'New Record inserted On students id 34', '34', 1, 'Insert', '49.43.250.73', 'Windows 10', 'Chrome 115.0.0.0', '2023-08-03 22:00:50', NULL);
INSERT INTO `logs` (`id`, `message`, `record_id`, `user_id`, `action`, `ip_address`, `platform`, `agent`, `time`, `created_at`) VALUES (186, 'New Record inserted On  student session id 34', '34', 1, 'Insert', '49.43.250.73', 'Windows 10', 'Chrome 115.0.0.0', '2023-08-03 22:00:50', NULL);
INSERT INTO `logs` (`id`, `message`, `record_id`, `user_id`, `action`, `ip_address`, `platform`, `agent`, `time`, `created_at`) VALUES (187, 'New Record inserted On users id 67', '67', 1, 'Insert', '49.43.250.73', 'Windows 10', 'Chrome 115.0.0.0', '2023-08-03 22:00:50', NULL);
INSERT INTO `logs` (`id`, `message`, `record_id`, `user_id`, `action`, `ip_address`, `platform`, `agent`, `time`, `created_at`) VALUES (188, 'New Record inserted On users id 68', '68', 1, 'Insert', '49.43.250.73', 'Windows 10', 'Chrome 115.0.0.0', '2023-08-03 22:00:50', NULL);
INSERT INTO `logs` (`id`, `message`, `record_id`, `user_id`, `action`, `ip_address`, `platform`, `agent`, `time`, `created_at`) VALUES (189, 'Record updated On students id 34', '34', 1, 'Update', '49.43.250.73', 'Windows 10', 'Chrome 115.0.0.0', '2023-08-03 22:00:50', NULL);
INSERT INTO `logs` (`id`, `message`, `record_id`, `user_id`, `action`, `ip_address`, `platform`, `agent`, `time`, `created_at`) VALUES (190, 'New Record inserted On students id 35', '35', 1, 'Insert', '49.43.250.73', 'Windows 10', 'Chrome 115.0.0.0', '2023-08-03 22:00:50', NULL);
INSERT INTO `logs` (`id`, `message`, `record_id`, `user_id`, `action`, `ip_address`, `platform`, `agent`, `time`, `created_at`) VALUES (191, 'New Record inserted On  student session id 35', '35', 1, 'Insert', '49.43.250.73', 'Windows 10', 'Chrome 115.0.0.0', '2023-08-03 22:00:50', NULL);
INSERT INTO `logs` (`id`, `message`, `record_id`, `user_id`, `action`, `ip_address`, `platform`, `agent`, `time`, `created_at`) VALUES (192, 'New Record inserted On users id 69', '69', 1, 'Insert', '49.43.250.73', 'Windows 10', 'Chrome 115.0.0.0', '2023-08-03 22:00:50', NULL);
INSERT INTO `logs` (`id`, `message`, `record_id`, `user_id`, `action`, `ip_address`, `platform`, `agent`, `time`, `created_at`) VALUES (193, 'New Record inserted On users id 70', '70', 1, 'Insert', '49.43.250.73', 'Windows 10', 'Chrome 115.0.0.0', '2023-08-03 22:00:50', NULL);
INSERT INTO `logs` (`id`, `message`, `record_id`, `user_id`, `action`, `ip_address`, `platform`, `agent`, `time`, `created_at`) VALUES (194, 'Record updated On students id 35', '35', 1, 'Update', '49.43.250.73', 'Windows 10', 'Chrome 115.0.0.0', '2023-08-03 22:00:50', NULL);
INSERT INTO `logs` (`id`, `message`, `record_id`, `user_id`, `action`, `ip_address`, `platform`, `agent`, `time`, `created_at`) VALUES (195, 'New Record inserted On students id 36', '36', 1, 'Insert', '49.43.250.73', 'Windows 10', 'Chrome 115.0.0.0', '2023-08-03 22:00:50', NULL);
INSERT INTO `logs` (`id`, `message`, `record_id`, `user_id`, `action`, `ip_address`, `platform`, `agent`, `time`, `created_at`) VALUES (196, 'New Record inserted On  student session id 36', '36', 1, 'Insert', '49.43.250.73', 'Windows 10', 'Chrome 115.0.0.0', '2023-08-03 22:00:50', NULL);
INSERT INTO `logs` (`id`, `message`, `record_id`, `user_id`, `action`, `ip_address`, `platform`, `agent`, `time`, `created_at`) VALUES (197, 'New Record inserted On users id 71', '71', 1, 'Insert', '49.43.250.73', 'Windows 10', 'Chrome 115.0.0.0', '2023-08-03 22:00:50', NULL);
INSERT INTO `logs` (`id`, `message`, `record_id`, `user_id`, `action`, `ip_address`, `platform`, `agent`, `time`, `created_at`) VALUES (198, 'New Record inserted On users id 72', '72', 1, 'Insert', '49.43.250.73', 'Windows 10', 'Chrome 115.0.0.0', '2023-08-03 22:00:50', NULL);
INSERT INTO `logs` (`id`, `message`, `record_id`, `user_id`, `action`, `ip_address`, `platform`, `agent`, `time`, `created_at`) VALUES (199, 'Record updated On students id 36', '36', 1, 'Update', '49.43.250.73', 'Windows 10', 'Chrome 115.0.0.0', '2023-08-03 22:00:50', NULL);
INSERT INTO `logs` (`id`, `message`, `record_id`, `user_id`, `action`, `ip_address`, `platform`, `agent`, `time`, `created_at`) VALUES (200, 'New Record inserted On students id 37', '37', 1, 'Insert', '49.43.250.73', 'Windows 10', 'Chrome 115.0.0.0', '2023-08-03 22:00:50', NULL);
INSERT INTO `logs` (`id`, `message`, `record_id`, `user_id`, `action`, `ip_address`, `platform`, `agent`, `time`, `created_at`) VALUES (201, 'New Record inserted On  student session id 37', '37', 1, 'Insert', '49.43.250.73', 'Windows 10', 'Chrome 115.0.0.0', '2023-08-03 22:00:50', NULL);
INSERT INTO `logs` (`id`, `message`, `record_id`, `user_id`, `action`, `ip_address`, `platform`, `agent`, `time`, `created_at`) VALUES (202, 'New Record inserted On users id 73', '73', 1, 'Insert', '49.43.250.73', 'Windows 10', 'Chrome 115.0.0.0', '2023-08-03 22:00:50', NULL);
INSERT INTO `logs` (`id`, `message`, `record_id`, `user_id`, `action`, `ip_address`, `platform`, `agent`, `time`, `created_at`) VALUES (203, 'New Record inserted On users id 74', '74', 1, 'Insert', '49.43.250.73', 'Windows 10', 'Chrome 115.0.0.0', '2023-08-03 22:00:50', NULL);
INSERT INTO `logs` (`id`, `message`, `record_id`, `user_id`, `action`, `ip_address`, `platform`, `agent`, `time`, `created_at`) VALUES (204, 'Record updated On students id 37', '37', 1, 'Update', '49.43.250.73', 'Windows 10', 'Chrome 115.0.0.0', '2023-08-03 22:00:50', NULL);
INSERT INTO `logs` (`id`, `message`, `record_id`, `user_id`, `action`, `ip_address`, `platform`, `agent`, `time`, `created_at`) VALUES (205, 'New Record inserted On students id 38', '38', 1, 'Insert', '49.43.250.73', 'Windows 10', 'Chrome 115.0.0.0', '2023-08-03 22:00:50', NULL);
INSERT INTO `logs` (`id`, `message`, `record_id`, `user_id`, `action`, `ip_address`, `platform`, `agent`, `time`, `created_at`) VALUES (206, 'New Record inserted On  student session id 38', '38', 1, 'Insert', '49.43.250.73', 'Windows 10', 'Chrome 115.0.0.0', '2023-08-03 22:00:50', NULL);
INSERT INTO `logs` (`id`, `message`, `record_id`, `user_id`, `action`, `ip_address`, `platform`, `agent`, `time`, `created_at`) VALUES (207, 'New Record inserted On users id 75', '75', 1, 'Insert', '49.43.250.73', 'Windows 10', 'Chrome 115.0.0.0', '2023-08-03 22:00:50', NULL);
INSERT INTO `logs` (`id`, `message`, `record_id`, `user_id`, `action`, `ip_address`, `platform`, `agent`, `time`, `created_at`) VALUES (208, 'New Record inserted On users id 76', '76', 1, 'Insert', '49.43.250.73', 'Windows 10', 'Chrome 115.0.0.0', '2023-08-03 22:00:50', NULL);
INSERT INTO `logs` (`id`, `message`, `record_id`, `user_id`, `action`, `ip_address`, `platform`, `agent`, `time`, `created_at`) VALUES (209, 'Record updated On students id 38', '38', 1, 'Update', '49.43.250.73', 'Windows 10', 'Chrome 115.0.0.0', '2023-08-03 22:00:50', NULL);
INSERT INTO `logs` (`id`, `message`, `record_id`, `user_id`, `action`, `ip_address`, `platform`, `agent`, `time`, `created_at`) VALUES (210, 'New Record inserted On students id 39', '39', 1, 'Insert', '49.43.250.73', 'Windows 10', 'Chrome 115.0.0.0', '2023-08-03 22:00:50', NULL);
INSERT INTO `logs` (`id`, `message`, `record_id`, `user_id`, `action`, `ip_address`, `platform`, `agent`, `time`, `created_at`) VALUES (211, 'New Record inserted On  student session id 39', '39', 1, 'Insert', '49.43.250.73', 'Windows 10', 'Chrome 115.0.0.0', '2023-08-03 22:00:50', NULL);
INSERT INTO `logs` (`id`, `message`, `record_id`, `user_id`, `action`, `ip_address`, `platform`, `agent`, `time`, `created_at`) VALUES (212, 'New Record inserted On users id 77', '77', 1, 'Insert', '49.43.250.73', 'Windows 10', 'Chrome 115.0.0.0', '2023-08-03 22:00:50', NULL);
INSERT INTO `logs` (`id`, `message`, `record_id`, `user_id`, `action`, `ip_address`, `platform`, `agent`, `time`, `created_at`) VALUES (213, 'New Record inserted On users id 78', '78', 1, 'Insert', '49.43.250.73', 'Windows 10', 'Chrome 115.0.0.0', '2023-08-03 22:00:50', NULL);
INSERT INTO `logs` (`id`, `message`, `record_id`, `user_id`, `action`, `ip_address`, `platform`, `agent`, `time`, `created_at`) VALUES (214, 'Record updated On students id 39', '39', 1, 'Update', '49.43.250.73', 'Windows 10', 'Chrome 115.0.0.0', '2023-08-03 22:00:50', NULL);
INSERT INTO `logs` (`id`, `message`, `record_id`, `user_id`, `action`, `ip_address`, `platform`, `agent`, `time`, `created_at`) VALUES (215, 'New Record inserted On students id 40', '40', 1, 'Insert', '49.43.250.73', 'Windows 10', 'Chrome 115.0.0.0', '2023-08-03 22:00:50', NULL);
INSERT INTO `logs` (`id`, `message`, `record_id`, `user_id`, `action`, `ip_address`, `platform`, `agent`, `time`, `created_at`) VALUES (216, 'New Record inserted On  student session id 40', '40', 1, 'Insert', '49.43.250.73', 'Windows 10', 'Chrome 115.0.0.0', '2023-08-03 22:00:50', NULL);
INSERT INTO `logs` (`id`, `message`, `record_id`, `user_id`, `action`, `ip_address`, `platform`, `agent`, `time`, `created_at`) VALUES (217, 'New Record inserted On users id 79', '79', 1, 'Insert', '49.43.250.73', 'Windows 10', 'Chrome 115.0.0.0', '2023-08-03 22:00:50', NULL);
INSERT INTO `logs` (`id`, `message`, `record_id`, `user_id`, `action`, `ip_address`, `platform`, `agent`, `time`, `created_at`) VALUES (218, 'New Record inserted On users id 80', '80', 1, 'Insert', '49.43.250.73', 'Windows 10', 'Chrome 115.0.0.0', '2023-08-03 22:00:50', NULL);
INSERT INTO `logs` (`id`, `message`, `record_id`, `user_id`, `action`, `ip_address`, `platform`, `agent`, `time`, `created_at`) VALUES (219, 'Record updated On students id 40', '40', 1, 'Update', '49.43.250.73', 'Windows 10', 'Chrome 115.0.0.0', '2023-08-03 22:00:50', NULL);
INSERT INTO `logs` (`id`, `message`, `record_id`, `user_id`, `action`, `ip_address`, `platform`, `agent`, `time`, `created_at`) VALUES (220, 'New Record inserted On students id 41', '41', 1, 'Insert', '49.43.250.73', 'Windows 10', 'Chrome 115.0.0.0', '2023-08-03 22:00:50', NULL);
INSERT INTO `logs` (`id`, `message`, `record_id`, `user_id`, `action`, `ip_address`, `platform`, `agent`, `time`, `created_at`) VALUES (221, 'New Record inserted On  student session id 41', '41', 1, 'Insert', '49.43.250.73', 'Windows 10', 'Chrome 115.0.0.0', '2023-08-03 22:00:50', NULL);
INSERT INTO `logs` (`id`, `message`, `record_id`, `user_id`, `action`, `ip_address`, `platform`, `agent`, `time`, `created_at`) VALUES (222, 'New Record inserted On users id 81', '81', 1, 'Insert', '49.43.250.73', 'Windows 10', 'Chrome 115.0.0.0', '2023-08-03 22:00:50', NULL);
INSERT INTO `logs` (`id`, `message`, `record_id`, `user_id`, `action`, `ip_address`, `platform`, `agent`, `time`, `created_at`) VALUES (223, 'New Record inserted On users id 82', '82', 1, 'Insert', '49.43.250.73', 'Windows 10', 'Chrome 115.0.0.0', '2023-08-03 22:00:50', NULL);
INSERT INTO `logs` (`id`, `message`, `record_id`, `user_id`, `action`, `ip_address`, `platform`, `agent`, `time`, `created_at`) VALUES (224, 'Record updated On students id 41', '41', 1, 'Update', '49.43.250.73', 'Windows 10', 'Chrome 115.0.0.0', '2023-08-03 22:00:50', NULL);
INSERT INTO `logs` (`id`, `message`, `record_id`, `user_id`, `action`, `ip_address`, `platform`, `agent`, `time`, `created_at`) VALUES (225, 'New Record inserted On students id 42', '42', 1, 'Insert', '49.43.250.73', 'Windows 10', 'Chrome 115.0.0.0', '2023-08-03 22:00:50', NULL);
INSERT INTO `logs` (`id`, `message`, `record_id`, `user_id`, `action`, `ip_address`, `platform`, `agent`, `time`, `created_at`) VALUES (226, 'New Record inserted On  student session id 42', '42', 1, 'Insert', '49.43.250.73', 'Windows 10', 'Chrome 115.0.0.0', '2023-08-03 22:00:50', NULL);
INSERT INTO `logs` (`id`, `message`, `record_id`, `user_id`, `action`, `ip_address`, `platform`, `agent`, `time`, `created_at`) VALUES (227, 'New Record inserted On users id 83', '83', 1, 'Insert', '49.43.250.73', 'Windows 10', 'Chrome 115.0.0.0', '2023-08-03 22:00:50', NULL);
INSERT INTO `logs` (`id`, `message`, `record_id`, `user_id`, `action`, `ip_address`, `platform`, `agent`, `time`, `created_at`) VALUES (228, 'New Record inserted On users id 84', '84', 1, 'Insert', '49.43.250.73', 'Windows 10', 'Chrome 115.0.0.0', '2023-08-03 22:00:50', NULL);
INSERT INTO `logs` (`id`, `message`, `record_id`, `user_id`, `action`, `ip_address`, `platform`, `agent`, `time`, `created_at`) VALUES (229, 'Record updated On students id 42', '42', 1, 'Update', '49.43.250.73', 'Windows 10', 'Chrome 115.0.0.0', '2023-08-03 22:00:50', NULL);
INSERT INTO `logs` (`id`, `message`, `record_id`, `user_id`, `action`, `ip_address`, `platform`, `agent`, `time`, `created_at`) VALUES (230, 'New Record inserted On students id 43', '43', 1, 'Insert', '49.43.250.73', 'Windows 10', 'Chrome 115.0.0.0', '2023-08-03 22:00:50', NULL);
INSERT INTO `logs` (`id`, `message`, `record_id`, `user_id`, `action`, `ip_address`, `platform`, `agent`, `time`, `created_at`) VALUES (231, 'New Record inserted On  student session id 43', '43', 1, 'Insert', '49.43.250.73', 'Windows 10', 'Chrome 115.0.0.0', '2023-08-03 22:00:50', NULL);
INSERT INTO `logs` (`id`, `message`, `record_id`, `user_id`, `action`, `ip_address`, `platform`, `agent`, `time`, `created_at`) VALUES (232, 'New Record inserted On users id 85', '85', 1, 'Insert', '49.43.250.73', 'Windows 10', 'Chrome 115.0.0.0', '2023-08-03 22:00:50', NULL);
INSERT INTO `logs` (`id`, `message`, `record_id`, `user_id`, `action`, `ip_address`, `platform`, `agent`, `time`, `created_at`) VALUES (233, 'New Record inserted On users id 86', '86', 1, 'Insert', '49.43.250.73', 'Windows 10', 'Chrome 115.0.0.0', '2023-08-03 22:00:50', NULL);
INSERT INTO `logs` (`id`, `message`, `record_id`, `user_id`, `action`, `ip_address`, `platform`, `agent`, `time`, `created_at`) VALUES (234, 'Record updated On students id 43', '43', 1, 'Update', '49.43.250.73', 'Windows 10', 'Chrome 115.0.0.0', '2023-08-03 22:00:50', NULL);
INSERT INTO `logs` (`id`, `message`, `record_id`, `user_id`, `action`, `ip_address`, `platform`, `agent`, `time`, `created_at`) VALUES (235, 'New Record inserted On students id 44', '44', 1, 'Insert', '49.43.250.73', 'Windows 10', 'Chrome 115.0.0.0', '2023-08-03 22:00:50', NULL);
INSERT INTO `logs` (`id`, `message`, `record_id`, `user_id`, `action`, `ip_address`, `platform`, `agent`, `time`, `created_at`) VALUES (236, 'New Record inserted On  student session id 44', '44', 1, 'Insert', '49.43.250.73', 'Windows 10', 'Chrome 115.0.0.0', '2023-08-03 22:00:50', NULL);
INSERT INTO `logs` (`id`, `message`, `record_id`, `user_id`, `action`, `ip_address`, `platform`, `agent`, `time`, `created_at`) VALUES (237, 'New Record inserted On users id 87', '87', 1, 'Insert', '49.43.250.73', 'Windows 10', 'Chrome 115.0.0.0', '2023-08-03 22:00:50', NULL);
INSERT INTO `logs` (`id`, `message`, `record_id`, `user_id`, `action`, `ip_address`, `platform`, `agent`, `time`, `created_at`) VALUES (238, 'New Record inserted On users id 88', '88', 1, 'Insert', '49.43.250.73', 'Windows 10', 'Chrome 115.0.0.0', '2023-08-03 22:00:50', NULL);
INSERT INTO `logs` (`id`, `message`, `record_id`, `user_id`, `action`, `ip_address`, `platform`, `agent`, `time`, `created_at`) VALUES (239, 'Record updated On students id 44', '44', 1, 'Update', '49.43.250.73', 'Windows 10', 'Chrome 115.0.0.0', '2023-08-03 22:00:50', NULL);
INSERT INTO `logs` (`id`, `message`, `record_id`, `user_id`, `action`, `ip_address`, `platform`, `agent`, `time`, `created_at`) VALUES (240, 'New Record inserted On students id 45', '45', 1, 'Insert', '49.43.250.73', 'Windows 10', 'Chrome 115.0.0.0', '2023-08-03 22:00:50', NULL);
INSERT INTO `logs` (`id`, `message`, `record_id`, `user_id`, `action`, `ip_address`, `platform`, `agent`, `time`, `created_at`) VALUES (241, 'New Record inserted On  student session id 45', '45', 1, 'Insert', '49.43.250.73', 'Windows 10', 'Chrome 115.0.0.0', '2023-08-03 22:00:50', NULL);
INSERT INTO `logs` (`id`, `message`, `record_id`, `user_id`, `action`, `ip_address`, `platform`, `agent`, `time`, `created_at`) VALUES (242, 'New Record inserted On users id 89', '89', 1, 'Insert', '49.43.250.73', 'Windows 10', 'Chrome 115.0.0.0', '2023-08-03 22:00:50', NULL);
INSERT INTO `logs` (`id`, `message`, `record_id`, `user_id`, `action`, `ip_address`, `platform`, `agent`, `time`, `created_at`) VALUES (243, 'New Record inserted On users id 90', '90', 1, 'Insert', '49.43.250.73', 'Windows 10', 'Chrome 115.0.0.0', '2023-08-03 22:00:50', NULL);
INSERT INTO `logs` (`id`, `message`, `record_id`, `user_id`, `action`, `ip_address`, `platform`, `agent`, `time`, `created_at`) VALUES (244, 'Record updated On students id 45', '45', 1, 'Update', '49.43.250.73', 'Windows 10', 'Chrome 115.0.0.0', '2023-08-03 22:00:50', NULL);
INSERT INTO `logs` (`id`, `message`, `record_id`, `user_id`, `action`, `ip_address`, `platform`, `agent`, `time`, `created_at`) VALUES (245, 'New Record inserted On students id 46', '46', 1, 'Insert', '49.43.250.73', 'Windows 10', 'Chrome 115.0.0.0', '2023-08-03 22:00:50', NULL);
INSERT INTO `logs` (`id`, `message`, `record_id`, `user_id`, `action`, `ip_address`, `platform`, `agent`, `time`, `created_at`) VALUES (246, 'New Record inserted On  student session id 46', '46', 1, 'Insert', '49.43.250.73', 'Windows 10', 'Chrome 115.0.0.0', '2023-08-03 22:00:50', NULL);
INSERT INTO `logs` (`id`, `message`, `record_id`, `user_id`, `action`, `ip_address`, `platform`, `agent`, `time`, `created_at`) VALUES (247, 'New Record inserted On users id 91', '91', 1, 'Insert', '49.43.250.73', 'Windows 10', 'Chrome 115.0.0.0', '2023-08-03 22:00:50', NULL);
INSERT INTO `logs` (`id`, `message`, `record_id`, `user_id`, `action`, `ip_address`, `platform`, `agent`, `time`, `created_at`) VALUES (248, 'New Record inserted On users id 92', '92', 1, 'Insert', '49.43.250.73', 'Windows 10', 'Chrome 115.0.0.0', '2023-08-03 22:00:50', NULL);
INSERT INTO `logs` (`id`, `message`, `record_id`, `user_id`, `action`, `ip_address`, `platform`, `agent`, `time`, `created_at`) VALUES (249, 'Record updated On students id 46', '46', 1, 'Update', '49.43.250.73', 'Windows 10', 'Chrome 115.0.0.0', '2023-08-03 22:00:50', NULL);
INSERT INTO `logs` (`id`, `message`, `record_id`, `user_id`, `action`, `ip_address`, `platform`, `agent`, `time`, `created_at`) VALUES (250, 'New Record inserted On students id 47', '47', 1, 'Insert', '49.43.250.73', 'Windows 10', 'Chrome 115.0.0.0', '2023-08-03 22:00:50', NULL);
INSERT INTO `logs` (`id`, `message`, `record_id`, `user_id`, `action`, `ip_address`, `platform`, `agent`, `time`, `created_at`) VALUES (251, 'New Record inserted On  student session id 47', '47', 1, 'Insert', '49.43.250.73', 'Windows 10', 'Chrome 115.0.0.0', '2023-08-03 22:00:50', NULL);
INSERT INTO `logs` (`id`, `message`, `record_id`, `user_id`, `action`, `ip_address`, `platform`, `agent`, `time`, `created_at`) VALUES (252, 'New Record inserted On users id 93', '93', 1, 'Insert', '49.43.250.73', 'Windows 10', 'Chrome 115.0.0.0', '2023-08-03 22:00:50', NULL);
INSERT INTO `logs` (`id`, `message`, `record_id`, `user_id`, `action`, `ip_address`, `platform`, `agent`, `time`, `created_at`) VALUES (253, 'New Record inserted On users id 94', '94', 1, 'Insert', '49.43.250.73', 'Windows 10', 'Chrome 115.0.0.0', '2023-08-03 22:00:50', NULL);
INSERT INTO `logs` (`id`, `message`, `record_id`, `user_id`, `action`, `ip_address`, `platform`, `agent`, `time`, `created_at`) VALUES (254, 'Record updated On students id 47', '47', 1, 'Update', '49.43.250.73', 'Windows 10', 'Chrome 115.0.0.0', '2023-08-03 22:00:50', NULL);
INSERT INTO `logs` (`id`, `message`, `record_id`, `user_id`, `action`, `ip_address`, `platform`, `agent`, `time`, `created_at`) VALUES (255, 'New Record inserted On students id 48', '48', 1, 'Insert', '49.43.250.73', 'Windows 10', 'Chrome 115.0.0.0', '2023-08-03 22:00:50', NULL);
INSERT INTO `logs` (`id`, `message`, `record_id`, `user_id`, `action`, `ip_address`, `platform`, `agent`, `time`, `created_at`) VALUES (256, 'New Record inserted On  student session id 48', '48', 1, 'Insert', '49.43.250.73', 'Windows 10', 'Chrome 115.0.0.0', '2023-08-03 22:00:50', NULL);
INSERT INTO `logs` (`id`, `message`, `record_id`, `user_id`, `action`, `ip_address`, `platform`, `agent`, `time`, `created_at`) VALUES (257, 'New Record inserted On users id 95', '95', 1, 'Insert', '49.43.250.73', 'Windows 10', 'Chrome 115.0.0.0', '2023-08-03 22:00:50', NULL);
INSERT INTO `logs` (`id`, `message`, `record_id`, `user_id`, `action`, `ip_address`, `platform`, `agent`, `time`, `created_at`) VALUES (258, 'New Record inserted On users id 96', '96', 1, 'Insert', '49.43.250.73', 'Windows 10', 'Chrome 115.0.0.0', '2023-08-03 22:00:50', NULL);
INSERT INTO `logs` (`id`, `message`, `record_id`, `user_id`, `action`, `ip_address`, `platform`, `agent`, `time`, `created_at`) VALUES (259, 'Record updated On students id 48', '48', 1, 'Update', '49.43.250.73', 'Windows 10', 'Chrome 115.0.0.0', '2023-08-03 22:00:50', NULL);
INSERT INTO `logs` (`id`, `message`, `record_id`, `user_id`, `action`, `ip_address`, `platform`, `agent`, `time`, `created_at`) VALUES (260, 'New Record inserted On students id 49', '49', 1, 'Insert', '49.43.250.73', 'Windows 10', 'Chrome 115.0.0.0', '2023-08-03 22:00:50', NULL);
INSERT INTO `logs` (`id`, `message`, `record_id`, `user_id`, `action`, `ip_address`, `platform`, `agent`, `time`, `created_at`) VALUES (261, 'New Record inserted On  student session id 49', '49', 1, 'Insert', '49.43.250.73', 'Windows 10', 'Chrome 115.0.0.0', '2023-08-03 22:00:50', NULL);
INSERT INTO `logs` (`id`, `message`, `record_id`, `user_id`, `action`, `ip_address`, `platform`, `agent`, `time`, `created_at`) VALUES (262, 'New Record inserted On users id 97', '97', 1, 'Insert', '49.43.250.73', 'Windows 10', 'Chrome 115.0.0.0', '2023-08-03 22:00:50', NULL);
INSERT INTO `logs` (`id`, `message`, `record_id`, `user_id`, `action`, `ip_address`, `platform`, `agent`, `time`, `created_at`) VALUES (263, 'New Record inserted On users id 98', '98', 1, 'Insert', '49.43.250.73', 'Windows 10', 'Chrome 115.0.0.0', '2023-08-03 22:00:50', NULL);
INSERT INTO `logs` (`id`, `message`, `record_id`, `user_id`, `action`, `ip_address`, `platform`, `agent`, `time`, `created_at`) VALUES (264, 'Record updated On students id 49', '49', 1, 'Update', '49.43.250.73', 'Windows 10', 'Chrome 115.0.0.0', '2023-08-03 22:00:50', NULL);
INSERT INTO `logs` (`id`, `message`, `record_id`, `user_id`, `action`, `ip_address`, `platform`, `agent`, `time`, `created_at`) VALUES (265, 'New Record inserted On students id 50', '50', 1, 'Insert', '49.43.250.73', 'Windows 10', 'Chrome 115.0.0.0', '2023-08-03 22:00:50', NULL);
INSERT INTO `logs` (`id`, `message`, `record_id`, `user_id`, `action`, `ip_address`, `platform`, `agent`, `time`, `created_at`) VALUES (266, 'New Record inserted On  student session id 50', '50', 1, 'Insert', '49.43.250.73', 'Windows 10', 'Chrome 115.0.0.0', '2023-08-03 22:00:50', NULL);
INSERT INTO `logs` (`id`, `message`, `record_id`, `user_id`, `action`, `ip_address`, `platform`, `agent`, `time`, `created_at`) VALUES (267, 'New Record inserted On users id 99', '99', 1, 'Insert', '49.43.250.73', 'Windows 10', 'Chrome 115.0.0.0', '2023-08-03 22:00:50', NULL);
INSERT INTO `logs` (`id`, `message`, `record_id`, `user_id`, `action`, `ip_address`, `platform`, `agent`, `time`, `created_at`) VALUES (268, 'New Record inserted On users id 100', '100', 1, 'Insert', '49.43.250.73', 'Windows 10', 'Chrome 115.0.0.0', '2023-08-03 22:00:50', NULL);
INSERT INTO `logs` (`id`, `message`, `record_id`, `user_id`, `action`, `ip_address`, `platform`, `agent`, `time`, `created_at`) VALUES (269, 'Record updated On students id 50', '50', 1, 'Update', '49.43.250.73', 'Windows 10', 'Chrome 115.0.0.0', '2023-08-03 22:00:50', NULL);
INSERT INTO `logs` (`id`, `message`, `record_id`, `user_id`, `action`, `ip_address`, `platform`, `agent`, `time`, `created_at`) VALUES (270, 'New Record inserted On students id 51', '51', 1, 'Insert', '49.43.250.73', 'Windows 10', 'Chrome 115.0.0.0', '2023-08-03 22:00:50', NULL);
INSERT INTO `logs` (`id`, `message`, `record_id`, `user_id`, `action`, `ip_address`, `platform`, `agent`, `time`, `created_at`) VALUES (271, 'New Record inserted On  student session id 51', '51', 1, 'Insert', '49.43.250.73', 'Windows 10', 'Chrome 115.0.0.0', '2023-08-03 22:00:50', NULL);
INSERT INTO `logs` (`id`, `message`, `record_id`, `user_id`, `action`, `ip_address`, `platform`, `agent`, `time`, `created_at`) VALUES (272, 'New Record inserted On users id 101', '101', 1, 'Insert', '49.43.250.73', 'Windows 10', 'Chrome 115.0.0.0', '2023-08-03 22:00:50', NULL);
INSERT INTO `logs` (`id`, `message`, `record_id`, `user_id`, `action`, `ip_address`, `platform`, `agent`, `time`, `created_at`) VALUES (273, 'New Record inserted On users id 102', '102', 1, 'Insert', '49.43.250.73', 'Windows 10', 'Chrome 115.0.0.0', '2023-08-03 22:00:50', NULL);
INSERT INTO `logs` (`id`, `message`, `record_id`, `user_id`, `action`, `ip_address`, `platform`, `agent`, `time`, `created_at`) VALUES (274, 'Record updated On students id 51', '51', 1, 'Update', '49.43.250.73', 'Windows 10', 'Chrome 115.0.0.0', '2023-08-03 22:00:50', NULL);
INSERT INTO `logs` (`id`, `message`, `record_id`, `user_id`, `action`, `ip_address`, `platform`, `agent`, `time`, `created_at`) VALUES (275, 'New Record inserted On students id 52', '52', 1, 'Insert', '49.43.250.73', 'Windows 10', 'Chrome 115.0.0.0', '2023-08-03 22:00:50', NULL);
INSERT INTO `logs` (`id`, `message`, `record_id`, `user_id`, `action`, `ip_address`, `platform`, `agent`, `time`, `created_at`) VALUES (276, 'New Record inserted On  student session id 52', '52', 1, 'Insert', '49.43.250.73', 'Windows 10', 'Chrome 115.0.0.0', '2023-08-03 22:00:50', NULL);
INSERT INTO `logs` (`id`, `message`, `record_id`, `user_id`, `action`, `ip_address`, `platform`, `agent`, `time`, `created_at`) VALUES (277, 'New Record inserted On users id 103', '103', 1, 'Insert', '49.43.250.73', 'Windows 10', 'Chrome 115.0.0.0', '2023-08-03 22:00:50', NULL);
INSERT INTO `logs` (`id`, `message`, `record_id`, `user_id`, `action`, `ip_address`, `platform`, `agent`, `time`, `created_at`) VALUES (278, 'New Record inserted On users id 104', '104', 1, 'Insert', '49.43.250.73', 'Windows 10', 'Chrome 115.0.0.0', '2023-08-03 22:00:50', NULL);
INSERT INTO `logs` (`id`, `message`, `record_id`, `user_id`, `action`, `ip_address`, `platform`, `agent`, `time`, `created_at`) VALUES (279, 'Record updated On students id 52', '52', 1, 'Update', '49.43.250.73', 'Windows 10', 'Chrome 115.0.0.0', '2023-08-03 22:00:50', NULL);
INSERT INTO `logs` (`id`, `message`, `record_id`, `user_id`, `action`, `ip_address`, `platform`, `agent`, `time`, `created_at`) VALUES (280, 'New Record inserted On students id 53', '53', 1, 'Insert', '49.43.250.73', 'Windows 10', 'Chrome 115.0.0.0', '2023-08-03 22:00:50', NULL);
INSERT INTO `logs` (`id`, `message`, `record_id`, `user_id`, `action`, `ip_address`, `platform`, `agent`, `time`, `created_at`) VALUES (281, 'New Record inserted On  student session id 53', '53', 1, 'Insert', '49.43.250.73', 'Windows 10', 'Chrome 115.0.0.0', '2023-08-03 22:00:50', NULL);
INSERT INTO `logs` (`id`, `message`, `record_id`, `user_id`, `action`, `ip_address`, `platform`, `agent`, `time`, `created_at`) VALUES (282, 'New Record inserted On users id 105', '105', 1, 'Insert', '49.43.250.73', 'Windows 10', 'Chrome 115.0.0.0', '2023-08-03 22:00:50', NULL);
INSERT INTO `logs` (`id`, `message`, `record_id`, `user_id`, `action`, `ip_address`, `platform`, `agent`, `time`, `created_at`) VALUES (283, 'New Record inserted On users id 106', '106', 1, 'Insert', '49.43.250.73', 'Windows 10', 'Chrome 115.0.0.0', '2023-08-03 22:00:50', NULL);
INSERT INTO `logs` (`id`, `message`, `record_id`, `user_id`, `action`, `ip_address`, `platform`, `agent`, `time`, `created_at`) VALUES (284, 'Record updated On students id 53', '53', 1, 'Update', '49.43.250.73', 'Windows 10', 'Chrome 115.0.0.0', '2023-08-03 22:00:50', NULL);
INSERT INTO `logs` (`id`, `message`, `record_id`, `user_id`, `action`, `ip_address`, `platform`, `agent`, `time`, `created_at`) VALUES (285, 'New Record inserted On students id 54', '54', 1, 'Insert', '49.43.250.73', 'Windows 10', 'Chrome 115.0.0.0', '2023-08-03 22:00:50', NULL);
INSERT INTO `logs` (`id`, `message`, `record_id`, `user_id`, `action`, `ip_address`, `platform`, `agent`, `time`, `created_at`) VALUES (286, 'New Record inserted On  student session id 54', '54', 1, 'Insert', '49.43.250.73', 'Windows 10', 'Chrome 115.0.0.0', '2023-08-03 22:00:50', NULL);
INSERT INTO `logs` (`id`, `message`, `record_id`, `user_id`, `action`, `ip_address`, `platform`, `agent`, `time`, `created_at`) VALUES (287, 'New Record inserted On users id 107', '107', 1, 'Insert', '49.43.250.73', 'Windows 10', 'Chrome 115.0.0.0', '2023-08-03 22:00:50', NULL);
INSERT INTO `logs` (`id`, `message`, `record_id`, `user_id`, `action`, `ip_address`, `platform`, `agent`, `time`, `created_at`) VALUES (288, 'New Record inserted On users id 108', '108', 1, 'Insert', '49.43.250.73', 'Windows 10', 'Chrome 115.0.0.0', '2023-08-03 22:00:50', NULL);
INSERT INTO `logs` (`id`, `message`, `record_id`, `user_id`, `action`, `ip_address`, `platform`, `agent`, `time`, `created_at`) VALUES (289, 'Record updated On students id 54', '54', 1, 'Update', '49.43.250.73', 'Windows 10', 'Chrome 115.0.0.0', '2023-08-03 22:00:50', NULL);
INSERT INTO `logs` (`id`, `message`, `record_id`, `user_id`, `action`, `ip_address`, `platform`, `agent`, `time`, `created_at`) VALUES (290, 'New Record inserted On students id 55', '55', 1, 'Insert', '49.43.250.73', 'Windows 10', 'Chrome 115.0.0.0', '2023-08-03 22:00:50', NULL);
INSERT INTO `logs` (`id`, `message`, `record_id`, `user_id`, `action`, `ip_address`, `platform`, `agent`, `time`, `created_at`) VALUES (291, 'New Record inserted On  student session id 55', '55', 1, 'Insert', '49.43.250.73', 'Windows 10', 'Chrome 115.0.0.0', '2023-08-03 22:00:50', NULL);
INSERT INTO `logs` (`id`, `message`, `record_id`, `user_id`, `action`, `ip_address`, `platform`, `agent`, `time`, `created_at`) VALUES (292, 'New Record inserted On users id 109', '109', 1, 'Insert', '49.43.250.73', 'Windows 10', 'Chrome 115.0.0.0', '2023-08-03 22:00:50', NULL);
INSERT INTO `logs` (`id`, `message`, `record_id`, `user_id`, `action`, `ip_address`, `platform`, `agent`, `time`, `created_at`) VALUES (293, 'New Record inserted On users id 110', '110', 1, 'Insert', '49.43.250.73', 'Windows 10', 'Chrome 115.0.0.0', '2023-08-03 22:00:50', NULL);
INSERT INTO `logs` (`id`, `message`, `record_id`, `user_id`, `action`, `ip_address`, `platform`, `agent`, `time`, `created_at`) VALUES (294, 'Record updated On students id 55', '55', 1, 'Update', '49.43.250.73', 'Windows 10', 'Chrome 115.0.0.0', '2023-08-03 22:00:50', NULL);
INSERT INTO `logs` (`id`, `message`, `record_id`, `user_id`, `action`, `ip_address`, `platform`, `agent`, `time`, `created_at`) VALUES (295, 'New Record inserted On students id 56', '56', 1, 'Insert', '49.43.250.73', 'Windows 10', 'Chrome 115.0.0.0', '2023-08-03 22:00:50', NULL);
INSERT INTO `logs` (`id`, `message`, `record_id`, `user_id`, `action`, `ip_address`, `platform`, `agent`, `time`, `created_at`) VALUES (296, 'New Record inserted On  student session id 56', '56', 1, 'Insert', '49.43.250.73', 'Windows 10', 'Chrome 115.0.0.0', '2023-08-03 22:00:50', NULL);
INSERT INTO `logs` (`id`, `message`, `record_id`, `user_id`, `action`, `ip_address`, `platform`, `agent`, `time`, `created_at`) VALUES (297, 'New Record inserted On users id 111', '111', 1, 'Insert', '49.43.250.73', 'Windows 10', 'Chrome 115.0.0.0', '2023-08-03 22:00:50', NULL);
INSERT INTO `logs` (`id`, `message`, `record_id`, `user_id`, `action`, `ip_address`, `platform`, `agent`, `time`, `created_at`) VALUES (298, 'New Record inserted On users id 112', '112', 1, 'Insert', '49.43.250.73', 'Windows 10', 'Chrome 115.0.0.0', '2023-08-03 22:00:50', NULL);
INSERT INTO `logs` (`id`, `message`, `record_id`, `user_id`, `action`, `ip_address`, `platform`, `agent`, `time`, `created_at`) VALUES (299, 'Record updated On students id 56', '56', 1, 'Update', '49.43.250.73', 'Windows 10', 'Chrome 115.0.0.0', '2023-08-03 22:00:50', NULL);
INSERT INTO `logs` (`id`, `message`, `record_id`, `user_id`, `action`, `ip_address`, `platform`, `agent`, `time`, `created_at`) VALUES (300, 'New Record inserted On students id 57', '57', 1, 'Insert', '49.43.250.73', 'Windows 10', 'Chrome 115.0.0.0', '2023-08-03 22:00:50', NULL);
INSERT INTO `logs` (`id`, `message`, `record_id`, `user_id`, `action`, `ip_address`, `platform`, `agent`, `time`, `created_at`) VALUES (301, 'New Record inserted On  student session id 57', '57', 1, 'Insert', '49.43.250.73', 'Windows 10', 'Chrome 115.0.0.0', '2023-08-03 22:00:50', NULL);
INSERT INTO `logs` (`id`, `message`, `record_id`, `user_id`, `action`, `ip_address`, `platform`, `agent`, `time`, `created_at`) VALUES (302, 'New Record inserted On users id 113', '113', 1, 'Insert', '49.43.250.73', 'Windows 10', 'Chrome 115.0.0.0', '2023-08-03 22:00:50', NULL);
INSERT INTO `logs` (`id`, `message`, `record_id`, `user_id`, `action`, `ip_address`, `platform`, `agent`, `time`, `created_at`) VALUES (303, 'New Record inserted On users id 114', '114', 1, 'Insert', '49.43.250.73', 'Windows 10', 'Chrome 115.0.0.0', '2023-08-03 22:00:50', NULL);
INSERT INTO `logs` (`id`, `message`, `record_id`, `user_id`, `action`, `ip_address`, `platform`, `agent`, `time`, `created_at`) VALUES (304, 'Record updated On students id 57', '57', 1, 'Update', '49.43.250.73', 'Windows 10', 'Chrome 115.0.0.0', '2023-08-03 22:00:50', NULL);
INSERT INTO `logs` (`id`, `message`, `record_id`, `user_id`, `action`, `ip_address`, `platform`, `agent`, `time`, `created_at`) VALUES (305, 'New Record inserted On students id 58', '58', 1, 'Insert', '49.43.250.73', 'Windows 10', 'Chrome 115.0.0.0', '2023-08-03 22:00:50', NULL);
INSERT INTO `logs` (`id`, `message`, `record_id`, `user_id`, `action`, `ip_address`, `platform`, `agent`, `time`, `created_at`) VALUES (306, 'New Record inserted On  student session id 58', '58', 1, 'Insert', '49.43.250.73', 'Windows 10', 'Chrome 115.0.0.0', '2023-08-03 22:00:50', NULL);
INSERT INTO `logs` (`id`, `message`, `record_id`, `user_id`, `action`, `ip_address`, `platform`, `agent`, `time`, `created_at`) VALUES (307, 'New Record inserted On users id 115', '115', 1, 'Insert', '49.43.250.73', 'Windows 10', 'Chrome 115.0.0.0', '2023-08-03 22:00:50', NULL);
INSERT INTO `logs` (`id`, `message`, `record_id`, `user_id`, `action`, `ip_address`, `platform`, `agent`, `time`, `created_at`) VALUES (308, 'New Record inserted On users id 116', '116', 1, 'Insert', '49.43.250.73', 'Windows 10', 'Chrome 115.0.0.0', '2023-08-03 22:00:50', NULL);
INSERT INTO `logs` (`id`, `message`, `record_id`, `user_id`, `action`, `ip_address`, `platform`, `agent`, `time`, `created_at`) VALUES (309, 'Record updated On students id 58', '58', 1, 'Update', '49.43.250.73', 'Windows 10', 'Chrome 115.0.0.0', '2023-08-03 22:00:50', NULL);
INSERT INTO `logs` (`id`, `message`, `record_id`, `user_id`, `action`, `ip_address`, `platform`, `agent`, `time`, `created_at`) VALUES (310, 'New Record inserted On students id 59', '59', 1, 'Insert', '49.43.250.73', 'Windows 10', 'Chrome 115.0.0.0', '2023-08-03 22:00:50', NULL);
INSERT INTO `logs` (`id`, `message`, `record_id`, `user_id`, `action`, `ip_address`, `platform`, `agent`, `time`, `created_at`) VALUES (311, 'New Record inserted On  student session id 59', '59', 1, 'Insert', '49.43.250.73', 'Windows 10', 'Chrome 115.0.0.0', '2023-08-03 22:00:50', NULL);
INSERT INTO `logs` (`id`, `message`, `record_id`, `user_id`, `action`, `ip_address`, `platform`, `agent`, `time`, `created_at`) VALUES (312, 'New Record inserted On users id 117', '117', 1, 'Insert', '49.43.250.73', 'Windows 10', 'Chrome 115.0.0.0', '2023-08-03 22:00:50', NULL);
INSERT INTO `logs` (`id`, `message`, `record_id`, `user_id`, `action`, `ip_address`, `platform`, `agent`, `time`, `created_at`) VALUES (313, 'New Record inserted On users id 118', '118', 1, 'Insert', '49.43.250.73', 'Windows 10', 'Chrome 115.0.0.0', '2023-08-03 22:00:50', NULL);
INSERT INTO `logs` (`id`, `message`, `record_id`, `user_id`, `action`, `ip_address`, `platform`, `agent`, `time`, `created_at`) VALUES (314, 'Record updated On students id 59', '59', 1, 'Update', '49.43.250.73', 'Windows 10', 'Chrome 115.0.0.0', '2023-08-03 22:00:50', NULL);
INSERT INTO `logs` (`id`, `message`, `record_id`, `user_id`, `action`, `ip_address`, `platform`, `agent`, `time`, `created_at`) VALUES (315, 'New Record inserted On students id 60', '60', 1, 'Insert', '49.43.250.73', 'Windows 10', 'Chrome 115.0.0.0', '2023-08-03 22:00:50', NULL);
INSERT INTO `logs` (`id`, `message`, `record_id`, `user_id`, `action`, `ip_address`, `platform`, `agent`, `time`, `created_at`) VALUES (316, 'New Record inserted On  student session id 60', '60', 1, 'Insert', '49.43.250.73', 'Windows 10', 'Chrome 115.0.0.0', '2023-08-03 22:00:50', NULL);
INSERT INTO `logs` (`id`, `message`, `record_id`, `user_id`, `action`, `ip_address`, `platform`, `agent`, `time`, `created_at`) VALUES (317, 'New Record inserted On users id 119', '119', 1, 'Insert', '49.43.250.73', 'Windows 10', 'Chrome 115.0.0.0', '2023-08-03 22:00:50', NULL);
INSERT INTO `logs` (`id`, `message`, `record_id`, `user_id`, `action`, `ip_address`, `platform`, `agent`, `time`, `created_at`) VALUES (318, 'New Record inserted On users id 120', '120', 1, 'Insert', '49.43.250.73', 'Windows 10', 'Chrome 115.0.0.0', '2023-08-03 22:00:50', NULL);
INSERT INTO `logs` (`id`, `message`, `record_id`, `user_id`, `action`, `ip_address`, `platform`, `agent`, `time`, `created_at`) VALUES (319, 'Record updated On students id 60', '60', 1, 'Update', '49.43.250.73', 'Windows 10', 'Chrome 115.0.0.0', '2023-08-03 22:00:50', NULL);
INSERT INTO `logs` (`id`, `message`, `record_id`, `user_id`, `action`, `ip_address`, `platform`, `agent`, `time`, `created_at`) VALUES (320, 'New Record inserted On students id 61', '61', 1, 'Insert', '49.43.250.73', 'Windows 10', 'Chrome 115.0.0.0', '2023-08-03 22:00:50', NULL);
INSERT INTO `logs` (`id`, `message`, `record_id`, `user_id`, `action`, `ip_address`, `platform`, `agent`, `time`, `created_at`) VALUES (321, 'New Record inserted On  student session id 61', '61', 1, 'Insert', '49.43.250.73', 'Windows 10', 'Chrome 115.0.0.0', '2023-08-03 22:00:50', NULL);
INSERT INTO `logs` (`id`, `message`, `record_id`, `user_id`, `action`, `ip_address`, `platform`, `agent`, `time`, `created_at`) VALUES (322, 'New Record inserted On users id 121', '121', 1, 'Insert', '49.43.250.73', 'Windows 10', 'Chrome 115.0.0.0', '2023-08-03 22:00:50', NULL);
INSERT INTO `logs` (`id`, `message`, `record_id`, `user_id`, `action`, `ip_address`, `platform`, `agent`, `time`, `created_at`) VALUES (323, 'New Record inserted On users id 122', '122', 1, 'Insert', '49.43.250.73', 'Windows 10', 'Chrome 115.0.0.0', '2023-08-03 22:00:50', NULL);
INSERT INTO `logs` (`id`, `message`, `record_id`, `user_id`, `action`, `ip_address`, `platform`, `agent`, `time`, `created_at`) VALUES (324, 'Record updated On students id 61', '61', 1, 'Update', '49.43.250.73', 'Windows 10', 'Chrome 115.0.0.0', '2023-08-03 22:00:50', NULL);
INSERT INTO `logs` (`id`, `message`, `record_id`, `user_id`, `action`, `ip_address`, `platform`, `agent`, `time`, `created_at`) VALUES (325, 'New Record inserted On students id 62', '62', 1, 'Insert', '49.43.250.73', 'Windows 10', 'Chrome 115.0.0.0', '2023-08-03 22:00:50', NULL);
INSERT INTO `logs` (`id`, `message`, `record_id`, `user_id`, `action`, `ip_address`, `platform`, `agent`, `time`, `created_at`) VALUES (326, 'New Record inserted On  student session id 62', '62', 1, 'Insert', '49.43.250.73', 'Windows 10', 'Chrome 115.0.0.0', '2023-08-03 22:00:50', NULL);
INSERT INTO `logs` (`id`, `message`, `record_id`, `user_id`, `action`, `ip_address`, `platform`, `agent`, `time`, `created_at`) VALUES (327, 'New Record inserted On users id 123', '123', 1, 'Insert', '49.43.250.73', 'Windows 10', 'Chrome 115.0.0.0', '2023-08-03 22:00:50', NULL);
INSERT INTO `logs` (`id`, `message`, `record_id`, `user_id`, `action`, `ip_address`, `platform`, `agent`, `time`, `created_at`) VALUES (328, 'New Record inserted On users id 124', '124', 1, 'Insert', '49.43.250.73', 'Windows 10', 'Chrome 115.0.0.0', '2023-08-03 22:00:50', NULL);
INSERT INTO `logs` (`id`, `message`, `record_id`, `user_id`, `action`, `ip_address`, `platform`, `agent`, `time`, `created_at`) VALUES (329, 'Record updated On students id 62', '62', 1, 'Update', '49.43.250.73', 'Windows 10', 'Chrome 115.0.0.0', '2023-08-03 22:00:50', NULL);
INSERT INTO `logs` (`id`, `message`, `record_id`, `user_id`, `action`, `ip_address`, `platform`, `agent`, `time`, `created_at`) VALUES (330, 'New Record inserted On students id 63', '63', 1, 'Insert', '49.43.250.73', 'Windows 10', 'Chrome 115.0.0.0', '2023-08-03 22:00:50', NULL);
INSERT INTO `logs` (`id`, `message`, `record_id`, `user_id`, `action`, `ip_address`, `platform`, `agent`, `time`, `created_at`) VALUES (331, 'New Record inserted On  student session id 63', '63', 1, 'Insert', '49.43.250.73', 'Windows 10', 'Chrome 115.0.0.0', '2023-08-03 22:00:50', NULL);
INSERT INTO `logs` (`id`, `message`, `record_id`, `user_id`, `action`, `ip_address`, `platform`, `agent`, `time`, `created_at`) VALUES (332, 'New Record inserted On users id 125', '125', 1, 'Insert', '49.43.250.73', 'Windows 10', 'Chrome 115.0.0.0', '2023-08-03 22:00:50', NULL);
INSERT INTO `logs` (`id`, `message`, `record_id`, `user_id`, `action`, `ip_address`, `platform`, `agent`, `time`, `created_at`) VALUES (333, 'New Record inserted On users id 126', '126', 1, 'Insert', '49.43.250.73', 'Windows 10', 'Chrome 115.0.0.0', '2023-08-03 22:00:50', NULL);
INSERT INTO `logs` (`id`, `message`, `record_id`, `user_id`, `action`, `ip_address`, `platform`, `agent`, `time`, `created_at`) VALUES (334, 'Record updated On students id 63', '63', 1, 'Update', '49.43.250.73', 'Windows 10', 'Chrome 115.0.0.0', '2023-08-03 22:00:50', NULL);
INSERT INTO `logs` (`id`, `message`, `record_id`, `user_id`, `action`, `ip_address`, `platform`, `agent`, `time`, `created_at`) VALUES (335, 'New Record inserted On students id 64', '64', 1, 'Insert', '49.43.250.73', 'Windows 10', 'Chrome 115.0.0.0', '2023-08-03 22:00:50', NULL);
INSERT INTO `logs` (`id`, `message`, `record_id`, `user_id`, `action`, `ip_address`, `platform`, `agent`, `time`, `created_at`) VALUES (336, 'New Record inserted On  student session id 64', '64', 1, 'Insert', '49.43.250.73', 'Windows 10', 'Chrome 115.0.0.0', '2023-08-03 22:00:50', NULL);
INSERT INTO `logs` (`id`, `message`, `record_id`, `user_id`, `action`, `ip_address`, `platform`, `agent`, `time`, `created_at`) VALUES (337, 'New Record inserted On users id 127', '127', 1, 'Insert', '49.43.250.73', 'Windows 10', 'Chrome 115.0.0.0', '2023-08-03 22:00:50', NULL);
INSERT INTO `logs` (`id`, `message`, `record_id`, `user_id`, `action`, `ip_address`, `platform`, `agent`, `time`, `created_at`) VALUES (338, 'New Record inserted On users id 128', '128', 1, 'Insert', '49.43.250.73', 'Windows 10', 'Chrome 115.0.0.0', '2023-08-03 22:00:50', NULL);
INSERT INTO `logs` (`id`, `message`, `record_id`, `user_id`, `action`, `ip_address`, `platform`, `agent`, `time`, `created_at`) VALUES (339, 'Record updated On students id 64', '64', 1, 'Update', '49.43.250.73', 'Windows 10', 'Chrome 115.0.0.0', '2023-08-03 22:00:50', NULL);
INSERT INTO `logs` (`id`, `message`, `record_id`, `user_id`, `action`, `ip_address`, `platform`, `agent`, `time`, `created_at`) VALUES (340, 'New Record inserted On students id 65', '65', 1, 'Insert', '49.43.250.73', 'Windows 10', 'Chrome 115.0.0.0', '2023-08-03 22:00:50', NULL);
INSERT INTO `logs` (`id`, `message`, `record_id`, `user_id`, `action`, `ip_address`, `platform`, `agent`, `time`, `created_at`) VALUES (341, 'New Record inserted On  student session id 65', '65', 1, 'Insert', '49.43.250.73', 'Windows 10', 'Chrome 115.0.0.0', '2023-08-03 22:00:50', NULL);
INSERT INTO `logs` (`id`, `message`, `record_id`, `user_id`, `action`, `ip_address`, `platform`, `agent`, `time`, `created_at`) VALUES (342, 'New Record inserted On users id 129', '129', 1, 'Insert', '49.43.250.73', 'Windows 10', 'Chrome 115.0.0.0', '2023-08-03 22:00:50', NULL);
INSERT INTO `logs` (`id`, `message`, `record_id`, `user_id`, `action`, `ip_address`, `platform`, `agent`, `time`, `created_at`) VALUES (343, 'New Record inserted On users id 130', '130', 1, 'Insert', '49.43.250.73', 'Windows 10', 'Chrome 115.0.0.0', '2023-08-03 22:00:50', NULL);
INSERT INTO `logs` (`id`, `message`, `record_id`, `user_id`, `action`, `ip_address`, `platform`, `agent`, `time`, `created_at`) VALUES (344, 'Record updated On students id 65', '65', 1, 'Update', '49.43.250.73', 'Windows 10', 'Chrome 115.0.0.0', '2023-08-03 22:00:50', NULL);
INSERT INTO `logs` (`id`, `message`, `record_id`, `user_id`, `action`, `ip_address`, `platform`, `agent`, `time`, `created_at`) VALUES (345, 'New Record inserted On students id 66', '66', 1, 'Insert', '49.43.250.73', 'Windows 10', 'Chrome 115.0.0.0', '2023-08-03 22:00:50', NULL);
INSERT INTO `logs` (`id`, `message`, `record_id`, `user_id`, `action`, `ip_address`, `platform`, `agent`, `time`, `created_at`) VALUES (346, 'New Record inserted On  student session id 66', '66', 1, 'Insert', '49.43.250.73', 'Windows 10', 'Chrome 115.0.0.0', '2023-08-03 22:00:50', NULL);
INSERT INTO `logs` (`id`, `message`, `record_id`, `user_id`, `action`, `ip_address`, `platform`, `agent`, `time`, `created_at`) VALUES (347, 'New Record inserted On users id 131', '131', 1, 'Insert', '49.43.250.73', 'Windows 10', 'Chrome 115.0.0.0', '2023-08-03 22:00:50', NULL);
INSERT INTO `logs` (`id`, `message`, `record_id`, `user_id`, `action`, `ip_address`, `platform`, `agent`, `time`, `created_at`) VALUES (348, 'New Record inserted On users id 132', '132', 1, 'Insert', '49.43.250.73', 'Windows 10', 'Chrome 115.0.0.0', '2023-08-03 22:00:50', NULL);
INSERT INTO `logs` (`id`, `message`, `record_id`, `user_id`, `action`, `ip_address`, `platform`, `agent`, `time`, `created_at`) VALUES (349, 'Record updated On students id 66', '66', 1, 'Update', '49.43.250.73', 'Windows 10', 'Chrome 115.0.0.0', '2023-08-03 22:00:50', NULL);
INSERT INTO `logs` (`id`, `message`, `record_id`, `user_id`, `action`, `ip_address`, `platform`, `agent`, `time`, `created_at`) VALUES (350, 'New Record inserted On students id 67', '67', 1, 'Insert', '49.43.250.73', 'Windows 10', 'Chrome 115.0.0.0', '2023-08-03 22:00:50', NULL);
INSERT INTO `logs` (`id`, `message`, `record_id`, `user_id`, `action`, `ip_address`, `platform`, `agent`, `time`, `created_at`) VALUES (351, 'New Record inserted On  student session id 67', '67', 1, 'Insert', '49.43.250.73', 'Windows 10', 'Chrome 115.0.0.0', '2023-08-03 22:00:50', NULL);
INSERT INTO `logs` (`id`, `message`, `record_id`, `user_id`, `action`, `ip_address`, `platform`, `agent`, `time`, `created_at`) VALUES (352, 'New Record inserted On users id 133', '133', 1, 'Insert', '49.43.250.73', 'Windows 10', 'Chrome 115.0.0.0', '2023-08-03 22:00:50', NULL);
INSERT INTO `logs` (`id`, `message`, `record_id`, `user_id`, `action`, `ip_address`, `platform`, `agent`, `time`, `created_at`) VALUES (353, 'New Record inserted On users id 134', '134', 1, 'Insert', '49.43.250.73', 'Windows 10', 'Chrome 115.0.0.0', '2023-08-03 22:00:50', NULL);
INSERT INTO `logs` (`id`, `message`, `record_id`, `user_id`, `action`, `ip_address`, `platform`, `agent`, `time`, `created_at`) VALUES (354, 'Record updated On students id 67', '67', 1, 'Update', '49.43.250.73', 'Windows 10', 'Chrome 115.0.0.0', '2023-08-03 22:00:50', NULL);
INSERT INTO `logs` (`id`, `message`, `record_id`, `user_id`, `action`, `ip_address`, `platform`, `agent`, `time`, `created_at`) VALUES (355, 'New Record inserted On students id 68', '68', 1, 'Insert', '49.43.250.73', 'Windows 10', 'Chrome 115.0.0.0', '2023-08-03 22:00:50', NULL);
INSERT INTO `logs` (`id`, `message`, `record_id`, `user_id`, `action`, `ip_address`, `platform`, `agent`, `time`, `created_at`) VALUES (356, 'New Record inserted On  student session id 68', '68', 1, 'Insert', '49.43.250.73', 'Windows 10', 'Chrome 115.0.0.0', '2023-08-03 22:00:50', NULL);
INSERT INTO `logs` (`id`, `message`, `record_id`, `user_id`, `action`, `ip_address`, `platform`, `agent`, `time`, `created_at`) VALUES (357, 'New Record inserted On users id 135', '135', 1, 'Insert', '49.43.250.73', 'Windows 10', 'Chrome 115.0.0.0', '2023-08-03 22:00:50', NULL);
INSERT INTO `logs` (`id`, `message`, `record_id`, `user_id`, `action`, `ip_address`, `platform`, `agent`, `time`, `created_at`) VALUES (358, 'New Record inserted On users id 136', '136', 1, 'Insert', '49.43.250.73', 'Windows 10', 'Chrome 115.0.0.0', '2023-08-03 22:00:50', NULL);
INSERT INTO `logs` (`id`, `message`, `record_id`, `user_id`, `action`, `ip_address`, `platform`, `agent`, `time`, `created_at`) VALUES (359, 'Record updated On students id 68', '68', 1, 'Update', '49.43.250.73', 'Windows 10', 'Chrome 115.0.0.0', '2023-08-03 22:00:50', NULL);
INSERT INTO `logs` (`id`, `message`, `record_id`, `user_id`, `action`, `ip_address`, `platform`, `agent`, `time`, `created_at`) VALUES (360, 'New Record inserted On students id 69', '69', 1, 'Insert', '49.43.250.73', 'Windows 10', 'Chrome 115.0.0.0', '2023-08-03 22:00:50', NULL);
INSERT INTO `logs` (`id`, `message`, `record_id`, `user_id`, `action`, `ip_address`, `platform`, `agent`, `time`, `created_at`) VALUES (361, 'New Record inserted On  student session id 69', '69', 1, 'Insert', '49.43.250.73', 'Windows 10', 'Chrome 115.0.0.0', '2023-08-03 22:00:50', NULL);
INSERT INTO `logs` (`id`, `message`, `record_id`, `user_id`, `action`, `ip_address`, `platform`, `agent`, `time`, `created_at`) VALUES (362, 'New Record inserted On users id 137', '137', 1, 'Insert', '49.43.250.73', 'Windows 10', 'Chrome 115.0.0.0', '2023-08-03 22:00:50', NULL);
INSERT INTO `logs` (`id`, `message`, `record_id`, `user_id`, `action`, `ip_address`, `platform`, `agent`, `time`, `created_at`) VALUES (363, 'New Record inserted On users id 138', '138', 1, 'Insert', '49.43.250.73', 'Windows 10', 'Chrome 115.0.0.0', '2023-08-03 22:00:50', NULL);
INSERT INTO `logs` (`id`, `message`, `record_id`, `user_id`, `action`, `ip_address`, `platform`, `agent`, `time`, `created_at`) VALUES (364, 'Record updated On students id 69', '69', 1, 'Update', '49.43.250.73', 'Windows 10', 'Chrome 115.0.0.0', '2023-08-03 22:00:50', NULL);
INSERT INTO `logs` (`id`, `message`, `record_id`, `user_id`, `action`, `ip_address`, `platform`, `agent`, `time`, `created_at`) VALUES (365, 'New Record inserted On students id 70', '70', 1, 'Insert', '49.43.250.73', 'Windows 10', 'Chrome 115.0.0.0', '2023-08-03 22:00:50', NULL);
INSERT INTO `logs` (`id`, `message`, `record_id`, `user_id`, `action`, `ip_address`, `platform`, `agent`, `time`, `created_at`) VALUES (366, 'New Record inserted On  student session id 70', '70', 1, 'Insert', '49.43.250.73', 'Windows 10', 'Chrome 115.0.0.0', '2023-08-03 22:00:50', NULL);
INSERT INTO `logs` (`id`, `message`, `record_id`, `user_id`, `action`, `ip_address`, `platform`, `agent`, `time`, `created_at`) VALUES (367, 'New Record inserted On users id 139', '139', 1, 'Insert', '49.43.250.73', 'Windows 10', 'Chrome 115.0.0.0', '2023-08-03 22:00:50', NULL);
INSERT INTO `logs` (`id`, `message`, `record_id`, `user_id`, `action`, `ip_address`, `platform`, `agent`, `time`, `created_at`) VALUES (368, 'New Record inserted On users id 140', '140', 1, 'Insert', '49.43.250.73', 'Windows 10', 'Chrome 115.0.0.0', '2023-08-03 22:00:50', NULL);
INSERT INTO `logs` (`id`, `message`, `record_id`, `user_id`, `action`, `ip_address`, `platform`, `agent`, `time`, `created_at`) VALUES (369, 'Record updated On students id 70', '70', 1, 'Update', '49.43.250.73', 'Windows 10', 'Chrome 115.0.0.0', '2023-08-03 22:00:50', NULL);
INSERT INTO `logs` (`id`, `message`, `record_id`, `user_id`, `action`, `ip_address`, `platform`, `agent`, `time`, `created_at`) VALUES (370, 'New Record inserted On students id 71', '71', 1, 'Insert', '49.43.250.73', 'Windows 10', 'Chrome 115.0.0.0', '2023-08-03 22:00:50', NULL);
INSERT INTO `logs` (`id`, `message`, `record_id`, `user_id`, `action`, `ip_address`, `platform`, `agent`, `time`, `created_at`) VALUES (371, 'New Record inserted On  student session id 71', '71', 1, 'Insert', '49.43.250.73', 'Windows 10', 'Chrome 115.0.0.0', '2023-08-03 22:00:50', NULL);
INSERT INTO `logs` (`id`, `message`, `record_id`, `user_id`, `action`, `ip_address`, `platform`, `agent`, `time`, `created_at`) VALUES (372, 'New Record inserted On users id 141', '141', 1, 'Insert', '49.43.250.73', 'Windows 10', 'Chrome 115.0.0.0', '2023-08-03 22:00:50', NULL);
INSERT INTO `logs` (`id`, `message`, `record_id`, `user_id`, `action`, `ip_address`, `platform`, `agent`, `time`, `created_at`) VALUES (373, 'New Record inserted On users id 142', '142', 1, 'Insert', '49.43.250.73', 'Windows 10', 'Chrome 115.0.0.0', '2023-08-03 22:00:50', NULL);
INSERT INTO `logs` (`id`, `message`, `record_id`, `user_id`, `action`, `ip_address`, `platform`, `agent`, `time`, `created_at`) VALUES (374, 'Record updated On students id 71', '71', 1, 'Update', '49.43.250.73', 'Windows 10', 'Chrome 115.0.0.0', '2023-08-03 22:00:50', NULL);
INSERT INTO `logs` (`id`, `message`, `record_id`, `user_id`, `action`, `ip_address`, `platform`, `agent`, `time`, `created_at`) VALUES (375, 'New Record inserted On students id 72', '72', 1, 'Insert', '49.43.250.73', 'Windows 10', 'Chrome 115.0.0.0', '2023-08-03 22:00:50', NULL);
INSERT INTO `logs` (`id`, `message`, `record_id`, `user_id`, `action`, `ip_address`, `platform`, `agent`, `time`, `created_at`) VALUES (376, 'New Record inserted On  student session id 72', '72', 1, 'Insert', '49.43.250.73', 'Windows 10', 'Chrome 115.0.0.0', '2023-08-03 22:00:50', NULL);
INSERT INTO `logs` (`id`, `message`, `record_id`, `user_id`, `action`, `ip_address`, `platform`, `agent`, `time`, `created_at`) VALUES (377, 'New Record inserted On users id 143', '143', 1, 'Insert', '49.43.250.73', 'Windows 10', 'Chrome 115.0.0.0', '2023-08-03 22:00:50', NULL);
INSERT INTO `logs` (`id`, `message`, `record_id`, `user_id`, `action`, `ip_address`, `platform`, `agent`, `time`, `created_at`) VALUES (378, 'New Record inserted On users id 144', '144', 1, 'Insert', '49.43.250.73', 'Windows 10', 'Chrome 115.0.0.0', '2023-08-03 22:00:50', NULL);
INSERT INTO `logs` (`id`, `message`, `record_id`, `user_id`, `action`, `ip_address`, `platform`, `agent`, `time`, `created_at`) VALUES (379, 'Record updated On students id 72', '72', 1, 'Update', '49.43.250.73', 'Windows 10', 'Chrome 115.0.0.0', '2023-08-03 22:00:50', NULL);
INSERT INTO `logs` (`id`, `message`, `record_id`, `user_id`, `action`, `ip_address`, `platform`, `agent`, `time`, `created_at`) VALUES (380, 'New Record inserted On students id 73', '73', 1, 'Insert', '49.43.250.73', 'Windows 10', 'Chrome 115.0.0.0', '2023-08-03 22:00:50', NULL);
INSERT INTO `logs` (`id`, `message`, `record_id`, `user_id`, `action`, `ip_address`, `platform`, `agent`, `time`, `created_at`) VALUES (381, 'New Record inserted On  student session id 73', '73', 1, 'Insert', '49.43.250.73', 'Windows 10', 'Chrome 115.0.0.0', '2023-08-03 22:00:50', NULL);
INSERT INTO `logs` (`id`, `message`, `record_id`, `user_id`, `action`, `ip_address`, `platform`, `agent`, `time`, `created_at`) VALUES (382, 'New Record inserted On users id 145', '145', 1, 'Insert', '49.43.250.73', 'Windows 10', 'Chrome 115.0.0.0', '2023-08-03 22:00:50', NULL);
INSERT INTO `logs` (`id`, `message`, `record_id`, `user_id`, `action`, `ip_address`, `platform`, `agent`, `time`, `created_at`) VALUES (383, 'New Record inserted On users id 146', '146', 1, 'Insert', '49.43.250.73', 'Windows 10', 'Chrome 115.0.0.0', '2023-08-03 22:00:50', NULL);
INSERT INTO `logs` (`id`, `message`, `record_id`, `user_id`, `action`, `ip_address`, `platform`, `agent`, `time`, `created_at`) VALUES (384, 'Record updated On students id 73', '73', 1, 'Update', '49.43.250.73', 'Windows 10', 'Chrome 115.0.0.0', '2023-08-03 22:00:50', NULL);
INSERT INTO `logs` (`id`, `message`, `record_id`, `user_id`, `action`, `ip_address`, `platform`, `agent`, `time`, `created_at`) VALUES (385, 'New Record inserted On students id 74', '74', 1, 'Insert', '49.43.250.73', 'Windows 10', 'Chrome 115.0.0.0', '2023-08-03 22:00:50', NULL);
INSERT INTO `logs` (`id`, `message`, `record_id`, `user_id`, `action`, `ip_address`, `platform`, `agent`, `time`, `created_at`) VALUES (386, 'New Record inserted On  student session id 74', '74', 1, 'Insert', '49.43.250.73', 'Windows 10', 'Chrome 115.0.0.0', '2023-08-03 22:00:50', NULL);
INSERT INTO `logs` (`id`, `message`, `record_id`, `user_id`, `action`, `ip_address`, `platform`, `agent`, `time`, `created_at`) VALUES (387, 'New Record inserted On users id 147', '147', 1, 'Insert', '49.43.250.73', 'Windows 10', 'Chrome 115.0.0.0', '2023-08-03 22:00:50', NULL);
INSERT INTO `logs` (`id`, `message`, `record_id`, `user_id`, `action`, `ip_address`, `platform`, `agent`, `time`, `created_at`) VALUES (388, 'New Record inserted On users id 148', '148', 1, 'Insert', '49.43.250.73', 'Windows 10', 'Chrome 115.0.0.0', '2023-08-03 22:00:50', NULL);
INSERT INTO `logs` (`id`, `message`, `record_id`, `user_id`, `action`, `ip_address`, `platform`, `agent`, `time`, `created_at`) VALUES (389, 'Record updated On students id 74', '74', 1, 'Update', '49.43.250.73', 'Windows 10', 'Chrome 115.0.0.0', '2023-08-03 22:00:50', NULL);
INSERT INTO `logs` (`id`, `message`, `record_id`, `user_id`, `action`, `ip_address`, `platform`, `agent`, `time`, `created_at`) VALUES (390, 'New Record inserted On students id 75', '75', 1, 'Insert', '49.43.250.73', 'Windows 10', 'Chrome 115.0.0.0', '2023-08-03 22:00:50', NULL);
INSERT INTO `logs` (`id`, `message`, `record_id`, `user_id`, `action`, `ip_address`, `platform`, `agent`, `time`, `created_at`) VALUES (391, 'New Record inserted On  student session id 75', '75', 1, 'Insert', '49.43.250.73', 'Windows 10', 'Chrome 115.0.0.0', '2023-08-03 22:00:50', NULL);
INSERT INTO `logs` (`id`, `message`, `record_id`, `user_id`, `action`, `ip_address`, `platform`, `agent`, `time`, `created_at`) VALUES (392, 'New Record inserted On users id 149', '149', 1, 'Insert', '49.43.250.73', 'Windows 10', 'Chrome 115.0.0.0', '2023-08-03 22:00:50', NULL);
INSERT INTO `logs` (`id`, `message`, `record_id`, `user_id`, `action`, `ip_address`, `platform`, `agent`, `time`, `created_at`) VALUES (393, 'New Record inserted On users id 150', '150', 1, 'Insert', '49.43.250.73', 'Windows 10', 'Chrome 115.0.0.0', '2023-08-03 22:00:50', NULL);
INSERT INTO `logs` (`id`, `message`, `record_id`, `user_id`, `action`, `ip_address`, `platform`, `agent`, `time`, `created_at`) VALUES (394, 'Record updated On students id 75', '75', 1, 'Update', '49.43.250.73', 'Windows 10', 'Chrome 115.0.0.0', '2023-08-03 22:00:50', NULL);
INSERT INTO `logs` (`id`, `message`, `record_id`, `user_id`, `action`, `ip_address`, `platform`, `agent`, `time`, `created_at`) VALUES (395, 'New Record inserted On students id 76', '76', 1, 'Insert', '49.43.250.73', 'Windows 10', 'Chrome 115.0.0.0', '2023-08-03 22:00:50', NULL);
INSERT INTO `logs` (`id`, `message`, `record_id`, `user_id`, `action`, `ip_address`, `platform`, `agent`, `time`, `created_at`) VALUES (396, 'New Record inserted On  student session id 76', '76', 1, 'Insert', '49.43.250.73', 'Windows 10', 'Chrome 115.0.0.0', '2023-08-03 22:00:50', NULL);
INSERT INTO `logs` (`id`, `message`, `record_id`, `user_id`, `action`, `ip_address`, `platform`, `agent`, `time`, `created_at`) VALUES (397, 'New Record inserted On users id 151', '151', 1, 'Insert', '49.43.250.73', 'Windows 10', 'Chrome 115.0.0.0', '2023-08-03 22:00:50', NULL);
INSERT INTO `logs` (`id`, `message`, `record_id`, `user_id`, `action`, `ip_address`, `platform`, `agent`, `time`, `created_at`) VALUES (398, 'New Record inserted On users id 152', '152', 1, 'Insert', '49.43.250.73', 'Windows 10', 'Chrome 115.0.0.0', '2023-08-03 22:00:50', NULL);
INSERT INTO `logs` (`id`, `message`, `record_id`, `user_id`, `action`, `ip_address`, `platform`, `agent`, `time`, `created_at`) VALUES (399, 'Record updated On students id 76', '76', 1, 'Update', '49.43.250.73', 'Windows 10', 'Chrome 115.0.0.0', '2023-08-03 22:00:50', NULL);
INSERT INTO `logs` (`id`, `message`, `record_id`, `user_id`, `action`, `ip_address`, `platform`, `agent`, `time`, `created_at`) VALUES (400, 'New Record inserted On students id 77', '77', 1, 'Insert', '49.43.250.73', 'Windows 10', 'Chrome 115.0.0.0', '2023-08-03 22:00:50', NULL);
INSERT INTO `logs` (`id`, `message`, `record_id`, `user_id`, `action`, `ip_address`, `platform`, `agent`, `time`, `created_at`) VALUES (401, 'New Record inserted On  student session id 77', '77', 1, 'Insert', '49.43.250.73', 'Windows 10', 'Chrome 115.0.0.0', '2023-08-03 22:00:50', NULL);
INSERT INTO `logs` (`id`, `message`, `record_id`, `user_id`, `action`, `ip_address`, `platform`, `agent`, `time`, `created_at`) VALUES (402, 'New Record inserted On users id 153', '153', 1, 'Insert', '49.43.250.73', 'Windows 10', 'Chrome 115.0.0.0', '2023-08-03 22:00:50', NULL);
INSERT INTO `logs` (`id`, `message`, `record_id`, `user_id`, `action`, `ip_address`, `platform`, `agent`, `time`, `created_at`) VALUES (403, 'New Record inserted On users id 154', '154', 1, 'Insert', '49.43.250.73', 'Windows 10', 'Chrome 115.0.0.0', '2023-08-03 22:00:50', NULL);
INSERT INTO `logs` (`id`, `message`, `record_id`, `user_id`, `action`, `ip_address`, `platform`, `agent`, `time`, `created_at`) VALUES (404, 'Record updated On students id 77', '77', 1, 'Update', '49.43.250.73', 'Windows 10', 'Chrome 115.0.0.0', '2023-08-03 22:00:50', NULL);
INSERT INTO `logs` (`id`, `message`, `record_id`, `user_id`, `action`, `ip_address`, `platform`, `agent`, `time`, `created_at`) VALUES (405, 'New Record inserted On students id 78', '78', 1, 'Insert', '49.43.250.73', 'Windows 10', 'Chrome 115.0.0.0', '2023-08-03 22:00:50', NULL);
INSERT INTO `logs` (`id`, `message`, `record_id`, `user_id`, `action`, `ip_address`, `platform`, `agent`, `time`, `created_at`) VALUES (406, 'New Record inserted On  student session id 78', '78', 1, 'Insert', '49.43.250.73', 'Windows 10', 'Chrome 115.0.0.0', '2023-08-03 22:00:50', NULL);
INSERT INTO `logs` (`id`, `message`, `record_id`, `user_id`, `action`, `ip_address`, `platform`, `agent`, `time`, `created_at`) VALUES (407, 'New Record inserted On users id 155', '155', 1, 'Insert', '49.43.250.73', 'Windows 10', 'Chrome 115.0.0.0', '2023-08-03 22:00:50', NULL);
INSERT INTO `logs` (`id`, `message`, `record_id`, `user_id`, `action`, `ip_address`, `platform`, `agent`, `time`, `created_at`) VALUES (408, 'New Record inserted On users id 156', '156', 1, 'Insert', '49.43.250.73', 'Windows 10', 'Chrome 115.0.0.0', '2023-08-03 22:00:50', NULL);
INSERT INTO `logs` (`id`, `message`, `record_id`, `user_id`, `action`, `ip_address`, `platform`, `agent`, `time`, `created_at`) VALUES (409, 'Record updated On students id 78', '78', 1, 'Update', '49.43.250.73', 'Windows 10', 'Chrome 115.0.0.0', '2023-08-03 22:00:50', NULL);
INSERT INTO `logs` (`id`, `message`, `record_id`, `user_id`, `action`, `ip_address`, `platform`, `agent`, `time`, `created_at`) VALUES (410, 'New Record inserted On students id 79', '79', 1, 'Insert', '49.43.250.73', 'Windows 10', 'Chrome 115.0.0.0', '2023-08-03 22:00:50', NULL);
INSERT INTO `logs` (`id`, `message`, `record_id`, `user_id`, `action`, `ip_address`, `platform`, `agent`, `time`, `created_at`) VALUES (411, 'New Record inserted On  student session id 79', '79', 1, 'Insert', '49.43.250.73', 'Windows 10', 'Chrome 115.0.0.0', '2023-08-03 22:00:50', NULL);
INSERT INTO `logs` (`id`, `message`, `record_id`, `user_id`, `action`, `ip_address`, `platform`, `agent`, `time`, `created_at`) VALUES (412, 'New Record inserted On users id 157', '157', 1, 'Insert', '49.43.250.73', 'Windows 10', 'Chrome 115.0.0.0', '2023-08-03 22:00:50', NULL);
INSERT INTO `logs` (`id`, `message`, `record_id`, `user_id`, `action`, `ip_address`, `platform`, `agent`, `time`, `created_at`) VALUES (413, 'New Record inserted On users id 158', '158', 1, 'Insert', '49.43.250.73', 'Windows 10', 'Chrome 115.0.0.0', '2023-08-03 22:00:50', NULL);
INSERT INTO `logs` (`id`, `message`, `record_id`, `user_id`, `action`, `ip_address`, `platform`, `agent`, `time`, `created_at`) VALUES (414, 'Record updated On students id 79', '79', 1, 'Update', '49.43.250.73', 'Windows 10', 'Chrome 115.0.0.0', '2023-08-03 22:00:50', NULL);
INSERT INTO `logs` (`id`, `message`, `record_id`, `user_id`, `action`, `ip_address`, `platform`, `agent`, `time`, `created_at`) VALUES (415, 'New Record inserted On students id 80', '80', 1, 'Insert', '49.43.250.73', 'Windows 10', 'Chrome 115.0.0.0', '2023-08-03 22:00:50', NULL);
INSERT INTO `logs` (`id`, `message`, `record_id`, `user_id`, `action`, `ip_address`, `platform`, `agent`, `time`, `created_at`) VALUES (416, 'New Record inserted On  student session id 80', '80', 1, 'Insert', '49.43.250.73', 'Windows 10', 'Chrome 115.0.0.0', '2023-08-03 22:00:50', NULL);
INSERT INTO `logs` (`id`, `message`, `record_id`, `user_id`, `action`, `ip_address`, `platform`, `agent`, `time`, `created_at`) VALUES (417, 'New Record inserted On users id 159', '159', 1, 'Insert', '49.43.250.73', 'Windows 10', 'Chrome 115.0.0.0', '2023-08-03 22:00:50', NULL);
INSERT INTO `logs` (`id`, `message`, `record_id`, `user_id`, `action`, `ip_address`, `platform`, `agent`, `time`, `created_at`) VALUES (418, 'New Record inserted On users id 160', '160', 1, 'Insert', '49.43.250.73', 'Windows 10', 'Chrome 115.0.0.0', '2023-08-03 22:00:50', NULL);
INSERT INTO `logs` (`id`, `message`, `record_id`, `user_id`, `action`, `ip_address`, `platform`, `agent`, `time`, `created_at`) VALUES (419, 'Record updated On students id 80', '80', 1, 'Update', '49.43.250.73', 'Windows 10', 'Chrome 115.0.0.0', '2023-08-03 22:00:50', NULL);
INSERT INTO `logs` (`id`, `message`, `record_id`, `user_id`, `action`, `ip_address`, `platform`, `agent`, `time`, `created_at`) VALUES (420, 'New Record inserted On students id 81', '81', 1, 'Insert', '49.43.250.73', 'Windows 10', 'Chrome 115.0.0.0', '2023-08-03 22:00:50', NULL);
INSERT INTO `logs` (`id`, `message`, `record_id`, `user_id`, `action`, `ip_address`, `platform`, `agent`, `time`, `created_at`) VALUES (421, 'New Record inserted On  student session id 81', '81', 1, 'Insert', '49.43.250.73', 'Windows 10', 'Chrome 115.0.0.0', '2023-08-03 22:00:50', NULL);
INSERT INTO `logs` (`id`, `message`, `record_id`, `user_id`, `action`, `ip_address`, `platform`, `agent`, `time`, `created_at`) VALUES (422, 'New Record inserted On users id 161', '161', 1, 'Insert', '49.43.250.73', 'Windows 10', 'Chrome 115.0.0.0', '2023-08-03 22:00:50', NULL);
INSERT INTO `logs` (`id`, `message`, `record_id`, `user_id`, `action`, `ip_address`, `platform`, `agent`, `time`, `created_at`) VALUES (423, 'New Record inserted On users id 162', '162', 1, 'Insert', '49.43.250.73', 'Windows 10', 'Chrome 115.0.0.0', '2023-08-03 22:00:50', NULL);
INSERT INTO `logs` (`id`, `message`, `record_id`, `user_id`, `action`, `ip_address`, `platform`, `agent`, `time`, `created_at`) VALUES (424, 'Record updated On students id 81', '81', 1, 'Update', '49.43.250.73', 'Windows 10', 'Chrome 115.0.0.0', '2023-08-03 22:00:50', NULL);
INSERT INTO `logs` (`id`, `message`, `record_id`, `user_id`, `action`, `ip_address`, `platform`, `agent`, `time`, `created_at`) VALUES (425, 'New Record inserted On students id 82', '82', 1, 'Insert', '49.43.250.73', 'Windows 10', 'Chrome 115.0.0.0', '2023-08-03 22:00:50', NULL);
INSERT INTO `logs` (`id`, `message`, `record_id`, `user_id`, `action`, `ip_address`, `platform`, `agent`, `time`, `created_at`) VALUES (426, 'New Record inserted On  student session id 82', '82', 1, 'Insert', '49.43.250.73', 'Windows 10', 'Chrome 115.0.0.0', '2023-08-03 22:00:50', NULL);
INSERT INTO `logs` (`id`, `message`, `record_id`, `user_id`, `action`, `ip_address`, `platform`, `agent`, `time`, `created_at`) VALUES (427, 'New Record inserted On users id 163', '163', 1, 'Insert', '49.43.250.73', 'Windows 10', 'Chrome 115.0.0.0', '2023-08-03 22:00:50', NULL);
INSERT INTO `logs` (`id`, `message`, `record_id`, `user_id`, `action`, `ip_address`, `platform`, `agent`, `time`, `created_at`) VALUES (428, 'New Record inserted On users id 164', '164', 1, 'Insert', '49.43.250.73', 'Windows 10', 'Chrome 115.0.0.0', '2023-08-03 22:00:50', NULL);
INSERT INTO `logs` (`id`, `message`, `record_id`, `user_id`, `action`, `ip_address`, `platform`, `agent`, `time`, `created_at`) VALUES (429, 'Record updated On students id 82', '82', 1, 'Update', '49.43.250.73', 'Windows 10', 'Chrome 115.0.0.0', '2023-08-03 22:00:50', NULL);
INSERT INTO `logs` (`id`, `message`, `record_id`, `user_id`, `action`, `ip_address`, `platform`, `agent`, `time`, `created_at`) VALUES (430, 'New Record inserted On students id 83', '83', 1, 'Insert', '49.43.250.73', 'Windows 10', 'Chrome 115.0.0.0', '2023-08-03 22:00:50', NULL);
INSERT INTO `logs` (`id`, `message`, `record_id`, `user_id`, `action`, `ip_address`, `platform`, `agent`, `time`, `created_at`) VALUES (431, 'New Record inserted On  student session id 83', '83', 1, 'Insert', '49.43.250.73', 'Windows 10', 'Chrome 115.0.0.0', '2023-08-03 22:00:50', NULL);
INSERT INTO `logs` (`id`, `message`, `record_id`, `user_id`, `action`, `ip_address`, `platform`, `agent`, `time`, `created_at`) VALUES (432, 'New Record inserted On users id 165', '165', 1, 'Insert', '49.43.250.73', 'Windows 10', 'Chrome 115.0.0.0', '2023-08-03 22:00:50', NULL);
INSERT INTO `logs` (`id`, `message`, `record_id`, `user_id`, `action`, `ip_address`, `platform`, `agent`, `time`, `created_at`) VALUES (433, 'New Record inserted On users id 166', '166', 1, 'Insert', '49.43.250.73', 'Windows 10', 'Chrome 115.0.0.0', '2023-08-03 22:00:50', NULL);
INSERT INTO `logs` (`id`, `message`, `record_id`, `user_id`, `action`, `ip_address`, `platform`, `agent`, `time`, `created_at`) VALUES (434, 'Record updated On students id 83', '83', 1, 'Update', '49.43.250.73', 'Windows 10', 'Chrome 115.0.0.0', '2023-08-03 22:00:50', NULL);
INSERT INTO `logs` (`id`, `message`, `record_id`, `user_id`, `action`, `ip_address`, `platform`, `agent`, `time`, `created_at`) VALUES (435, 'New Record inserted On students id 84', '84', 1, 'Insert', '49.43.250.73', 'Windows 10', 'Chrome 115.0.0.0', '2023-08-03 22:00:50', NULL);
INSERT INTO `logs` (`id`, `message`, `record_id`, `user_id`, `action`, `ip_address`, `platform`, `agent`, `time`, `created_at`) VALUES (436, 'New Record inserted On  student session id 84', '84', 1, 'Insert', '49.43.250.73', 'Windows 10', 'Chrome 115.0.0.0', '2023-08-03 22:00:50', NULL);
INSERT INTO `logs` (`id`, `message`, `record_id`, `user_id`, `action`, `ip_address`, `platform`, `agent`, `time`, `created_at`) VALUES (437, 'New Record inserted On users id 167', '167', 1, 'Insert', '49.43.250.73', 'Windows 10', 'Chrome 115.0.0.0', '2023-08-03 22:00:50', NULL);
INSERT INTO `logs` (`id`, `message`, `record_id`, `user_id`, `action`, `ip_address`, `platform`, `agent`, `time`, `created_at`) VALUES (438, 'New Record inserted On users id 168', '168', 1, 'Insert', '49.43.250.73', 'Windows 10', 'Chrome 115.0.0.0', '2023-08-03 22:00:50', NULL);
INSERT INTO `logs` (`id`, `message`, `record_id`, `user_id`, `action`, `ip_address`, `platform`, `agent`, `time`, `created_at`) VALUES (439, 'Record updated On students id 84', '84', 1, 'Update', '49.43.250.73', 'Windows 10', 'Chrome 115.0.0.0', '2023-08-03 22:00:50', NULL);
INSERT INTO `logs` (`id`, `message`, `record_id`, `user_id`, `action`, `ip_address`, `platform`, `agent`, `time`, `created_at`) VALUES (440, 'New Record inserted On students id 85', '85', 1, 'Insert', '49.43.250.73', 'Windows 10', 'Chrome 115.0.0.0', '2023-08-03 22:00:50', NULL);
INSERT INTO `logs` (`id`, `message`, `record_id`, `user_id`, `action`, `ip_address`, `platform`, `agent`, `time`, `created_at`) VALUES (441, 'New Record inserted On  student session id 85', '85', 1, 'Insert', '49.43.250.73', 'Windows 10', 'Chrome 115.0.0.0', '2023-08-03 22:00:50', NULL);
INSERT INTO `logs` (`id`, `message`, `record_id`, `user_id`, `action`, `ip_address`, `platform`, `agent`, `time`, `created_at`) VALUES (442, 'New Record inserted On users id 169', '169', 1, 'Insert', '49.43.250.73', 'Windows 10', 'Chrome 115.0.0.0', '2023-08-03 22:00:50', NULL);
INSERT INTO `logs` (`id`, `message`, `record_id`, `user_id`, `action`, `ip_address`, `platform`, `agent`, `time`, `created_at`) VALUES (443, 'New Record inserted On users id 170', '170', 1, 'Insert', '49.43.250.73', 'Windows 10', 'Chrome 115.0.0.0', '2023-08-03 22:00:50', NULL);
INSERT INTO `logs` (`id`, `message`, `record_id`, `user_id`, `action`, `ip_address`, `platform`, `agent`, `time`, `created_at`) VALUES (444, 'Record updated On students id 85', '85', 1, 'Update', '49.43.250.73', 'Windows 10', 'Chrome 115.0.0.0', '2023-08-03 22:00:50', NULL);
INSERT INTO `logs` (`id`, `message`, `record_id`, `user_id`, `action`, `ip_address`, `platform`, `agent`, `time`, `created_at`) VALUES (445, 'New Record inserted On students id 86', '86', 1, 'Insert', '49.43.250.73', 'Windows 10', 'Chrome 115.0.0.0', '2023-08-03 22:00:50', NULL);
INSERT INTO `logs` (`id`, `message`, `record_id`, `user_id`, `action`, `ip_address`, `platform`, `agent`, `time`, `created_at`) VALUES (446, 'New Record inserted On  student session id 86', '86', 1, 'Insert', '49.43.250.73', 'Windows 10', 'Chrome 115.0.0.0', '2023-08-03 22:00:50', NULL);
INSERT INTO `logs` (`id`, `message`, `record_id`, `user_id`, `action`, `ip_address`, `platform`, `agent`, `time`, `created_at`) VALUES (447, 'New Record inserted On users id 171', '171', 1, 'Insert', '49.43.250.73', 'Windows 10', 'Chrome 115.0.0.0', '2023-08-03 22:00:50', NULL);
INSERT INTO `logs` (`id`, `message`, `record_id`, `user_id`, `action`, `ip_address`, `platform`, `agent`, `time`, `created_at`) VALUES (448, 'New Record inserted On users id 172', '172', 1, 'Insert', '49.43.250.73', 'Windows 10', 'Chrome 115.0.0.0', '2023-08-03 22:00:50', NULL);
INSERT INTO `logs` (`id`, `message`, `record_id`, `user_id`, `action`, `ip_address`, `platform`, `agent`, `time`, `created_at`) VALUES (449, 'Record updated On students id 86', '86', 1, 'Update', '49.43.250.73', 'Windows 10', 'Chrome 115.0.0.0', '2023-08-03 22:00:50', NULL);
INSERT INTO `logs` (`id`, `message`, `record_id`, `user_id`, `action`, `ip_address`, `platform`, `agent`, `time`, `created_at`) VALUES (450, 'New Record inserted On students id 87', '87', 1, 'Insert', '49.43.250.73', 'Windows 10', 'Chrome 115.0.0.0', '2023-08-03 22:00:50', NULL);
INSERT INTO `logs` (`id`, `message`, `record_id`, `user_id`, `action`, `ip_address`, `platform`, `agent`, `time`, `created_at`) VALUES (451, 'New Record inserted On  student session id 87', '87', 1, 'Insert', '49.43.250.73', 'Windows 10', 'Chrome 115.0.0.0', '2023-08-03 22:00:50', NULL);
INSERT INTO `logs` (`id`, `message`, `record_id`, `user_id`, `action`, `ip_address`, `platform`, `agent`, `time`, `created_at`) VALUES (452, 'New Record inserted On users id 173', '173', 1, 'Insert', '49.43.250.73', 'Windows 10', 'Chrome 115.0.0.0', '2023-08-03 22:00:50', NULL);
INSERT INTO `logs` (`id`, `message`, `record_id`, `user_id`, `action`, `ip_address`, `platform`, `agent`, `time`, `created_at`) VALUES (453, 'New Record inserted On users id 174', '174', 1, 'Insert', '49.43.250.73', 'Windows 10', 'Chrome 115.0.0.0', '2023-08-03 22:00:50', NULL);
INSERT INTO `logs` (`id`, `message`, `record_id`, `user_id`, `action`, `ip_address`, `platform`, `agent`, `time`, `created_at`) VALUES (454, 'Record updated On students id 87', '87', 1, 'Update', '49.43.250.73', 'Windows 10', 'Chrome 115.0.0.0', '2023-08-03 22:00:50', NULL);
INSERT INTO `logs` (`id`, `message`, `record_id`, `user_id`, `action`, `ip_address`, `platform`, `agent`, `time`, `created_at`) VALUES (455, 'New Record inserted On students id 88', '88', 1, 'Insert', '49.43.250.73', 'Windows 10', 'Chrome 115.0.0.0', '2023-08-03 22:00:50', NULL);
INSERT INTO `logs` (`id`, `message`, `record_id`, `user_id`, `action`, `ip_address`, `platform`, `agent`, `time`, `created_at`) VALUES (456, 'New Record inserted On  student session id 88', '88', 1, 'Insert', '49.43.250.73', 'Windows 10', 'Chrome 115.0.0.0', '2023-08-03 22:00:50', NULL);
INSERT INTO `logs` (`id`, `message`, `record_id`, `user_id`, `action`, `ip_address`, `platform`, `agent`, `time`, `created_at`) VALUES (457, 'New Record inserted On users id 175', '175', 1, 'Insert', '49.43.250.73', 'Windows 10', 'Chrome 115.0.0.0', '2023-08-03 22:00:50', NULL);
INSERT INTO `logs` (`id`, `message`, `record_id`, `user_id`, `action`, `ip_address`, `platform`, `agent`, `time`, `created_at`) VALUES (458, 'New Record inserted On users id 176', '176', 1, 'Insert', '49.43.250.73', 'Windows 10', 'Chrome 115.0.0.0', '2023-08-03 22:00:50', NULL);
INSERT INTO `logs` (`id`, `message`, `record_id`, `user_id`, `action`, `ip_address`, `platform`, `agent`, `time`, `created_at`) VALUES (459, 'Record updated On students id 88', '88', 1, 'Update', '49.43.250.73', 'Windows 10', 'Chrome 115.0.0.0', '2023-08-03 22:00:50', NULL);
INSERT INTO `logs` (`id`, `message`, `record_id`, `user_id`, `action`, `ip_address`, `platform`, `agent`, `time`, `created_at`) VALUES (460, 'New Record inserted On students id 89', '89', 1, 'Insert', '49.43.250.73', 'Windows 10', 'Chrome 115.0.0.0', '2023-08-03 22:00:50', NULL);
INSERT INTO `logs` (`id`, `message`, `record_id`, `user_id`, `action`, `ip_address`, `platform`, `agent`, `time`, `created_at`) VALUES (461, 'New Record inserted On  student session id 89', '89', 1, 'Insert', '49.43.250.73', 'Windows 10', 'Chrome 115.0.0.0', '2023-08-03 22:00:50', NULL);
INSERT INTO `logs` (`id`, `message`, `record_id`, `user_id`, `action`, `ip_address`, `platform`, `agent`, `time`, `created_at`) VALUES (462, 'New Record inserted On users id 177', '177', 1, 'Insert', '49.43.250.73', 'Windows 10', 'Chrome 115.0.0.0', '2023-08-03 22:00:50', NULL);
INSERT INTO `logs` (`id`, `message`, `record_id`, `user_id`, `action`, `ip_address`, `platform`, `agent`, `time`, `created_at`) VALUES (463, 'New Record inserted On users id 178', '178', 1, 'Insert', '49.43.250.73', 'Windows 10', 'Chrome 115.0.0.0', '2023-08-03 22:00:50', NULL);
INSERT INTO `logs` (`id`, `message`, `record_id`, `user_id`, `action`, `ip_address`, `platform`, `agent`, `time`, `created_at`) VALUES (464, 'Record updated On students id 89', '89', 1, 'Update', '49.43.250.73', 'Windows 10', 'Chrome 115.0.0.0', '2023-08-03 22:00:50', NULL);
INSERT INTO `logs` (`id`, `message`, `record_id`, `user_id`, `action`, `ip_address`, `platform`, `agent`, `time`, `created_at`) VALUES (465, 'New Record inserted On students id 90', '90', 1, 'Insert', '49.43.250.73', 'Windows 10', 'Chrome 115.0.0.0', '2023-08-03 22:00:50', NULL);
INSERT INTO `logs` (`id`, `message`, `record_id`, `user_id`, `action`, `ip_address`, `platform`, `agent`, `time`, `created_at`) VALUES (466, 'New Record inserted On  student session id 90', '90', 1, 'Insert', '49.43.250.73', 'Windows 10', 'Chrome 115.0.0.0', '2023-08-03 22:00:50', NULL);
INSERT INTO `logs` (`id`, `message`, `record_id`, `user_id`, `action`, `ip_address`, `platform`, `agent`, `time`, `created_at`) VALUES (467, 'New Record inserted On users id 179', '179', 1, 'Insert', '49.43.250.73', 'Windows 10', 'Chrome 115.0.0.0', '2023-08-03 22:00:50', NULL);
INSERT INTO `logs` (`id`, `message`, `record_id`, `user_id`, `action`, `ip_address`, `platform`, `agent`, `time`, `created_at`) VALUES (468, 'New Record inserted On users id 180', '180', 1, 'Insert', '49.43.250.73', 'Windows 10', 'Chrome 115.0.0.0', '2023-08-03 22:00:50', NULL);
INSERT INTO `logs` (`id`, `message`, `record_id`, `user_id`, `action`, `ip_address`, `platform`, `agent`, `time`, `created_at`) VALUES (469, 'Record updated On students id 90', '90', 1, 'Update', '49.43.250.73', 'Windows 10', 'Chrome 115.0.0.0', '2023-08-03 22:00:50', NULL);
INSERT INTO `logs` (`id`, `message`, `record_id`, `user_id`, `action`, `ip_address`, `platform`, `agent`, `time`, `created_at`) VALUES (470, 'New Record inserted On students id 91', '91', 1, 'Insert', '49.43.250.73', 'Windows 10', 'Chrome 115.0.0.0', '2023-08-03 22:00:50', NULL);
INSERT INTO `logs` (`id`, `message`, `record_id`, `user_id`, `action`, `ip_address`, `platform`, `agent`, `time`, `created_at`) VALUES (471, 'New Record inserted On  student session id 91', '91', 1, 'Insert', '49.43.250.73', 'Windows 10', 'Chrome 115.0.0.0', '2023-08-03 22:00:50', NULL);
INSERT INTO `logs` (`id`, `message`, `record_id`, `user_id`, `action`, `ip_address`, `platform`, `agent`, `time`, `created_at`) VALUES (472, 'New Record inserted On users id 181', '181', 1, 'Insert', '49.43.250.73', 'Windows 10', 'Chrome 115.0.0.0', '2023-08-03 22:00:50', NULL);
INSERT INTO `logs` (`id`, `message`, `record_id`, `user_id`, `action`, `ip_address`, `platform`, `agent`, `time`, `created_at`) VALUES (473, 'New Record inserted On users id 182', '182', 1, 'Insert', '49.43.250.73', 'Windows 10', 'Chrome 115.0.0.0', '2023-08-03 22:00:50', NULL);
INSERT INTO `logs` (`id`, `message`, `record_id`, `user_id`, `action`, `ip_address`, `platform`, `agent`, `time`, `created_at`) VALUES (474, 'Record updated On students id 91', '91', 1, 'Update', '49.43.250.73', 'Windows 10', 'Chrome 115.0.0.0', '2023-08-03 22:00:50', NULL);
INSERT INTO `logs` (`id`, `message`, `record_id`, `user_id`, `action`, `ip_address`, `platform`, `agent`, `time`, `created_at`) VALUES (475, 'New Record inserted On students id 92', '92', 1, 'Insert', '49.43.250.73', 'Windows 10', 'Chrome 115.0.0.0', '2023-08-03 22:00:51', NULL);
INSERT INTO `logs` (`id`, `message`, `record_id`, `user_id`, `action`, `ip_address`, `platform`, `agent`, `time`, `created_at`) VALUES (476, 'New Record inserted On  student session id 92', '92', 1, 'Insert', '49.43.250.73', 'Windows 10', 'Chrome 115.0.0.0', '2023-08-03 22:00:51', NULL);
INSERT INTO `logs` (`id`, `message`, `record_id`, `user_id`, `action`, `ip_address`, `platform`, `agent`, `time`, `created_at`) VALUES (477, 'New Record inserted On users id 183', '183', 1, 'Insert', '49.43.250.73', 'Windows 10', 'Chrome 115.0.0.0', '2023-08-03 22:00:51', NULL);
INSERT INTO `logs` (`id`, `message`, `record_id`, `user_id`, `action`, `ip_address`, `platform`, `agent`, `time`, `created_at`) VALUES (478, 'New Record inserted On users id 184', '184', 1, 'Insert', '49.43.250.73', 'Windows 10', 'Chrome 115.0.0.0', '2023-08-03 22:00:51', NULL);
INSERT INTO `logs` (`id`, `message`, `record_id`, `user_id`, `action`, `ip_address`, `platform`, `agent`, `time`, `created_at`) VALUES (479, 'Record updated On students id 92', '92', 1, 'Update', '49.43.250.73', 'Windows 10', 'Chrome 115.0.0.0', '2023-08-03 22:00:51', NULL);
INSERT INTO `logs` (`id`, `message`, `record_id`, `user_id`, `action`, `ip_address`, `platform`, `agent`, `time`, `created_at`) VALUES (480, 'New Record inserted On students id 93', '93', 1, 'Insert', '49.43.250.73', 'Windows 10', 'Chrome 115.0.0.0', '2023-08-03 22:00:51', NULL);
INSERT INTO `logs` (`id`, `message`, `record_id`, `user_id`, `action`, `ip_address`, `platform`, `agent`, `time`, `created_at`) VALUES (481, 'New Record inserted On  student session id 93', '93', 1, 'Insert', '49.43.250.73', 'Windows 10', 'Chrome 115.0.0.0', '2023-08-03 22:00:51', NULL);
INSERT INTO `logs` (`id`, `message`, `record_id`, `user_id`, `action`, `ip_address`, `platform`, `agent`, `time`, `created_at`) VALUES (482, 'New Record inserted On users id 185', '185', 1, 'Insert', '49.43.250.73', 'Windows 10', 'Chrome 115.0.0.0', '2023-08-03 22:00:51', NULL);
INSERT INTO `logs` (`id`, `message`, `record_id`, `user_id`, `action`, `ip_address`, `platform`, `agent`, `time`, `created_at`) VALUES (483, 'New Record inserted On users id 186', '186', 1, 'Insert', '49.43.250.73', 'Windows 10', 'Chrome 115.0.0.0', '2023-08-03 22:00:51', NULL);
INSERT INTO `logs` (`id`, `message`, `record_id`, `user_id`, `action`, `ip_address`, `platform`, `agent`, `time`, `created_at`) VALUES (484, 'Record updated On students id 93', '93', 1, 'Update', '49.43.250.73', 'Windows 10', 'Chrome 115.0.0.0', '2023-08-03 22:00:51', NULL);
INSERT INTO `logs` (`id`, `message`, `record_id`, `user_id`, `action`, `ip_address`, `platform`, `agent`, `time`, `created_at`) VALUES (485, 'New Record inserted On students id 94', '94', 1, 'Insert', '49.43.250.73', 'Windows 10', 'Chrome 115.0.0.0', '2023-08-03 22:00:51', NULL);
INSERT INTO `logs` (`id`, `message`, `record_id`, `user_id`, `action`, `ip_address`, `platform`, `agent`, `time`, `created_at`) VALUES (486, 'New Record inserted On  student session id 94', '94', 1, 'Insert', '49.43.250.73', 'Windows 10', 'Chrome 115.0.0.0', '2023-08-03 22:00:51', NULL);
INSERT INTO `logs` (`id`, `message`, `record_id`, `user_id`, `action`, `ip_address`, `platform`, `agent`, `time`, `created_at`) VALUES (487, 'New Record inserted On users id 187', '187', 1, 'Insert', '49.43.250.73', 'Windows 10', 'Chrome 115.0.0.0', '2023-08-03 22:00:51', NULL);
INSERT INTO `logs` (`id`, `message`, `record_id`, `user_id`, `action`, `ip_address`, `platform`, `agent`, `time`, `created_at`) VALUES (488, 'New Record inserted On users id 188', '188', 1, 'Insert', '49.43.250.73', 'Windows 10', 'Chrome 115.0.0.0', '2023-08-03 22:00:51', NULL);
INSERT INTO `logs` (`id`, `message`, `record_id`, `user_id`, `action`, `ip_address`, `platform`, `agent`, `time`, `created_at`) VALUES (489, 'Record updated On students id 94', '94', 1, 'Update', '49.43.250.73', 'Windows 10', 'Chrome 115.0.0.0', '2023-08-03 22:00:51', NULL);
INSERT INTO `logs` (`id`, `message`, `record_id`, `user_id`, `action`, `ip_address`, `platform`, `agent`, `time`, `created_at`) VALUES (490, 'New Record inserted On students id 95', '95', 1, 'Insert', '49.43.250.73', 'Windows 10', 'Chrome 115.0.0.0', '2023-08-03 22:00:51', NULL);
INSERT INTO `logs` (`id`, `message`, `record_id`, `user_id`, `action`, `ip_address`, `platform`, `agent`, `time`, `created_at`) VALUES (491, 'New Record inserted On  student session id 95', '95', 1, 'Insert', '49.43.250.73', 'Windows 10', 'Chrome 115.0.0.0', '2023-08-03 22:00:51', NULL);
INSERT INTO `logs` (`id`, `message`, `record_id`, `user_id`, `action`, `ip_address`, `platform`, `agent`, `time`, `created_at`) VALUES (492, 'New Record inserted On users id 189', '189', 1, 'Insert', '49.43.250.73', 'Windows 10', 'Chrome 115.0.0.0', '2023-08-03 22:00:51', NULL);
INSERT INTO `logs` (`id`, `message`, `record_id`, `user_id`, `action`, `ip_address`, `platform`, `agent`, `time`, `created_at`) VALUES (493, 'New Record inserted On users id 190', '190', 1, 'Insert', '49.43.250.73', 'Windows 10', 'Chrome 115.0.0.0', '2023-08-03 22:00:51', NULL);
INSERT INTO `logs` (`id`, `message`, `record_id`, `user_id`, `action`, `ip_address`, `platform`, `agent`, `time`, `created_at`) VALUES (494, 'Record updated On students id 95', '95', 1, 'Update', '49.43.250.73', 'Windows 10', 'Chrome 115.0.0.0', '2023-08-03 22:00:51', NULL);
INSERT INTO `logs` (`id`, `message`, `record_id`, `user_id`, `action`, `ip_address`, `platform`, `agent`, `time`, `created_at`) VALUES (495, 'New Record inserted On students id 96', '96', 1, 'Insert', '49.43.250.73', 'Windows 10', 'Chrome 115.0.0.0', '2023-08-03 22:00:51', NULL);
INSERT INTO `logs` (`id`, `message`, `record_id`, `user_id`, `action`, `ip_address`, `platform`, `agent`, `time`, `created_at`) VALUES (496, 'New Record inserted On  student session id 96', '96', 1, 'Insert', '49.43.250.73', 'Windows 10', 'Chrome 115.0.0.0', '2023-08-03 22:00:51', NULL);
INSERT INTO `logs` (`id`, `message`, `record_id`, `user_id`, `action`, `ip_address`, `platform`, `agent`, `time`, `created_at`) VALUES (497, 'New Record inserted On users id 191', '191', 1, 'Insert', '49.43.250.73', 'Windows 10', 'Chrome 115.0.0.0', '2023-08-03 22:00:51', NULL);
INSERT INTO `logs` (`id`, `message`, `record_id`, `user_id`, `action`, `ip_address`, `platform`, `agent`, `time`, `created_at`) VALUES (498, 'New Record inserted On users id 192', '192', 1, 'Insert', '49.43.250.73', 'Windows 10', 'Chrome 115.0.0.0', '2023-08-03 22:00:51', NULL);
INSERT INTO `logs` (`id`, `message`, `record_id`, `user_id`, `action`, `ip_address`, `platform`, `agent`, `time`, `created_at`) VALUES (499, 'Record updated On students id 96', '96', 1, 'Update', '49.43.250.73', 'Windows 10', 'Chrome 115.0.0.0', '2023-08-03 22:00:51', NULL);
INSERT INTO `logs` (`id`, `message`, `record_id`, `user_id`, `action`, `ip_address`, `platform`, `agent`, `time`, `created_at`) VALUES (500, 'New Record inserted On students id 97', '97', 1, 'Insert', '49.43.250.73', 'Windows 10', 'Chrome 115.0.0.0', '2023-08-03 22:00:51', NULL);
INSERT INTO `logs` (`id`, `message`, `record_id`, `user_id`, `action`, `ip_address`, `platform`, `agent`, `time`, `created_at`) VALUES (501, 'New Record inserted On  student session id 97', '97', 1, 'Insert', '49.43.250.73', 'Windows 10', 'Chrome 115.0.0.0', '2023-08-03 22:00:51', NULL);
INSERT INTO `logs` (`id`, `message`, `record_id`, `user_id`, `action`, `ip_address`, `platform`, `agent`, `time`, `created_at`) VALUES (502, 'New Record inserted On users id 193', '193', 1, 'Insert', '49.43.250.73', 'Windows 10', 'Chrome 115.0.0.0', '2023-08-03 22:00:51', NULL);
INSERT INTO `logs` (`id`, `message`, `record_id`, `user_id`, `action`, `ip_address`, `platform`, `agent`, `time`, `created_at`) VALUES (503, 'New Record inserted On users id 194', '194', 1, 'Insert', '49.43.250.73', 'Windows 10', 'Chrome 115.0.0.0', '2023-08-03 22:00:51', NULL);
INSERT INTO `logs` (`id`, `message`, `record_id`, `user_id`, `action`, `ip_address`, `platform`, `agent`, `time`, `created_at`) VALUES (504, 'Record updated On students id 97', '97', 1, 'Update', '49.43.250.73', 'Windows 10', 'Chrome 115.0.0.0', '2023-08-03 22:00:51', NULL);
INSERT INTO `logs` (`id`, `message`, `record_id`, `user_id`, `action`, `ip_address`, `platform`, `agent`, `time`, `created_at`) VALUES (505, 'New Record inserted On students id 98', '98', 1, 'Insert', '49.43.250.73', 'Windows 10', 'Chrome 115.0.0.0', '2023-08-03 22:00:51', NULL);
INSERT INTO `logs` (`id`, `message`, `record_id`, `user_id`, `action`, `ip_address`, `platform`, `agent`, `time`, `created_at`) VALUES (506, 'New Record inserted On  student session id 98', '98', 1, 'Insert', '49.43.250.73', 'Windows 10', 'Chrome 115.0.0.0', '2023-08-03 22:00:51', NULL);
INSERT INTO `logs` (`id`, `message`, `record_id`, `user_id`, `action`, `ip_address`, `platform`, `agent`, `time`, `created_at`) VALUES (507, 'New Record inserted On users id 195', '195', 1, 'Insert', '49.43.250.73', 'Windows 10', 'Chrome 115.0.0.0', '2023-08-03 22:00:51', NULL);
INSERT INTO `logs` (`id`, `message`, `record_id`, `user_id`, `action`, `ip_address`, `platform`, `agent`, `time`, `created_at`) VALUES (508, 'New Record inserted On users id 196', '196', 1, 'Insert', '49.43.250.73', 'Windows 10', 'Chrome 115.0.0.0', '2023-08-03 22:00:51', NULL);
INSERT INTO `logs` (`id`, `message`, `record_id`, `user_id`, `action`, `ip_address`, `platform`, `agent`, `time`, `created_at`) VALUES (509, 'Record updated On students id 98', '98', 1, 'Update', '49.43.250.73', 'Windows 10', 'Chrome 115.0.0.0', '2023-08-03 22:00:51', NULL);
INSERT INTO `logs` (`id`, `message`, `record_id`, `user_id`, `action`, `ip_address`, `platform`, `agent`, `time`, `created_at`) VALUES (510, 'New Record inserted On students id 99', '99', 1, 'Insert', '49.43.250.73', 'Windows 10', 'Chrome 115.0.0.0', '2023-08-03 22:00:51', NULL);
INSERT INTO `logs` (`id`, `message`, `record_id`, `user_id`, `action`, `ip_address`, `platform`, `agent`, `time`, `created_at`) VALUES (511, 'New Record inserted On  student session id 99', '99', 1, 'Insert', '49.43.250.73', 'Windows 10', 'Chrome 115.0.0.0', '2023-08-03 22:00:51', NULL);
INSERT INTO `logs` (`id`, `message`, `record_id`, `user_id`, `action`, `ip_address`, `platform`, `agent`, `time`, `created_at`) VALUES (512, 'New Record inserted On users id 197', '197', 1, 'Insert', '49.43.250.73', 'Windows 10', 'Chrome 115.0.0.0', '2023-08-03 22:00:51', NULL);
INSERT INTO `logs` (`id`, `message`, `record_id`, `user_id`, `action`, `ip_address`, `platform`, `agent`, `time`, `created_at`) VALUES (513, 'New Record inserted On users id 198', '198', 1, 'Insert', '49.43.250.73', 'Windows 10', 'Chrome 115.0.0.0', '2023-08-03 22:00:51', NULL);
INSERT INTO `logs` (`id`, `message`, `record_id`, `user_id`, `action`, `ip_address`, `platform`, `agent`, `time`, `created_at`) VALUES (514, 'Record updated On students id 99', '99', 1, 'Update', '49.43.250.73', 'Windows 10', 'Chrome 115.0.0.0', '2023-08-03 22:00:51', NULL);
INSERT INTO `logs` (`id`, `message`, `record_id`, `user_id`, `action`, `ip_address`, `platform`, `agent`, `time`, `created_at`) VALUES (515, 'New Record inserted On students id 100', '100', 1, 'Insert', '49.43.250.73', 'Windows 10', 'Chrome 115.0.0.0', '2023-08-03 22:00:51', NULL);
INSERT INTO `logs` (`id`, `message`, `record_id`, `user_id`, `action`, `ip_address`, `platform`, `agent`, `time`, `created_at`) VALUES (516, 'New Record inserted On  student session id 100', '100', 1, 'Insert', '49.43.250.73', 'Windows 10', 'Chrome 115.0.0.0', '2023-08-03 22:00:51', NULL);
INSERT INTO `logs` (`id`, `message`, `record_id`, `user_id`, `action`, `ip_address`, `platform`, `agent`, `time`, `created_at`) VALUES (517, 'New Record inserted On users id 199', '199', 1, 'Insert', '49.43.250.73', 'Windows 10', 'Chrome 115.0.0.0', '2023-08-03 22:00:51', NULL);
INSERT INTO `logs` (`id`, `message`, `record_id`, `user_id`, `action`, `ip_address`, `platform`, `agent`, `time`, `created_at`) VALUES (518, 'New Record inserted On users id 200', '200', 1, 'Insert', '49.43.250.73', 'Windows 10', 'Chrome 115.0.0.0', '2023-08-03 22:00:51', NULL);
INSERT INTO `logs` (`id`, `message`, `record_id`, `user_id`, `action`, `ip_address`, `platform`, `agent`, `time`, `created_at`) VALUES (519, 'Record updated On students id 100', '100', 1, 'Update', '49.43.250.73', 'Windows 10', 'Chrome 115.0.0.0', '2023-08-03 22:00:51', NULL);
INSERT INTO `logs` (`id`, `message`, `record_id`, `user_id`, `action`, `ip_address`, `platform`, `agent`, `time`, `created_at`) VALUES (520, 'New Record inserted On  student session id 101', '101', 1, 'Insert', '49.43.250.73', 'Windows 10', 'Chrome 115.0.0.0', '2023-08-03 22:10:49', NULL);
INSERT INTO `logs` (`id`, `message`, `record_id`, `user_id`, `action`, `ip_address`, `platform`, `agent`, `time`, `created_at`) VALUES (521, 'New Record inserted On  student session id 102', '102', 1, 'Insert', '49.43.250.73', 'Windows 10', 'Chrome 115.0.0.0', '2023-08-03 22:12:03', NULL);
INSERT INTO `logs` (`id`, `message`, `record_id`, `user_id`, `action`, `ip_address`, `platform`, `agent`, `time`, `created_at`) VALUES (522, 'New Record inserted On  student session id 103', '103', 1, 'Insert', '49.43.250.73', 'Windows 10', 'Chrome 115.0.0.0', '2023-08-03 22:12:03', NULL);
INSERT INTO `logs` (`id`, `message`, `record_id`, `user_id`, `action`, `ip_address`, `platform`, `agent`, `time`, `created_at`) VALUES (523, 'Record updated On students id 2', '2', 1, 'Update', '49.43.250.73', 'Windows 10', 'Chrome 115.0.0.0', '2023-08-03 22:23:15', NULL);
INSERT INTO `logs` (`id`, `message`, `record_id`, `user_id`, `action`, `ip_address`, `platform`, `agent`, `time`, `created_at`) VALUES (524, 'Record updated On  student session id 2', '2', 1, 'Update', '49.43.250.73', 'Windows 10', 'Chrome 115.0.0.0', '2023-08-03 22:23:15', NULL);
INSERT INTO `logs` (`id`, `message`, `record_id`, `user_id`, `action`, `ip_address`, `platform`, `agent`, `time`, `created_at`) VALUES (525, 'New Record inserted On  fees discounts id 3', '3', 1, 'Insert', '49.43.250.73', 'Windows 10', 'Chrome 115.0.0.0', '2023-08-03 22:24:18', NULL);
INSERT INTO `logs` (`id`, `message`, `record_id`, `user_id`, `action`, `ip_address`, `platform`, `agent`, `time`, `created_at`) VALUES (526, 'Record deleted On  fees discounts id 1', '1', 1, 'Delete', '203.192.244.218', 'Windows 10', 'Chrome 115.0.0.0', '2023-08-06 18:13:43', NULL);
INSERT INTO `logs` (`id`, `message`, `record_id`, `user_id`, `action`, `ip_address`, `platform`, `agent`, `time`, `created_at`) VALUES (527, 'Record deleted On  fees discounts id 2', '2', 1, 'Delete', '203.192.244.218', 'Windows 10', 'Chrome 115.0.0.0', '2023-08-06 18:13:48', NULL);
INSERT INTO `logs` (`id`, `message`, `record_id`, `user_id`, `action`, `ip_address`, `platform`, `agent`, `time`, `created_at`) VALUES (528, 'New Record inserted On sections id 3', '3', 1, 'Insert', '203.192.244.218', 'Windows 10', 'Chrome 115.0.0.0', '2023-08-06 18:37:24', NULL);
INSERT INTO `logs` (`id`, `message`, `record_id`, `user_id`, `action`, `ip_address`, `platform`, `agent`, `time`, `created_at`) VALUES (529, 'New Record inserted On sections id 4', '4', 1, 'Insert', '203.192.244.218', 'Windows 10', 'Chrome 115.0.0.0', '2023-08-06 18:37:27', NULL);
INSERT INTO `logs` (`id`, `message`, `record_id`, `user_id`, `action`, `ip_address`, `platform`, `agent`, `time`, `created_at`) VALUES (530, 'New Record inserted On subject groups id 2', '2', 1, 'Insert', '157.48.76.182', 'Windows 10', 'Chrome 115.0.0.0', '2023-08-11 15:37:14', NULL);
INSERT INTO `logs` (`id`, `message`, `record_id`, `user_id`, `action`, `ip_address`, `platform`, `agent`, `time`, `created_at`) VALUES (531, 'New Record inserted On subject groups id 3', '3', 1, 'Insert', '157.48.76.182', 'Windows 10', 'Chrome 115.0.0.0', '2023-08-11 15:37:27', NULL);
INSERT INTO `logs` (`id`, `message`, `record_id`, `user_id`, `action`, `ip_address`, `platform`, `agent`, `time`, `created_at`) VALUES (532, 'Record deleted On classes id 1', '1', 1, 'Delete', '157.48.76.182', 'Windows 10', 'Chrome 115.0.0.0', '2023-08-11 15:37:34', NULL);
INSERT INTO `logs` (`id`, `message`, `record_id`, `user_id`, `action`, `ip_address`, `platform`, `agent`, `time`, `created_at`) VALUES (533, 'New Record inserted On subject groups id 4', '4', 1, 'Insert', '157.48.76.182', 'Windows 10', 'Chrome 115.0.0.0', '2023-08-11 15:37:49', NULL);
INSERT INTO `logs` (`id`, `message`, `record_id`, `user_id`, `action`, `ip_address`, `platform`, `agent`, `time`, `created_at`) VALUES (534, 'New Record inserted On subject groups id 5', '5', 1, 'Insert', '157.48.76.182', 'Windows 10', 'Chrome 115.0.0.0', '2023-08-11 15:37:59', NULL);
INSERT INTO `logs` (`id`, `message`, `record_id`, `user_id`, `action`, `ip_address`, `platform`, `agent`, `time`, `created_at`) VALUES (535, 'New Record inserted On subjects id 1', '1', 1, 'Insert', '157.48.76.182', 'Windows 10', 'Chrome 115.0.0.0', '2023-08-11 15:38:43', NULL);
INSERT INTO `logs` (`id`, `message`, `record_id`, `user_id`, `action`, `ip_address`, `platform`, `agent`, `time`, `created_at`) VALUES (536, 'New Record inserted On subjects id 2', '2', 1, 'Insert', '157.48.76.182', 'Windows 10', 'Chrome 115.0.0.0', '2023-08-11 15:38:56', NULL);
INSERT INTO `logs` (`id`, `message`, `record_id`, `user_id`, `action`, `ip_address`, `platform`, `agent`, `time`, `created_at`) VALUES (537, 'New Record inserted On subjects id 3', '3', 1, 'Insert', '157.48.76.182', 'Windows 10', 'Chrome 115.0.0.0', '2023-08-11 15:39:05', NULL);
INSERT INTO `logs` (`id`, `message`, `record_id`, `user_id`, `action`, `ip_address`, `platform`, `agent`, `time`, `created_at`) VALUES (538, 'Record updated On subjects id 3', '3', 1, 'Update', '157.48.76.182', 'Windows 10', 'Chrome 115.0.0.0', '2023-08-11 15:39:18', NULL);
INSERT INTO `logs` (`id`, `message`, `record_id`, `user_id`, `action`, `ip_address`, `platform`, `agent`, `time`, `created_at`) VALUES (539, 'Record updated On subjects id 2', '2', 1, 'Update', '157.48.76.182', 'Windows 10', 'Chrome 115.0.0.0', '2023-08-11 15:39:30', NULL);
INSERT INTO `logs` (`id`, `message`, `record_id`, `user_id`, `action`, `ip_address`, `platform`, `agent`, `time`, `created_at`) VALUES (540, 'Record updated On subjects id 1', '1', 1, 'Update', '157.48.76.182', 'Windows 10', 'Chrome 115.0.0.0', '2023-08-11 15:39:39', NULL);
INSERT INTO `logs` (`id`, `message`, `record_id`, `user_id`, `action`, `ip_address`, `platform`, `agent`, `time`, `created_at`) VALUES (541, 'New Record inserted On subjects id 4', '4', 1, 'Insert', '157.48.76.182', 'Windows 10', 'Chrome 115.0.0.0', '2023-08-11 15:40:02', NULL);
INSERT INTO `logs` (`id`, `message`, `record_id`, `user_id`, `action`, `ip_address`, `platform`, `agent`, `time`, `created_at`) VALUES (542, 'New Record inserted On subjects id 5', '5', 1, 'Insert', '157.48.76.182', 'Windows 10', 'Chrome 115.0.0.0', '2023-08-11 15:40:19', NULL);
INSERT INTO `logs` (`id`, `message`, `record_id`, `user_id`, `action`, `ip_address`, `platform`, `agent`, `time`, `created_at`) VALUES (543, 'New Record inserted On subjects id 6', '6', 1, 'Insert', '157.48.76.182', 'Windows 10', 'Chrome 115.0.0.0', '2023-08-11 15:40:33', NULL);
INSERT INTO `logs` (`id`, `message`, `record_id`, `user_id`, `action`, `ip_address`, `platform`, `agent`, `time`, `created_at`) VALUES (544, 'New Record inserted On subjects id 7', '7', 1, 'Insert', '157.48.76.182', 'Windows 10', 'Chrome 115.0.0.0', '2023-08-11 15:40:53', NULL);
INSERT INTO `logs` (`id`, `message`, `record_id`, `user_id`, `action`, `ip_address`, `platform`, `agent`, `time`, `created_at`) VALUES (545, 'New Record inserted On subjects id 8', '8', 1, 'Insert', '157.48.76.182', 'Windows 10', 'Chrome 115.0.0.0', '2023-08-11 15:41:18', NULL);
INSERT INTO `logs` (`id`, `message`, `record_id`, `user_id`, `action`, `ip_address`, `platform`, `agent`, `time`, `created_at`) VALUES (546, 'New Record inserted On subjects id 9', '9', 1, 'Insert', '157.48.76.182', 'Windows 10', 'Chrome 115.0.0.0', '2023-08-11 15:41:39', NULL);
INSERT INTO `logs` (`id`, `message`, `record_id`, `user_id`, `action`, `ip_address`, `platform`, `agent`, `time`, `created_at`) VALUES (547, 'New Record inserted On subjects id 10', '10', 1, 'Insert', '157.48.76.182', 'Windows 10', 'Chrome 115.0.0.0', '2023-08-11 15:41:57', NULL);
INSERT INTO `logs` (`id`, `message`, `record_id`, `user_id`, `action`, `ip_address`, `platform`, `agent`, `time`, `created_at`) VALUES (548, 'New Record inserted On subjects id 11', '11', 1, 'Insert', '157.48.76.182', 'Windows 10', 'Chrome 115.0.0.0', '2023-08-11 15:48:19', NULL);
INSERT INTO `logs` (`id`, `message`, `record_id`, `user_id`, `action`, `ip_address`, `platform`, `agent`, `time`, `created_at`) VALUES (549, 'New Record inserted On subject groups id 1', '1', 1, 'Insert', '157.48.76.182', 'Windows 10', 'Chrome 115.0.0.0', '2023-08-11 15:50:01', NULL);
INSERT INTO `logs` (`id`, `message`, `record_id`, `user_id`, `action`, `ip_address`, `platform`, `agent`, `time`, `created_at`) VALUES (550, 'New Record inserted On subject groups id 2', '2', 1, 'Insert', '157.48.76.182', 'Windows 10', 'Chrome 115.0.0.0', '2023-08-11 15:50:44', NULL);
INSERT INTO `logs` (`id`, `message`, `record_id`, `user_id`, `action`, `ip_address`, `platform`, `agent`, `time`, `created_at`) VALUES (551, 'New Record inserted On subject groups id 3', '3', 1, 'Insert', '157.48.76.182', 'Windows 10', 'Chrome 115.0.0.0', '2023-08-11 15:51:21', NULL);
INSERT INTO `logs` (`id`, `message`, `record_id`, `user_id`, `action`, `ip_address`, `platform`, `agent`, `time`, `created_at`) VALUES (552, 'New Record inserted On subject groups id 4', '4', 1, 'Insert', '157.48.76.182', 'Windows 10', 'Chrome 115.0.0.0', '2023-08-11 15:51:54', NULL);
INSERT INTO `logs` (`id`, `message`, `record_id`, `user_id`, `action`, `ip_address`, `platform`, `agent`, `time`, `created_at`) VALUES (553, 'New Record inserted On lesson id 1', '1', 1, 'Insert', '157.48.76.182', 'Windows 10', 'Chrome 115.0.0.0', '2023-08-11 15:57:21', NULL);
INSERT INTO `logs` (`id`, `message`, `record_id`, `user_id`, `action`, `ip_address`, `platform`, `agent`, `time`, `created_at`) VALUES (554, 'New Record inserted On lesson id 2', '2', 1, 'Insert', '157.48.76.182', 'Windows 10', 'Chrome 115.0.0.0', '2023-08-11 15:57:21', NULL);
INSERT INTO `logs` (`id`, `message`, `record_id`, `user_id`, `action`, `ip_address`, `platform`, `agent`, `time`, `created_at`) VALUES (555, 'New Record inserted On lesson id 3', '3', 1, 'Insert', '157.48.76.182', 'Windows 10', 'Chrome 115.0.0.0', '2023-08-11 15:57:21', NULL);
INSERT INTO `logs` (`id`, `message`, `record_id`, `user_id`, `action`, `ip_address`, `platform`, `agent`, `time`, `created_at`) VALUES (556, 'New Record inserted On lesson id 4', '4', 1, 'Insert', '157.48.76.182', 'Windows 10', 'Chrome 115.0.0.0', '2023-08-11 15:57:21', NULL);
INSERT INTO `logs` (`id`, `message`, `record_id`, `user_id`, `action`, `ip_address`, `platform`, `agent`, `time`, `created_at`) VALUES (557, 'New Record inserted On lesson id 5', '5', 1, 'Insert', '157.48.76.182', 'Windows 10', 'Chrome 115.0.0.0', '2023-08-11 15:57:21', NULL);
INSERT INTO `logs` (`id`, `message`, `record_id`, `user_id`, `action`, `ip_address`, `platform`, `agent`, `time`, `created_at`) VALUES (558, 'New Record inserted On lesson id 6', '6', 1, 'Insert', '157.48.76.182', 'Windows 10', 'Chrome 115.0.0.0', '2023-08-11 15:57:21', NULL);
INSERT INTO `logs` (`id`, `message`, `record_id`, `user_id`, `action`, `ip_address`, `platform`, `agent`, `time`, `created_at`) VALUES (559, 'New Record inserted On lesson id 7', '7', 1, 'Insert', '157.48.76.182', 'Windows 10', 'Chrome 115.0.0.0', '2023-08-11 15:57:21', NULL);
INSERT INTO `logs` (`id`, `message`, `record_id`, `user_id`, `action`, `ip_address`, `platform`, `agent`, `time`, `created_at`) VALUES (560, 'New Record inserted On visitors purpose id 1', '1', 1, 'Insert', '157.48.76.182', 'Windows 10', 'Chrome 115.0.0.0', '2023-08-11 16:01:26', NULL);
INSERT INTO `logs` (`id`, `message`, `record_id`, `user_id`, `action`, `ip_address`, `platform`, `agent`, `time`, `created_at`) VALUES (561, 'New Record inserted On visitors purpose id 2', '2', 1, 'Insert', '157.48.76.182', 'Windows 10', 'Chrome 115.0.0.0', '2023-08-11 16:01:33', NULL);
INSERT INTO `logs` (`id`, `message`, `record_id`, `user_id`, `action`, `ip_address`, `platform`, `agent`, `time`, `created_at`) VALUES (562, 'New Record inserted On visitors purpose id 3', '3', 1, 'Insert', '157.48.76.182', 'Windows 10', 'Chrome 115.0.0.0', '2023-08-11 16:01:39', NULL);
INSERT INTO `logs` (`id`, `message`, `record_id`, `user_id`, `action`, `ip_address`, `platform`, `agent`, `time`, `created_at`) VALUES (563, 'New Record inserted On visitors purpose id 4', '4', 1, 'Insert', '157.48.76.182', 'Windows 10', 'Chrome 115.0.0.0', '2023-08-11 16:01:45', NULL);
INSERT INTO `logs` (`id`, `message`, `record_id`, `user_id`, `action`, `ip_address`, `platform`, `agent`, `time`, `created_at`) VALUES (564, 'New Record inserted On visitors purpose id 5', '5', 1, 'Insert', '157.48.76.182', 'Windows 10', 'Chrome 115.0.0.0', '2023-08-11 16:01:52', NULL);
INSERT INTO `logs` (`id`, `message`, `record_id`, `user_id`, `action`, `ip_address`, `platform`, `agent`, `time`, `created_at`) VALUES (565, 'New Record inserted On visitors purpose id 6', '6', 1, 'Insert', '157.48.76.182', 'Windows 10', 'Chrome 115.0.0.0', '2023-08-11 16:02:00', NULL);
INSERT INTO `logs` (`id`, `message`, `record_id`, `user_id`, `action`, `ip_address`, `platform`, `agent`, `time`, `created_at`) VALUES (566, 'New Record inserted On  complaint_type id 1', '1', 1, 'Insert', '157.48.76.182', 'Windows 10', 'Chrome 115.0.0.0', '2023-08-11 16:03:47', NULL);
INSERT INTO `logs` (`id`, `message`, `record_id`, `user_id`, `action`, `ip_address`, `platform`, `agent`, `time`, `created_at`) VALUES (567, 'New Record inserted On  complaint_type id 2', '2', 1, 'Insert', '157.48.76.182', 'Windows 10', 'Chrome 115.0.0.0', '2023-08-11 16:03:51', NULL);
INSERT INTO `logs` (`id`, `message`, `record_id`, `user_id`, `action`, `ip_address`, `platform`, `agent`, `time`, `created_at`) VALUES (568, 'New Record inserted On  complaint_type id 3', '3', 1, 'Insert', '157.48.76.182', 'Windows 10', 'Chrome 115.0.0.0', '2023-08-11 16:03:56', NULL);
INSERT INTO `logs` (`id`, `message`, `record_id`, `user_id`, `action`, `ip_address`, `platform`, `agent`, `time`, `created_at`) VALUES (569, 'New Record inserted On  complaint_type id 4', '4', 1, 'Insert', '157.48.76.182', 'Windows 10', 'Chrome 115.0.0.0', '2023-08-11 16:04:01', NULL);
INSERT INTO `logs` (`id`, `message`, `record_id`, `user_id`, `action`, `ip_address`, `platform`, `agent`, `time`, `created_at`) VALUES (570, 'New Record inserted On  complaint_type id 5', '5', 1, 'Insert', '157.48.76.182', 'Windows 10', 'Chrome 115.0.0.0', '2023-08-11 16:04:06', NULL);
INSERT INTO `logs` (`id`, `message`, `record_id`, `user_id`, `action`, `ip_address`, `platform`, `agent`, `time`, `created_at`) VALUES (571, 'New Record inserted On  complaint_type id 6', '6', 1, 'Insert', '157.48.76.182', 'Windows 10', 'Chrome 115.0.0.0', '2023-08-11 16:04:11', NULL);
INSERT INTO `logs` (`id`, `message`, `record_id`, `user_id`, `action`, `ip_address`, `platform`, `agent`, `time`, `created_at`) VALUES (572, 'New Record inserted On  complaint_type id 7', '7', 1, 'Insert', '157.48.76.182', 'Windows 10', 'Chrome 115.0.0.0', '2023-08-11 16:04:16', NULL);
INSERT INTO `logs` (`id`, `message`, `record_id`, `user_id`, `action`, `ip_address`, `platform`, `agent`, `time`, `created_at`) VALUES (573, 'New Record inserted On source id 1', '1', 1, 'Insert', '157.48.76.182', 'Windows 10', 'Chrome 115.0.0.0', '2023-08-11 16:05:31', NULL);
INSERT INTO `logs` (`id`, `message`, `record_id`, `user_id`, `action`, `ip_address`, `platform`, `agent`, `time`, `created_at`) VALUES (574, 'New Record inserted On source id 2', '2', 1, 'Insert', '157.48.76.182', 'Windows 10', 'Chrome 115.0.0.0', '2023-08-11 16:05:35', NULL);
INSERT INTO `logs` (`id`, `message`, `record_id`, `user_id`, `action`, `ip_address`, `platform`, `agent`, `time`, `created_at`) VALUES (575, 'New Record inserted On source id 3', '3', 1, 'Insert', '157.48.76.182', 'Windows 10', 'Chrome 115.0.0.0', '2023-08-11 16:05:40', NULL);
INSERT INTO `logs` (`id`, `message`, `record_id`, `user_id`, `action`, `ip_address`, `platform`, `agent`, `time`, `created_at`) VALUES (576, 'New Record inserted On source id 4', '4', 1, 'Insert', '157.48.76.182', 'Windows 10', 'Chrome 115.0.0.0', '2023-08-11 16:05:45', NULL);
INSERT INTO `logs` (`id`, `message`, `record_id`, `user_id`, `action`, `ip_address`, `platform`, `agent`, `time`, `created_at`) VALUES (577, 'New Record inserted On source id 5', '5', 1, 'Insert', '157.48.76.182', 'Windows 10', 'Chrome 115.0.0.0', '2023-08-11 16:05:52', NULL);
INSERT INTO `logs` (`id`, `message`, `record_id`, `user_id`, `action`, `ip_address`, `platform`, `agent`, `time`, `created_at`) VALUES (578, 'New Record inserted On reference id 1', '1', 1, 'Insert', '157.48.76.182', 'Windows 10', 'Chrome 115.0.0.0', '2023-08-11 16:07:12', NULL);
INSERT INTO `logs` (`id`, `message`, `record_id`, `user_id`, `action`, `ip_address`, `platform`, `agent`, `time`, `created_at`) VALUES (579, 'New Record inserted On reference id 2', '2', 1, 'Insert', '157.48.76.182', 'Windows 10', 'Chrome 115.0.0.0', '2023-08-11 16:07:16', NULL);
INSERT INTO `logs` (`id`, `message`, `record_id`, `user_id`, `action`, `ip_address`, `platform`, `agent`, `time`, `created_at`) VALUES (580, 'New Record inserted On reference id 3', '3', 1, 'Insert', '157.48.76.182', 'Windows 10', 'Chrome 115.0.0.0', '2023-08-11 16:07:21', NULL);
INSERT INTO `logs` (`id`, `message`, `record_id`, `user_id`, `action`, `ip_address`, `platform`, `agent`, `time`, `created_at`) VALUES (581, 'New Record inserted On reference id 4', '4', 1, 'Insert', '157.48.76.182', 'Windows 10', 'Chrome 115.0.0.0', '2023-08-11 16:07:27', NULL);
INSERT INTO `logs` (`id`, `message`, `record_id`, `user_id`, `action`, `ip_address`, `platform`, `agent`, `time`, `created_at`) VALUES (582, 'New Record inserted On reference id 5', '5', 1, 'Insert', '157.48.76.182', 'Windows 10', 'Chrome 115.0.0.0', '2023-08-11 16:07:32', NULL);
INSERT INTO `logs` (`id`, `message`, `record_id`, `user_id`, `action`, `ip_address`, `platform`, `agent`, `time`, `created_at`) VALUES (583, 'New Record inserted On reference id 6', '6', 1, 'Insert', '157.48.76.182', 'Windows 10', 'Chrome 115.0.0.0', '2023-08-11 16:07:36', NULL);
INSERT INTO `logs` (`id`, `message`, `record_id`, `user_id`, `action`, `ip_address`, `platform`, `agent`, `time`, `created_at`) VALUES (584, 'New Record inserted On  Admission Enquiry  Postal Receive id 1', '1', 1, 'Insert', '157.48.76.182', 'Windows 10', 'Chrome 115.0.0.0', '2023-08-11 16:19:42', NULL);
INSERT INTO `logs` (`id`, `message`, `record_id`, `user_id`, `action`, `ip_address`, `platform`, `agent`, `time`, `created_at`) VALUES (585, 'New Record inserted On  Admission Enquiry  Postal Receive id 2', '2', 1, 'Insert', '157.48.76.182', 'Windows 10', 'Chrome 115.0.0.0', '2023-08-11 16:20:21', NULL);
INSERT INTO `logs` (`id`, `message`, `record_id`, `user_id`, `action`, `ip_address`, `platform`, `agent`, `time`, `created_at`) VALUES (586, 'New Record inserted On  Admission Enquiry  Postal Receive id 3', '3', 1, 'Insert', '157.48.76.182', 'Windows 10', 'Chrome 115.0.0.0', '2023-08-11 16:20:54', NULL);
INSERT INTO `logs` (`id`, `message`, `record_id`, `user_id`, `action`, `ip_address`, `platform`, `agent`, `time`, `created_at`) VALUES (587, 'New Record inserted On  Admission Enquiry  Postal Receive id 4', '4', 1, 'Insert', '157.48.76.182', 'Windows 10', 'Chrome 115.0.0.0', '2023-08-11 16:21:25', NULL);
INSERT INTO `logs` (`id`, `message`, `record_id`, `user_id`, `action`, `ip_address`, `platform`, `agent`, `time`, `created_at`) VALUES (588, 'New Record inserted On  Admission Enquiry  Postal Receive id 5', '5', 1, 'Insert', '157.48.76.182', 'Windows 10', 'Chrome 115.0.0.0', '2023-08-11 16:22:28', NULL);
INSERT INTO `logs` (`id`, `message`, `record_id`, `user_id`, `action`, `ip_address`, `platform`, `agent`, `time`, `created_at`) VALUES (589, 'New Record inserted On  Admission Enquiry  Postal Receive id 6', '6', 1, 'Insert', '157.48.76.182', 'Windows 10', 'Chrome 115.0.0.0', '2023-08-11 16:23:08', NULL);
INSERT INTO `logs` (`id`, `message`, `record_id`, `user_id`, `action`, `ip_address`, `platform`, `agent`, `time`, `created_at`) VALUES (590, 'New Record inserted On  Admission Enquiry  Postal Receive id 7', '7', 1, 'Insert', '157.48.76.182', 'Windows 10', 'Chrome 115.0.0.0', '2023-08-11 16:23:34', NULL);
INSERT INTO `logs` (`id`, `message`, `record_id`, `user_id`, `action`, `ip_address`, `platform`, `agent`, `time`, `created_at`) VALUES (591, 'New Record inserted On  Admission Enquiry  Postal Receive id 8', '8', 1, 'Insert', '157.48.76.182', 'Windows 10', 'Chrome 115.0.0.0', '2023-08-11 16:24:14', NULL);
INSERT INTO `logs` (`id`, `message`, `record_id`, `user_id`, `action`, `ip_address`, `platform`, `agent`, `time`, `created_at`) VALUES (592, 'New Record inserted On  Admission Enquiry  Postal Receive id 9', '9', 1, 'Insert', '157.48.76.182', 'Windows 10', 'Chrome 115.0.0.0', '2023-08-11 16:24:42', NULL);
INSERT INTO `logs` (`id`, `message`, `record_id`, `user_id`, `action`, `ip_address`, `platform`, `agent`, `time`, `created_at`) VALUES (593, 'New Record inserted On  Admission Enquiry  Postal Receive id 10', '10', 1, 'Insert', '157.48.76.182', 'Windows 10', 'Chrome 115.0.0.0', '2023-08-11 16:25:07', NULL);
INSERT INTO `logs` (`id`, `message`, `record_id`, `user_id`, `action`, `ip_address`, `platform`, `agent`, `time`, `created_at`) VALUES (594, 'New Record inserted On  Admission Enquiry  Postal Receive id 11', '11', 1, 'Insert', '157.48.76.182', 'Windows 10', 'Chrome 115.0.0.0', '2023-08-11 16:25:32', NULL);
INSERT INTO `logs` (`id`, `message`, `record_id`, `user_id`, `action`, `ip_address`, `platform`, `agent`, `time`, `created_at`) VALUES (595, 'New Record inserted On  Admission Enquiry  Postal Receive id 12', '12', 1, 'Insert', '157.48.76.182', 'Windows 10', 'Chrome 115.0.0.0', '2023-08-11 16:26:02', NULL);
INSERT INTO `logs` (`id`, `message`, `record_id`, `user_id`, `action`, `ip_address`, `platform`, `agent`, `time`, `created_at`) VALUES (596, 'New Record inserted On  Admission Enquiry  Postal Receive id 13', '13', 1, 'Insert', '157.48.76.182', 'Windows 10', 'Chrome 115.0.0.0', '2023-08-11 16:26:28', NULL);
INSERT INTO `logs` (`id`, `message`, `record_id`, `user_id`, `action`, `ip_address`, `platform`, `agent`, `time`, `created_at`) VALUES (597, 'New Record inserted On  Admission Enquiry  Postal Receive id 14', '14', 1, 'Insert', '157.48.76.182', 'Windows 10', 'Chrome 115.0.0.0', '2023-08-11 16:26:55', NULL);
INSERT INTO `logs` (`id`, `message`, `record_id`, `user_id`, `action`, `ip_address`, `platform`, `agent`, `time`, `created_at`) VALUES (598, 'New Record inserted On  Complain id 1', '1', 1, 'Insert', '157.48.140.105', 'Windows 10', 'Chrome 115.0.0.0', '2023-08-11 16:30:25', NULL);
INSERT INTO `logs` (`id`, `message`, `record_id`, `user_id`, `action`, `ip_address`, `platform`, `agent`, `time`, `created_at`) VALUES (599, 'New Record inserted On  Complain id 2', '2', 1, 'Insert', '157.48.140.105', 'Windows 10', 'Chrome 115.0.0.0', '2023-08-11 16:30:56', NULL);
INSERT INTO `logs` (`id`, `message`, `record_id`, `user_id`, `action`, `ip_address`, `platform`, `agent`, `time`, `created_at`) VALUES (600, 'New Record inserted On  Complain id 3', '3', 1, 'Insert', '157.48.140.105', 'Windows 10', 'Chrome 115.0.0.0', '2023-08-11 16:31:28', NULL);
INSERT INTO `logs` (`id`, `message`, `record_id`, `user_id`, `action`, `ip_address`, `platform`, `agent`, `time`, `created_at`) VALUES (601, 'New Record inserted On  Complain id 4', '4', 1, 'Insert', '157.48.179.196', 'Windows 10', 'Chrome 115.0.0.0', '2023-08-11 16:42:14', NULL);
INSERT INTO `logs` (`id`, `message`, `record_id`, `user_id`, `action`, `ip_address`, `platform`, `agent`, `time`, `created_at`) VALUES (602, 'New Record inserted On  Complain id 5', '5', 1, 'Insert', '157.48.179.196', 'Windows 10', 'Chrome 115.0.0.0', '2023-08-11 16:43:01', NULL);
INSERT INTO `logs` (`id`, `message`, `record_id`, `user_id`, `action`, `ip_address`, `platform`, `agent`, `time`, `created_at`) VALUES (603, 'New Record inserted On  Complain id 6', '6', 1, 'Insert', '157.48.179.196', 'Windows 10', 'Chrome 115.0.0.0', '2023-08-11 16:43:32', NULL);
INSERT INTO `logs` (`id`, `message`, `record_id`, `user_id`, `action`, `ip_address`, `platform`, `agent`, `time`, `created_at`) VALUES (604, 'New Record inserted On  Complain id 7', '7', 1, 'Insert', '157.48.179.196', 'Windows 10', 'Chrome 115.0.0.0', '2023-08-11 16:44:05', NULL);
INSERT INTO `logs` (`id`, `message`, `record_id`, `user_id`, `action`, `ip_address`, `platform`, `agent`, `time`, `created_at`) VALUES (605, 'New Record inserted On  Complain id 8', '8', 1, 'Insert', '157.48.179.196', 'Windows 10', 'Chrome 115.0.0.0', '2023-08-11 16:44:48', NULL);
INSERT INTO `logs` (`id`, `message`, `record_id`, `user_id`, `action`, `ip_address`, `platform`, `agent`, `time`, `created_at`) VALUES (606, 'New Record inserted On  Complain id 9', '9', 1, 'Insert', '157.48.179.196', 'Windows 10', 'Chrome 115.0.0.0', '2023-08-11 16:45:28', NULL);
INSERT INTO `logs` (`id`, `message`, `record_id`, `user_id`, `action`, `ip_address`, `platform`, `agent`, `time`, `created_at`) VALUES (607, 'New Record inserted On  Complain id 10', '10', 1, 'Insert', '157.48.185.148', 'Windows 10', 'Chrome 115.0.0.0', '2023-08-11 16:46:07', NULL);
INSERT INTO `logs` (`id`, `message`, `record_id`, `user_id`, `action`, `ip_address`, `platform`, `agent`, `time`, `created_at`) VALUES (608, 'New Record inserted On  Admission Enquiry  Postal Dispatch id 15', '15', 1, 'Insert', '157.48.181.191', 'Windows 10', 'Chrome 115.0.0.0', '2023-08-11 16:49:00', NULL);
INSERT INTO `logs` (`id`, `message`, `record_id`, `user_id`, `action`, `ip_address`, `platform`, `agent`, `time`, `created_at`) VALUES (609, 'New Record inserted On  Admission Enquiry  Postal Dispatch id 16', '16', 1, 'Insert', '157.48.170.196', 'Windows 10', 'Chrome 115.0.0.0', '2023-08-11 16:49:22', NULL);
INSERT INTO `logs` (`id`, `message`, `record_id`, `user_id`, `action`, `ip_address`, `platform`, `agent`, `time`, `created_at`) VALUES (610, 'New Record inserted On  Admission Enquiry  Postal Dispatch id 17', '17', 1, 'Insert', '157.48.170.196', 'Windows 10', 'Chrome 115.0.0.0', '2023-08-11 16:49:55', NULL);
INSERT INTO `logs` (`id`, `message`, `record_id`, `user_id`, `action`, `ip_address`, `platform`, `agent`, `time`, `created_at`) VALUES (611, 'New Record inserted On  Admission Enquiry  Postal Dispatch id 18', '18', 1, 'Insert', '157.48.170.196', 'Windows 10', 'Chrome 115.0.0.0', '2023-08-11 16:50:18', NULL);
INSERT INTO `logs` (`id`, `message`, `record_id`, `user_id`, `action`, `ip_address`, `platform`, `agent`, `time`, `created_at`) VALUES (612, 'Record updated On Admission Enquiry Postal Dispatch  id 18', '18', 1, 'Update', '157.48.170.196', 'Windows 10', 'Chrome 115.0.0.0', '2023-08-11 16:50:28', NULL);
INSERT INTO `logs` (`id`, `message`, `record_id`, `user_id`, `action`, `ip_address`, `platform`, `agent`, `time`, `created_at`) VALUES (613, 'New Record inserted On  Admission Enquiry  Postal Dispatch id 19', '19', 1, 'Insert', '157.48.170.196', 'Windows 10', 'Chrome 115.0.0.0', '2023-08-11 16:50:52', NULL);
INSERT INTO `logs` (`id`, `message`, `record_id`, `user_id`, `action`, `ip_address`, `platform`, `agent`, `time`, `created_at`) VALUES (614, 'New Record inserted On  Admission Enquiry  Postal Dispatch id 20', '20', 1, 'Insert', '157.48.170.196', 'Windows 10', 'Chrome 115.0.0.0', '2023-08-11 16:51:10', NULL);
INSERT INTO `logs` (`id`, `message`, `record_id`, `user_id`, `action`, `ip_address`, `platform`, `agent`, `time`, `created_at`) VALUES (615, 'New Record inserted On  Admission Enquiry  Postal Dispatch id 21', '21', 1, 'Insert', '157.48.170.196', 'Windows 10', 'Chrome 115.0.0.0', '2023-08-11 16:51:34', NULL);
INSERT INTO `logs` (`id`, `message`, `record_id`, `user_id`, `action`, `ip_address`, `platform`, `agent`, `time`, `created_at`) VALUES (616, 'New Record inserted On  Admission Enquiry  Postal Dispatch id 22', '22', 1, 'Insert', '157.48.170.196', 'Windows 10', 'Chrome 115.0.0.0', '2023-08-11 16:52:00', NULL);
INSERT INTO `logs` (`id`, `message`, `record_id`, `user_id`, `action`, `ip_address`, `platform`, `agent`, `time`, `created_at`) VALUES (617, 'New Record inserted On  Admission Enquiry  Postal Dispatch id 23', '23', 1, 'Insert', '157.48.140.105', 'Windows 10', 'Chrome 115.0.0.0', '2023-08-11 16:52:20', NULL);
INSERT INTO `logs` (`id`, `message`, `record_id`, `user_id`, `action`, `ip_address`, `platform`, `agent`, `time`, `created_at`) VALUES (618, 'New Record inserted On  Admission Enquiry  Postal Dispatch id 24', '24', 1, 'Insert', '157.48.140.105', 'Windows 10', 'Chrome 115.0.0.0', '2023-08-11 16:52:46', NULL);
INSERT INTO `logs` (`id`, `message`, `record_id`, `user_id`, `action`, `ip_address`, `platform`, `agent`, `time`, `created_at`) VALUES (619, 'New Record inserted On  Phone Call Log id 1', '1', 1, 'Insert', '157.48.140.105', 'Windows 10', 'Chrome 115.0.0.0', '2023-08-11 16:54:50', NULL);
INSERT INTO `logs` (`id`, `message`, `record_id`, `user_id`, `action`, `ip_address`, `platform`, `agent`, `time`, `created_at`) VALUES (620, 'New Record inserted On  Phone Call Log id 2', '2', 1, 'Insert', '157.48.140.105', 'Windows 10', 'Chrome 115.0.0.0', '2023-08-11 16:55:18', NULL);
INSERT INTO `logs` (`id`, `message`, `record_id`, `user_id`, `action`, `ip_address`, `platform`, `agent`, `time`, `created_at`) VALUES (621, 'New Record inserted On  Phone Call Log id 3', '3', 1, 'Insert', '157.48.140.105', 'Windows 10', 'Chrome 115.0.0.0', '2023-08-11 16:55:53', NULL);
INSERT INTO `logs` (`id`, `message`, `record_id`, `user_id`, `action`, `ip_address`, `platform`, `agent`, `time`, `created_at`) VALUES (622, 'New Record inserted On  Phone Call Log id 4', '4', 1, 'Insert', '157.48.140.105', 'Windows 10', 'Chrome 115.0.0.0', '2023-08-11 16:56:28', NULL);
INSERT INTO `logs` (`id`, `message`, `record_id`, `user_id`, `action`, `ip_address`, `platform`, `agent`, `time`, `created_at`) VALUES (623, 'New Record inserted On  Phone Call Log id 5', '5', 1, 'Insert', '157.48.140.105', 'Windows 10', 'Chrome 115.0.0.0', '2023-08-11 16:57:01', NULL);
INSERT INTO `logs` (`id`, `message`, `record_id`, `user_id`, `action`, `ip_address`, `platform`, `agent`, `time`, `created_at`) VALUES (624, 'New Record inserted On  Phone Call Log id 6', '6', 1, 'Insert', '157.48.140.105', 'Windows 10', 'Chrome 115.0.0.0', '2023-08-11 16:57:34', NULL);
INSERT INTO `logs` (`id`, `message`, `record_id`, `user_id`, `action`, `ip_address`, `platform`, `agent`, `time`, `created_at`) VALUES (625, 'New Record inserted On  Phone Call Log id 7', '7', 1, 'Insert', '157.48.140.105', 'Windows 10', 'Chrome 115.0.0.0', '2023-08-11 16:58:07', NULL);
INSERT INTO `logs` (`id`, `message`, `record_id`, `user_id`, `action`, `ip_address`, `platform`, `agent`, `time`, `created_at`) VALUES (626, 'New Record inserted On  Phone Call Log id 8', '8', 1, 'Insert', '157.48.140.105', 'Windows 10', 'Chrome 115.0.0.0', '2023-08-11 16:59:20', NULL);
INSERT INTO `logs` (`id`, `message`, `record_id`, `user_id`, `action`, `ip_address`, `platform`, `agent`, `time`, `created_at`) VALUES (627, 'New Record inserted On  Phone Call Log id 9', '9', 1, 'Insert', '157.48.140.105', 'Windows 10', 'Chrome 115.0.0.0', '2023-08-11 16:59:57', NULL);
INSERT INTO `logs` (`id`, `message`, `record_id`, `user_id`, `action`, `ip_address`, `platform`, `agent`, `time`, `created_at`) VALUES (628, 'New Record inserted On  fees discounts id 4', '4', 1, 'Insert', '157.48.140.105', 'Windows 10', 'Chrome 115.0.0.0', '2023-08-11 17:06:38', NULL);
INSERT INTO `logs` (`id`, `message`, `record_id`, `user_id`, `action`, `ip_address`, `platform`, `agent`, `time`, `created_at`) VALUES (629, 'New Record inserted On  fees discounts id 5', '5', 1, 'Insert', '157.48.140.105', 'Windows 10', 'Chrome 115.0.0.0', '2023-08-11 17:07:10', NULL);
INSERT INTO `logs` (`id`, `message`, `record_id`, `user_id`, `action`, `ip_address`, `platform`, `agent`, `time`, `created_at`) VALUES (630, 'New Record inserted On  fees discounts id 6', '6', 1, 'Insert', '157.48.140.105', 'Windows 10', 'Chrome 115.0.0.0', '2023-08-11 17:07:31', NULL);
INSERT INTO `logs` (`id`, `message`, `record_id`, `user_id`, `action`, `ip_address`, `platform`, `agent`, `time`, `created_at`) VALUES (631, 'Record deleted On  fees discounts id 3', '3', 1, 'Delete', '157.48.140.105', 'Windows 10', 'Chrome 115.0.0.0', '2023-08-11 17:07:42', NULL);
INSERT INTO `logs` (`id`, `message`, `record_id`, `user_id`, `action`, `ip_address`, `platform`, `agent`, `time`, `created_at`) VALUES (632, 'New Record inserted On  fee type id 2', '2', 1, 'Insert', '157.48.140.105', 'Windows 10', 'Chrome 115.0.0.0', '2023-08-11 17:09:36', NULL);
INSERT INTO `logs` (`id`, `message`, `record_id`, `user_id`, `action`, `ip_address`, `platform`, `agent`, `time`, `created_at`) VALUES (633, 'New Record inserted On  fee type id 3', '3', 1, 'Insert', '157.48.140.105', 'Windows 10', 'Chrome 115.0.0.0', '2023-08-11 17:09:55', NULL);
INSERT INTO `logs` (`id`, `message`, `record_id`, `user_id`, `action`, `ip_address`, `platform`, `agent`, `time`, `created_at`) VALUES (634, 'New Record inserted On  fee type id 4', '4', 1, 'Insert', '157.48.140.105', 'Windows 10', 'Chrome 115.0.0.0', '2023-08-11 17:10:15', NULL);
INSERT INTO `logs` (`id`, `message`, `record_id`, `user_id`, `action`, `ip_address`, `platform`, `agent`, `time`, `created_at`) VALUES (635, 'New Record inserted On  fee type id 5', '5', 1, 'Insert', '157.48.140.105', 'Windows 10', 'Chrome 115.0.0.0', '2023-08-11 17:10:26', NULL);
INSERT INTO `logs` (`id`, `message`, `record_id`, `user_id`, `action`, `ip_address`, `platform`, `agent`, `time`, `created_at`) VALUES (636, 'New Record inserted On  fee type id 6', '6', 1, 'Insert', '157.48.140.105', 'Windows 10', 'Chrome 115.0.0.0', '2023-08-11 17:10:40', NULL);
INSERT INTO `logs` (`id`, `message`, `record_id`, `user_id`, `action`, `ip_address`, `platform`, `agent`, `time`, `created_at`) VALUES (637, 'New Record inserted On  fee type id 7', '7', 1, 'Insert', '157.48.140.105', 'Windows 10', 'Chrome 115.0.0.0', '2023-08-11 17:10:49', NULL);
INSERT INTO `logs` (`id`, `message`, `record_id`, `user_id`, `action`, `ip_address`, `platform`, `agent`, `time`, `created_at`) VALUES (638, 'New Record inserted On  fee type id 8', '8', 1, 'Insert', '157.48.140.105', 'Windows 10', 'Chrome 115.0.0.0', '2023-08-11 17:10:59', NULL);
INSERT INTO `logs` (`id`, `message`, `record_id`, `user_id`, `action`, `ip_address`, `platform`, `agent`, `time`, `created_at`) VALUES (639, 'New Record inserted On  fee type id 9', '9', 1, 'Insert', '157.48.140.105', 'Windows 10', 'Chrome 115.0.0.0', '2023-08-11 17:11:08', NULL);
INSERT INTO `logs` (`id`, `message`, `record_id`, `user_id`, `action`, `ip_address`, `platform`, `agent`, `time`, `created_at`) VALUES (640, 'New Record inserted On  fee type id 10', '10', 1, 'Insert', '157.48.140.105', 'Windows 10', 'Chrome 115.0.0.0', '2023-08-11 17:11:22', NULL);
INSERT INTO `logs` (`id`, `message`, `record_id`, `user_id`, `action`, `ip_address`, `platform`, `agent`, `time`, `created_at`) VALUES (641, 'New Record inserted On  fee type id 11', '11', 1, 'Insert', '157.48.140.105', 'Windows 10', 'Chrome 115.0.0.0', '2023-08-11 17:11:34', NULL);
INSERT INTO `logs` (`id`, `message`, `record_id`, `user_id`, `action`, `ip_address`, `platform`, `agent`, `time`, `created_at`) VALUES (642, 'New Record inserted On  fee type id 12', '12', 1, 'Insert', '157.48.140.105', 'Windows 10', 'Chrome 115.0.0.0', '2023-08-11 17:11:46', NULL);
INSERT INTO `logs` (`id`, `message`, `record_id`, `user_id`, `action`, `ip_address`, `platform`, `agent`, `time`, `created_at`) VALUES (643, 'New Record inserted On  fee type id 13', '13', 1, 'Insert', '157.48.140.105', 'Windows 10', 'Chrome 115.0.0.0', '2023-08-11 17:11:58', NULL);
INSERT INTO `logs` (`id`, `message`, `record_id`, `user_id`, `action`, `ip_address`, `platform`, `agent`, `time`, `created_at`) VALUES (644, 'New Record inserted On  fee type id 14', '14', 1, 'Insert', '157.48.140.105', 'Windows 10', 'Chrome 115.0.0.0', '2023-08-11 17:12:11', NULL);
INSERT INTO `logs` (`id`, `message`, `record_id`, `user_id`, `action`, `ip_address`, `platform`, `agent`, `time`, `created_at`) VALUES (645, 'New Record inserted On  fee type id 15', '15', 1, 'Insert', '157.48.140.105', 'Windows 10', 'Chrome 115.0.0.0', '2023-08-11 17:12:24', NULL);
INSERT INTO `logs` (`id`, `message`, `record_id`, `user_id`, `action`, `ip_address`, `platform`, `agent`, `time`, `created_at`) VALUES (646, 'New Record inserted On  fee type id 16', '16', 1, 'Insert', '157.48.140.105', 'Windows 10', 'Chrome 115.0.0.0', '2023-08-11 17:12:35', NULL);
INSERT INTO `logs` (`id`, `message`, `record_id`, `user_id`, `action`, `ip_address`, `platform`, `agent`, `time`, `created_at`) VALUES (647, 'New Record inserted On  fee type id 17', '17', 1, 'Insert', '157.48.140.105', 'Windows 10', 'Chrome 115.0.0.0', '2023-08-11 17:12:46', NULL);
INSERT INTO `logs` (`id`, `message`, `record_id`, `user_id`, `action`, `ip_address`, `platform`, `agent`, `time`, `created_at`) VALUES (648, 'New Record inserted On  fee type id 18', '18', 1, 'Insert', '157.48.185.229', 'Windows 10', 'Chrome 115.0.0.0', '2023-08-11 17:13:08', NULL);
INSERT INTO `logs` (`id`, `message`, `record_id`, `user_id`, `action`, `ip_address`, `platform`, `agent`, `time`, `created_at`) VALUES (649, 'New Record inserted On  fee type id 19', '19', 1, 'Insert', '157.48.185.229', 'Windows 10', 'Chrome 115.0.0.0', '2023-08-11 17:13:23', NULL);
INSERT INTO `logs` (`id`, `message`, `record_id`, `user_id`, `action`, `ip_address`, `platform`, `agent`, `time`, `created_at`) VALUES (650, 'New Record inserted On  fee type id 20', '20', 1, 'Insert', '157.48.185.229', 'Windows 10', 'Chrome 115.0.0.0', '2023-08-11 17:13:32', NULL);
INSERT INTO `logs` (`id`, `message`, `record_id`, `user_id`, `action`, `ip_address`, `platform`, `agent`, `time`, `created_at`) VALUES (651, 'New Record inserted On  fee type id 21', '21', 1, 'Insert', '157.48.185.229', 'Windows 10', 'Chrome 115.0.0.0', '2023-08-11 17:13:43', NULL);
INSERT INTO `logs` (`id`, `message`, `record_id`, `user_id`, `action`, `ip_address`, `platform`, `agent`, `time`, `created_at`) VALUES (652, 'New Record inserted On  fee type id 22', '22', 1, 'Insert', '157.48.185.229', 'Windows 10', 'Chrome 115.0.0.0', '2023-08-11 17:13:55', NULL);
INSERT INTO `logs` (`id`, `message`, `record_id`, `user_id`, `action`, `ip_address`, `platform`, `agent`, `time`, `created_at`) VALUES (653, 'New Record inserted On  fee group id 2', '2', 1, 'Insert', '157.48.185.229', 'Windows 10', 'Chrome 115.0.0.0', '2023-08-11 17:14:58', NULL);
INSERT INTO `logs` (`id`, `message`, `record_id`, `user_id`, `action`, `ip_address`, `platform`, `agent`, `time`, `created_at`) VALUES (654, 'New Record inserted On  fee group id 3', '3', 1, 'Insert', '157.48.185.229', 'Windows 10', 'Chrome 115.0.0.0', '2023-08-11 17:15:06', NULL);
INSERT INTO `logs` (`id`, `message`, `record_id`, `user_id`, `action`, `ip_address`, `platform`, `agent`, `time`, `created_at`) VALUES (655, 'Record deleted On  fee group id 3', '3', 1, 'Delete', '157.48.185.229', 'Windows 10', 'Chrome 115.0.0.0', '2023-08-11 17:15:12', NULL);
INSERT INTO `logs` (`id`, `message`, `record_id`, `user_id`, `action`, `ip_address`, `platform`, `agent`, `time`, `created_at`) VALUES (656, 'Record deleted On  fee group id 1', '1', 1, 'Delete', '157.48.185.229', 'Windows 10', 'Chrome 115.0.0.0', '2023-08-11 17:15:19', NULL);
INSERT INTO `logs` (`id`, `message`, `record_id`, `user_id`, `action`, `ip_address`, `platform`, `agent`, `time`, `created_at`) VALUES (657, 'New Record inserted On  fee group id 4', '4', 1, 'Insert', '157.48.185.229', 'Windows 10', 'Chrome 115.0.0.0', '2023-08-11 17:15:25', NULL);
INSERT INTO `logs` (`id`, `message`, `record_id`, `user_id`, `action`, `ip_address`, `platform`, `agent`, `time`, `created_at`) VALUES (658, 'New Record inserted On  fee group id 5', '5', 1, 'Insert', '157.48.185.229', 'Windows 10', 'Chrome 115.0.0.0', '2023-08-11 17:15:30', NULL);
INSERT INTO `logs` (`id`, `message`, `record_id`, `user_id`, `action`, `ip_address`, `platform`, `agent`, `time`, `created_at`) VALUES (659, 'New Record inserted On  fee group id 6', '6', 1, 'Insert', '157.48.185.229', 'Windows 10', 'Chrome 115.0.0.0', '2023-08-11 17:15:35', NULL);
INSERT INTO `logs` (`id`, `message`, `record_id`, `user_id`, `action`, `ip_address`, `platform`, `agent`, `time`, `created_at`) VALUES (660, 'New Record inserted On  fee group id 7', '7', 1, 'Insert', '157.48.185.229', 'Windows 10', 'Chrome 115.0.0.0', '2023-08-11 17:15:41', NULL);
INSERT INTO `logs` (`id`, `message`, `record_id`, `user_id`, `action`, `ip_address`, `platform`, `agent`, `time`, `created_at`) VALUES (661, 'New Record inserted On  fee group id 8', '8', 1, 'Insert', '157.48.185.229', 'Windows 10', 'Chrome 115.0.0.0', '2023-08-11 17:15:50', NULL);
INSERT INTO `logs` (`id`, `message`, `record_id`, `user_id`, `action`, `ip_address`, `platform`, `agent`, `time`, `created_at`) VALUES (662, 'New Record inserted On  fee group id 9', '9', 1, 'Insert', '157.48.185.229', 'Windows 10', 'Chrome 115.0.0.0', '2023-08-11 17:15:55', NULL);
INSERT INTO `logs` (`id`, `message`, `record_id`, `user_id`, `action`, `ip_address`, `platform`, `agent`, `time`, `created_at`) VALUES (663, 'New Record inserted On  fee group id 10', '10', 1, 'Insert', '157.48.185.229', 'Windows 10', 'Chrome 115.0.0.0', '2023-08-11 17:16:00', NULL);
INSERT INTO `logs` (`id`, `message`, `record_id`, `user_id`, `action`, `ip_address`, `platform`, `agent`, `time`, `created_at`) VALUES (664, 'New Record inserted On  fee group id 11', '11', 1, 'Insert', '157.48.185.229', 'Windows 10', 'Chrome 115.0.0.0', '2023-08-11 17:16:06', NULL);
INSERT INTO `logs` (`id`, `message`, `record_id`, `user_id`, `action`, `ip_address`, `platform`, `agent`, `time`, `created_at`) VALUES (665, 'New Record inserted On  fee group id 12', '12', 1, 'Insert', '157.48.185.229', 'Windows 10', 'Chrome 115.0.0.0', '2023-08-11 17:16:11', NULL);
INSERT INTO `logs` (`id`, `message`, `record_id`, `user_id`, `action`, `ip_address`, `platform`, `agent`, `time`, `created_at`) VALUES (666, 'New Record inserted On  fee group id 13', '13', 1, 'Insert', '157.48.185.229', 'Windows 10', 'Chrome 115.0.0.0', '2023-08-11 17:16:16', NULL);
INSERT INTO `logs` (`id`, `message`, `record_id`, `user_id`, `action`, `ip_address`, `platform`, `agent`, `time`, `created_at`) VALUES (667, 'New Record inserted On  fee group id 14', '14', 1, 'Insert', '157.48.185.229', 'Windows 10', 'Chrome 115.0.0.0', '2023-08-11 17:16:22', NULL);
INSERT INTO `logs` (`id`, `message`, `record_id`, `user_id`, `action`, `ip_address`, `platform`, `agent`, `time`, `created_at`) VALUES (668, 'New Record inserted On  fee group id 15', '15', 1, 'Insert', '157.48.185.229', 'Windows 10', 'Chrome 115.0.0.0', '2023-08-11 17:16:26', NULL);
INSERT INTO `logs` (`id`, `message`, `record_id`, `user_id`, `action`, `ip_address`, `platform`, `agent`, `time`, `created_at`) VALUES (669, 'New Record inserted On  fee group id 16', '16', 1, 'Insert', '157.48.176.16', 'Windows 10', 'Chrome 115.0.0.0', '2023-08-11 17:16:37', NULL);
INSERT INTO `logs` (`id`, `message`, `record_id`, `user_id`, `action`, `ip_address`, `platform`, `agent`, `time`, `created_at`) VALUES (670, 'New Record inserted On  fee group id 17', '17', 1, 'Insert', '157.48.176.16', 'Windows 10', 'Chrome 115.0.0.0', '2023-08-11 17:16:41', NULL);
INSERT INTO `logs` (`id`, `message`, `record_id`, `user_id`, `action`, `ip_address`, `platform`, `agent`, `time`, `created_at`) VALUES (671, 'New Record inserted On  fee group id 18', '18', 1, 'Insert', '157.48.176.16', 'Windows 10', 'Chrome 115.0.0.0', '2023-08-11 17:16:45', NULL);
INSERT INTO `logs` (`id`, `message`, `record_id`, `user_id`, `action`, `ip_address`, `platform`, `agent`, `time`, `created_at`) VALUES (672, 'New Record inserted On students id 101', '101', 1, 'Insert', '157.48.187.221', 'Windows 10', 'Chrome 115.0.0.0', '2023-08-11 17:22:19', NULL);
INSERT INTO `logs` (`id`, `message`, `record_id`, `user_id`, `action`, `ip_address`, `platform`, `agent`, `time`, `created_at`) VALUES (673, 'New Record inserted On  student session id 104', '104', 1, 'Insert', '157.48.187.221', 'Windows 10', 'Chrome 115.0.0.0', '2023-08-11 17:22:19', NULL);
INSERT INTO `logs` (`id`, `message`, `record_id`, `user_id`, `action`, `ip_address`, `platform`, `agent`, `time`, `created_at`) VALUES (674, 'New Record inserted On users id 201', '201', 1, 'Insert', '157.48.187.221', 'Windows 10', 'Chrome 115.0.0.0', '2023-08-11 17:22:19', NULL);
INSERT INTO `logs` (`id`, `message`, `record_id`, `user_id`, `action`, `ip_address`, `platform`, `agent`, `time`, `created_at`) VALUES (675, 'New Record inserted On users id 202', '202', 1, 'Insert', '157.48.187.221', 'Windows 10', 'Chrome 115.0.0.0', '2023-08-11 17:22:19', NULL);
INSERT INTO `logs` (`id`, `message`, `record_id`, `user_id`, `action`, `ip_address`, `platform`, `agent`, `time`, `created_at`) VALUES (676, 'Record updated On students id 101', '101', 1, 'Update', '157.48.187.221', 'Windows 10', 'Chrome 115.0.0.0', '2023-08-11 17:22:19', NULL);
INSERT INTO `logs` (`id`, `message`, `record_id`, `user_id`, `action`, `ip_address`, `platform`, `agent`, `time`, `created_at`) VALUES (677, 'New Record inserted On  fee groups feetype id 2', '2', 1, 'Insert', '157.48.140.105', 'Windows 10', 'Chrome 115.0.0.0', '2023-08-11 17:24:26', NULL);
INSERT INTO `logs` (`id`, `message`, `record_id`, `user_id`, `action`, `ip_address`, `platform`, `agent`, `time`, `created_at`) VALUES (678, 'New Record inserted On  fee groups feetype id 3', '3', 1, 'Insert', '157.48.140.105', 'Windows 10', 'Chrome 115.0.0.0', '2023-08-11 17:25:13', NULL);
INSERT INTO `logs` (`id`, `message`, `record_id`, `user_id`, `action`, `ip_address`, `platform`, `agent`, `time`, `created_at`) VALUES (679, 'New Record inserted On hostel id 1', '1', 1, 'Insert', '157.48.140.105', 'Windows 10', 'Chrome 115.0.0.0', '2023-08-11 17:27:42', NULL);
INSERT INTO `logs` (`id`, `message`, `record_id`, `user_id`, `action`, `ip_address`, `platform`, `agent`, `time`, `created_at`) VALUES (680, 'New Record inserted On hostel id 2', '2', 1, 'Insert', '157.48.140.105', 'Windows 10', 'Chrome 115.0.0.0', '2023-08-11 17:28:12', NULL);
INSERT INTO `logs` (`id`, `message`, `record_id`, `user_id`, `action`, `ip_address`, `platform`, `agent`, `time`, `created_at`) VALUES (681, 'New Record inserted On hostel id 3', '3', 1, 'Insert', '157.48.140.105', 'Windows 10', 'Chrome 115.0.0.0', '2023-08-11 17:28:31', NULL);
INSERT INTO `logs` (`id`, `message`, `record_id`, `user_id`, `action`, `ip_address`, `platform`, `agent`, `time`, `created_at`) VALUES (682, 'New Record inserted On hostel id 4', '4', 1, 'Insert', '157.48.140.105', 'Windows 10', 'Chrome 115.0.0.0', '2023-08-11 17:28:55', NULL);
INSERT INTO `logs` (`id`, `message`, `record_id`, `user_id`, `action`, `ip_address`, `platform`, `agent`, `time`, `created_at`) VALUES (683, 'New Record inserted On room types id 1', '1', 1, 'Insert', '157.48.140.105', 'Windows 10', 'Chrome 115.0.0.0', '2023-08-11 17:30:03', NULL);
INSERT INTO `logs` (`id`, `message`, `record_id`, `user_id`, `action`, `ip_address`, `platform`, `agent`, `time`, `created_at`) VALUES (684, 'New Record inserted On room types id 2', '2', 1, 'Insert', '157.48.140.105', 'Windows 10', 'Chrome 115.0.0.0', '2023-08-11 17:30:09', NULL);
INSERT INTO `logs` (`id`, `message`, `record_id`, `user_id`, `action`, `ip_address`, `platform`, `agent`, `time`, `created_at`) VALUES (685, 'New Record inserted On room types id 3', '3', 1, 'Insert', '157.48.140.105', 'Windows 10', 'Chrome 115.0.0.0', '2023-08-11 17:30:15', NULL);
INSERT INTO `logs` (`id`, `message`, `record_id`, `user_id`, `action`, `ip_address`, `platform`, `agent`, `time`, `created_at`) VALUES (686, 'New Record inserted On room types id 4', '4', 1, 'Insert', '157.48.140.105', 'Windows 10', 'Chrome 115.0.0.0', '2023-08-11 17:30:21', NULL);
INSERT INTO `logs` (`id`, `message`, `record_id`, `user_id`, `action`, `ip_address`, `platform`, `agent`, `time`, `created_at`) VALUES (687, 'New Record inserted On hostel rooms id 1', '1', 1, 'Insert', '157.48.140.105', 'Windows 10', 'Chrome 115.0.0.0', '2023-08-11 17:31:44', NULL);
INSERT INTO `logs` (`id`, `message`, `record_id`, `user_id`, `action`, `ip_address`, `platform`, `agent`, `time`, `created_at`) VALUES (688, 'Record updated On  hostel rooms id 1', '1', 1, 'Update', '157.48.140.105', 'Windows 10', 'Chrome 115.0.0.0', '2023-08-11 17:31:54', NULL);
INSERT INTO `logs` (`id`, `message`, `record_id`, `user_id`, `action`, `ip_address`, `platform`, `agent`, `time`, `created_at`) VALUES (689, 'New Record inserted On hostel rooms id 2', '2', 1, 'Insert', '157.48.140.105', 'Windows 10', 'Chrome 115.0.0.0', '2023-08-11 17:32:28', NULL);
INSERT INTO `logs` (`id`, `message`, `record_id`, `user_id`, `action`, `ip_address`, `platform`, `agent`, `time`, `created_at`) VALUES (690, 'New Record inserted On hostel rooms id 3', '3', 1, 'Insert', '157.48.140.105', 'Windows 10', 'Chrome 115.0.0.0', '2023-08-11 17:33:02', NULL);
INSERT INTO `logs` (`id`, `message`, `record_id`, `user_id`, `action`, `ip_address`, `platform`, `agent`, `time`, `created_at`) VALUES (691, 'New Record inserted On hostel rooms id 4', '4', 1, 'Insert', '157.48.140.105', 'Windows 10', 'Chrome 115.0.0.0', '2023-08-11 17:33:31', NULL);
INSERT INTO `logs` (`id`, `message`, `record_id`, `user_id`, `action`, `ip_address`, `platform`, `agent`, `time`, `created_at`) VALUES (692, 'New Record inserted On hostel rooms id 5', '5', 1, 'Insert', '157.48.140.105', 'Windows 10', 'Chrome 115.0.0.0', '2023-08-11 17:33:52', NULL);
INSERT INTO `logs` (`id`, `message`, `record_id`, `user_id`, `action`, `ip_address`, `platform`, `agent`, `time`, `created_at`) VALUES (693, 'New Record inserted On hostel rooms id 6', '6', 1, 'Insert', '157.48.140.105', 'Windows 10', 'Chrome 115.0.0.0', '2023-08-11 17:34:12', NULL);
INSERT INTO `logs` (`id`, `message`, `record_id`, `user_id`, `action`, `ip_address`, `platform`, `agent`, `time`, `created_at`) VALUES (694, 'New Record inserted On hostel rooms id 7', '7', 1, 'Insert', '157.48.140.105', 'Windows 10', 'Chrome 115.0.0.0', '2023-08-11 17:34:30', NULL);
INSERT INTO `logs` (`id`, `message`, `record_id`, `user_id`, `action`, `ip_address`, `platform`, `agent`, `time`, `created_at`) VALUES (695, 'New Record inserted On hostel rooms id 8', '8', 1, 'Insert', '157.48.140.105', 'Windows 10', 'Chrome 115.0.0.0', '2023-08-11 17:34:49', NULL);
INSERT INTO `logs` (`id`, `message`, `record_id`, `user_id`, `action`, `ip_address`, `platform`, `agent`, `time`, `created_at`) VALUES (696, 'New Record inserted On item supplier id 1', '1', 1, 'Insert', '157.48.162.120', 'Windows 10', 'Chrome 115.0.0.0', '2023-08-11 17:43:32', NULL);
INSERT INTO `logs` (`id`, `message`, `record_id`, `user_id`, `action`, `ip_address`, `platform`, `agent`, `time`, `created_at`) VALUES (697, 'New Record inserted On item supplier id 2', '2', 1, 'Insert', '157.48.162.120', 'Windows 10', 'Chrome 115.0.0.0', '2023-08-11 17:44:07', NULL);
INSERT INTO `logs` (`id`, `message`, `record_id`, `user_id`, `action`, `ip_address`, `platform`, `agent`, `time`, `created_at`) VALUES (698, 'New Record inserted On item supplier id 3', '3', 1, 'Insert', '157.48.162.120', 'Windows 10', 'Chrome 115.0.0.0', '2023-08-11 17:44:49', NULL);
INSERT INTO `logs` (`id`, `message`, `record_id`, `user_id`, `action`, `ip_address`, `platform`, `agent`, `time`, `created_at`) VALUES (699, 'New Record inserted On item supplier id 4', '4', 1, 'Insert', '157.48.162.120', 'Windows 10', 'Chrome 115.0.0.0', '2023-08-11 17:45:27', NULL);
INSERT INTO `logs` (`id`, `message`, `record_id`, `user_id`, `action`, `ip_address`, `platform`, `agent`, `time`, `created_at`) VALUES (700, 'New Record inserted On item store id 1', '1', 1, 'Insert', '157.48.162.120', 'Windows 10', 'Chrome 115.0.0.0', '2023-08-11 17:46:33', NULL);
INSERT INTO `logs` (`id`, `message`, `record_id`, `user_id`, `action`, `ip_address`, `platform`, `agent`, `time`, `created_at`) VALUES (701, 'New Record inserted On item store id 2', '2', 1, 'Insert', '157.48.162.120', 'Windows 10', 'Chrome 115.0.0.0', '2023-08-11 17:46:41', NULL);
INSERT INTO `logs` (`id`, `message`, `record_id`, `user_id`, `action`, `ip_address`, `platform`, `agent`, `time`, `created_at`) VALUES (702, 'New Record inserted On item store id 3', '3', 1, 'Insert', '157.48.162.120', 'Windows 10', 'Chrome 115.0.0.0', '2023-08-11 17:46:51', NULL);
INSERT INTO `logs` (`id`, `message`, `record_id`, `user_id`, `action`, `ip_address`, `platform`, `agent`, `time`, `created_at`) VALUES (703, 'New Record inserted On item store id 4', '4', 1, 'Insert', '157.48.162.120', 'Windows 10', 'Chrome 115.0.0.0', '2023-08-11 17:46:59', NULL);
INSERT INTO `logs` (`id`, `message`, `record_id`, `user_id`, `action`, `ip_address`, `platform`, `agent`, `time`, `created_at`) VALUES (704, 'New Record inserted On item store id 5', '5', 1, 'Insert', '157.48.162.120', 'Windows 10', 'Chrome 115.0.0.0', '2023-08-11 17:47:13', NULL);
INSERT INTO `logs` (`id`, `message`, `record_id`, `user_id`, `action`, `ip_address`, `platform`, `agent`, `time`, `created_at`) VALUES (705, 'New Record inserted On item category id 1', '1', 1, 'Insert', '157.48.162.120', 'Windows 10', 'Chrome 115.0.0.0', '2023-08-11 17:48:20', NULL);
INSERT INTO `logs` (`id`, `message`, `record_id`, `user_id`, `action`, `ip_address`, `platform`, `agent`, `time`, `created_at`) VALUES (706, 'New Record inserted On item category id 2', '2', 1, 'Insert', '157.48.162.120', 'Windows 10', 'Chrome 115.0.0.0', '2023-08-11 17:48:26', NULL);
INSERT INTO `logs` (`id`, `message`, `record_id`, `user_id`, `action`, `ip_address`, `platform`, `agent`, `time`, `created_at`) VALUES (707, 'New Record inserted On item category id 3', '3', 1, 'Insert', '157.48.162.120', 'Windows 10', 'Chrome 115.0.0.0', '2023-08-11 17:48:30', NULL);
INSERT INTO `logs` (`id`, `message`, `record_id`, `user_id`, `action`, `ip_address`, `platform`, `agent`, `time`, `created_at`) VALUES (708, 'New Record inserted On item category id 4', '4', 1, 'Insert', '157.48.162.120', 'Windows 10', 'Chrome 115.0.0.0', '2023-08-11 17:48:35', NULL);
INSERT INTO `logs` (`id`, `message`, `record_id`, `user_id`, `action`, `ip_address`, `platform`, `agent`, `time`, `created_at`) VALUES (709, 'New Record inserted On item category id 5', '5', 1, 'Insert', '157.48.162.120', 'Windows 10', 'Chrome 115.0.0.0', '2023-08-11 17:48:40', NULL);
INSERT INTO `logs` (`id`, `message`, `record_id`, `user_id`, `action`, `ip_address`, `platform`, `agent`, `time`, `created_at`) VALUES (710, 'New Record inserted On item id 1', '1', 1, 'Insert', '157.48.162.120', 'Windows 10', 'Chrome 115.0.0.0', '2023-08-11 17:49:13', NULL);
INSERT INTO `logs` (`id`, `message`, `record_id`, `user_id`, `action`, `ip_address`, `platform`, `agent`, `time`, `created_at`) VALUES (711, 'New Record inserted On item id 2', '2', 1, 'Insert', '157.48.162.120', 'Windows 10', 'Chrome 115.0.0.0', '2023-08-11 17:49:31', NULL);
INSERT INTO `logs` (`id`, `message`, `record_id`, `user_id`, `action`, `ip_address`, `platform`, `agent`, `time`, `created_at`) VALUES (712, 'New Record inserted On item id 3', '3', 1, 'Insert', '157.48.162.120', 'Windows 10', 'Chrome 115.0.0.0', '2023-08-11 17:49:42', NULL);
INSERT INTO `logs` (`id`, `message`, `record_id`, `user_id`, `action`, `ip_address`, `platform`, `agent`, `time`, `created_at`) VALUES (713, 'New Record inserted On item id 4', '4', 1, 'Insert', '157.48.162.120', 'Windows 10', 'Chrome 115.0.0.0', '2023-08-11 17:49:56', NULL);
INSERT INTO `logs` (`id`, `message`, `record_id`, `user_id`, `action`, `ip_address`, `platform`, `agent`, `time`, `created_at`) VALUES (714, 'New Record inserted On item id 5', '5', 1, 'Insert', '157.48.162.120', 'Windows 10', 'Chrome 115.0.0.0', '2023-08-11 17:50:07', NULL);
INSERT INTO `logs` (`id`, `message`, `record_id`, `user_id`, `action`, `ip_address`, `platform`, `agent`, `time`, `created_at`) VALUES (715, 'New Record inserted On item id 6', '6', 1, 'Insert', '157.48.162.120', 'Windows 10', 'Chrome 115.0.0.0', '2023-08-11 17:50:17', NULL);
INSERT INTO `logs` (`id`, `message`, `record_id`, `user_id`, `action`, `ip_address`, `platform`, `agent`, `time`, `created_at`) VALUES (716, 'New Record inserted On item id 7', '7', 1, 'Insert', '157.48.162.120', 'Windows 10', 'Chrome 115.0.0.0', '2023-08-11 17:50:28', NULL);
INSERT INTO `logs` (`id`, `message`, `record_id`, `user_id`, `action`, `ip_address`, `platform`, `agent`, `time`, `created_at`) VALUES (717, 'New Record inserted On item id 8', '8', 1, 'Insert', '157.48.162.120', 'Windows 10', 'Chrome 115.0.0.0', '2023-08-11 17:50:40', NULL);
INSERT INTO `logs` (`id`, `message`, `record_id`, `user_id`, `action`, `ip_address`, `platform`, `agent`, `time`, `created_at`) VALUES (718, 'New Record inserted On item id 9', '9', 1, 'Insert', '157.48.162.120', 'Windows 10', 'Chrome 115.0.0.0', '2023-08-11 17:50:53', NULL);
INSERT INTO `logs` (`id`, `message`, `record_id`, `user_id`, `action`, `ip_address`, `platform`, `agent`, `time`, `created_at`) VALUES (719, 'New Record inserted On item stock id 1', '1', 1, 'Insert', '157.48.181.230', 'Windows 10', 'Chrome 115.0.0.0', '2023-08-11 17:53:30', NULL);
INSERT INTO `logs` (`id`, `message`, `record_id`, `user_id`, `action`, `ip_address`, `platform`, `agent`, `time`, `created_at`) VALUES (720, 'New Record inserted On item stock id 2', '2', 1, 'Insert', '157.48.181.230', 'Windows 10', 'Chrome 115.0.0.0', '2023-08-11 17:54:04', NULL);
INSERT INTO `logs` (`id`, `message`, `record_id`, `user_id`, `action`, `ip_address`, `platform`, `agent`, `time`, `created_at`) VALUES (721, 'New Record inserted On item stock id 3', '3', 1, 'Insert', '157.48.181.230', 'Windows 10', 'Chrome 115.0.0.0', '2023-08-11 17:54:37', NULL);
INSERT INTO `logs` (`id`, `message`, `record_id`, `user_id`, `action`, `ip_address`, `platform`, `agent`, `time`, `created_at`) VALUES (722, 'New Record inserted On item stock id 4', '4', 1, 'Insert', '157.48.181.230', 'Windows 10', 'Chrome 115.0.0.0', '2023-08-11 17:55:15', NULL);
INSERT INTO `logs` (`id`, `message`, `record_id`, `user_id`, `action`, `ip_address`, `platform`, `agent`, `time`, `created_at`) VALUES (723, 'New Record inserted On item stock id 5', '5', 1, 'Insert', '157.48.140.105', 'Windows 10', 'Chrome 115.0.0.0', '2023-08-11 17:55:50', NULL);
INSERT INTO `logs` (`id`, `message`, `record_id`, `user_id`, `action`, `ip_address`, `platform`, `agent`, `time`, `created_at`) VALUES (724, 'New Record inserted On event id 1', '1', 1, 'Insert', '157.48.184.142', 'Windows 10', 'Chrome 115.0.0.0', '2023-08-11 18:06:21', NULL);
INSERT INTO `logs` (`id`, `message`, `record_id`, `user_id`, `action`, `ip_address`, `platform`, `agent`, `time`, `created_at`) VALUES (725, 'New Record inserted On event id 2', '2', 1, 'Insert', '157.48.184.142', 'Windows 10', 'Chrome 115.0.0.0', '2023-08-11 18:07:18', NULL);
INSERT INTO `logs` (`id`, `message`, `record_id`, `user_id`, `action`, `ip_address`, `platform`, `agent`, `time`, `created_at`) VALUES (726, 'New Record inserted On event id 3', '3', 1, 'Insert', '157.48.184.142', 'Windows 10', 'Chrome 115.0.0.0', '2023-08-11 18:09:09', NULL);
INSERT INTO `logs` (`id`, `message`, `record_id`, `user_id`, `action`, `ip_address`, `platform`, `agent`, `time`, `created_at`) VALUES (727, 'New Record inserted On event id 4', '4', 1, 'Insert', '157.48.184.142', 'Windows 10', 'Chrome 115.0.0.0', '2023-08-11 18:10:22', NULL);
INSERT INTO `logs` (`id`, `message`, `record_id`, `user_id`, `action`, `ip_address`, `platform`, `agent`, `time`, `created_at`) VALUES (728, 'New Record inserted On event id 5', '5', 1, 'Insert', '157.48.184.142', 'Windows 10', 'Chrome 115.0.0.0', '2023-08-11 18:11:16', NULL);
INSERT INTO `logs` (`id`, `message`, `record_id`, `user_id`, `action`, `ip_address`, `platform`, `agent`, `time`, `created_at`) VALUES (729, 'New Record inserted On  staff designation id 1', '1', 1, 'Insert', '157.48.184.142', 'Windows 10', 'Chrome 115.0.0.0', '2023-08-11 18:15:27', NULL);
INSERT INTO `logs` (`id`, `message`, `record_id`, `user_id`, `action`, `ip_address`, `platform`, `agent`, `time`, `created_at`) VALUES (730, 'New Record inserted On  staff designation id 2', '2', 1, 'Insert', '157.48.184.142', 'Windows 10', 'Chrome 115.0.0.0', '2023-08-11 18:15:33', NULL);
INSERT INTO `logs` (`id`, `message`, `record_id`, `user_id`, `action`, `ip_address`, `platform`, `agent`, `time`, `created_at`) VALUES (731, 'New Record inserted On  staff designation id 3', '3', 1, 'Insert', '157.48.184.142', 'Windows 10', 'Chrome 115.0.0.0', '2023-08-11 18:15:40', NULL);
INSERT INTO `logs` (`id`, `message`, `record_id`, `user_id`, `action`, `ip_address`, `platform`, `agent`, `time`, `created_at`) VALUES (732, 'New Record inserted On  staff designation id 4', '4', 1, 'Insert', '157.48.184.142', 'Windows 10', 'Chrome 115.0.0.0', '2023-08-11 18:15:45', NULL);
INSERT INTO `logs` (`id`, `message`, `record_id`, `user_id`, `action`, `ip_address`, `platform`, `agent`, `time`, `created_at`) VALUES (733, 'New Record inserted On  staff designation id 5', '5', 1, 'Insert', '157.48.184.142', 'Windows 10', 'Chrome 115.0.0.0', '2023-08-11 18:15:51', NULL);
INSERT INTO `logs` (`id`, `message`, `record_id`, `user_id`, `action`, `ip_address`, `platform`, `agent`, `time`, `created_at`) VALUES (734, 'New Record inserted On  staff designation id 6', '6', 1, 'Insert', '157.48.184.142', 'Windows 10', 'Chrome 115.0.0.0', '2023-08-11 18:15:57', NULL);
INSERT INTO `logs` (`id`, `message`, `record_id`, `user_id`, `action`, `ip_address`, `platform`, `agent`, `time`, `created_at`) VALUES (735, 'New Record inserted On  staff designation id 7', '7', 1, 'Insert', '157.48.184.142', 'Windows 10', 'Chrome 115.0.0.0', '2023-08-11 18:16:03', NULL);
INSERT INTO `logs` (`id`, `message`, `record_id`, `user_id`, `action`, `ip_address`, `platform`, `agent`, `time`, `created_at`) VALUES (736, 'New Record inserted On  staff designation id 8', '8', 1, 'Insert', '157.48.184.142', 'Windows 10', 'Chrome 115.0.0.0', '2023-08-11 18:16:18', NULL);
INSERT INTO `logs` (`id`, `message`, `record_id`, `user_id`, `action`, `ip_address`, `platform`, `agent`, `time`, `created_at`) VALUES (737, 'New Record inserted On department id 1', '1', 1, 'Insert', '157.48.184.142', 'Windows 10', 'Chrome 115.0.0.0', '2023-08-11 18:18:25', NULL);
INSERT INTO `logs` (`id`, `message`, `record_id`, `user_id`, `action`, `ip_address`, `platform`, `agent`, `time`, `created_at`) VALUES (738, 'New Record inserted On department id 2', '2', 1, 'Insert', '157.48.184.142', 'Windows 10', 'Chrome 115.0.0.0', '2023-08-11 18:18:32', NULL);
INSERT INTO `logs` (`id`, `message`, `record_id`, `user_id`, `action`, `ip_address`, `platform`, `agent`, `time`, `created_at`) VALUES (739, 'New Record inserted On department id 3', '3', 1, 'Insert', '157.48.184.142', 'Windows 10', 'Chrome 115.0.0.0', '2023-08-11 18:18:37', NULL);
INSERT INTO `logs` (`id`, `message`, `record_id`, `user_id`, `action`, `ip_address`, `platform`, `agent`, `time`, `created_at`) VALUES (740, 'New Record inserted On department id 4', '4', 1, 'Insert', '157.48.184.142', 'Windows 10', 'Chrome 115.0.0.0', '2023-08-11 18:18:43', NULL);
INSERT INTO `logs` (`id`, `message`, `record_id`, `user_id`, `action`, `ip_address`, `platform`, `agent`, `time`, `created_at`) VALUES (741, 'New Record inserted On department id 5', '5', 1, 'Insert', '157.48.184.142', 'Windows 10', 'Chrome 115.0.0.0', '2023-08-11 18:18:50', NULL);
INSERT INTO `logs` (`id`, `message`, `record_id`, `user_id`, `action`, `ip_address`, `platform`, `agent`, `time`, `created_at`) VALUES (742, 'New Record inserted On department id 6', '6', 1, 'Insert', '157.48.184.142', 'Windows 10', 'Chrome 115.0.0.0', '2023-08-11 18:18:56', NULL);
INSERT INTO `logs` (`id`, `message`, `record_id`, `user_id`, `action`, `ip_address`, `platform`, `agent`, `time`, `created_at`) VALUES (743, 'New Record inserted On department id 7', '7', 1, 'Insert', '157.48.184.142', 'Windows 10', 'Chrome 115.0.0.0', '2023-08-11 18:19:02', NULL);
INSERT INTO `logs` (`id`, `message`, `record_id`, `user_id`, `action`, `ip_address`, `platform`, `agent`, `time`, `created_at`) VALUES (744, 'New Record inserted On department id 8', '8', 1, 'Insert', '157.48.184.142', 'Windows 10', 'Chrome 115.0.0.0', '2023-08-11 18:19:09', NULL);
INSERT INTO `logs` (`id`, `message`, `record_id`, `user_id`, `action`, `ip_address`, `platform`, `agent`, `time`, `created_at`) VALUES (745, 'New Record inserted On department id 9', '9', 1, 'Insert', '157.48.184.142', 'Windows 10', 'Chrome 115.0.0.0', '2023-08-11 18:19:14', NULL);
INSERT INTO `logs` (`id`, `message`, `record_id`, `user_id`, `action`, `ip_address`, `platform`, `agent`, `time`, `created_at`) VALUES (746, 'New Record inserted On leave types id 1', '1', 1, 'Insert', '157.48.184.142', 'Windows 10', 'Chrome 115.0.0.0', '2023-08-11 18:20:34', NULL);
INSERT INTO `logs` (`id`, `message`, `record_id`, `user_id`, `action`, `ip_address`, `platform`, `agent`, `time`, `created_at`) VALUES (747, 'New Record inserted On leave types id 2', '2', 1, 'Insert', '157.48.184.142', 'Windows 10', 'Chrome 115.0.0.0', '2023-08-11 18:20:39', NULL);
INSERT INTO `logs` (`id`, `message`, `record_id`, `user_id`, `action`, `ip_address`, `platform`, `agent`, `time`, `created_at`) VALUES (748, 'New Record inserted On leave types id 3', '3', 1, 'Insert', '157.48.184.142', 'Windows 10', 'Chrome 115.0.0.0', '2023-08-11 18:20:46', NULL);
INSERT INTO `logs` (`id`, `message`, `record_id`, `user_id`, `action`, `ip_address`, `platform`, `agent`, `time`, `created_at`) VALUES (749, 'Record updated On settings id 1', '1', 1, 'Update', '157.48.140.105', 'Windows 10', 'Chrome 115.0.0.0', '2023-08-11 22:14:54', NULL);
INSERT INTO `logs` (`id`, `message`, `record_id`, `user_id`, `action`, `ip_address`, `platform`, `agent`, `time`, `created_at`) VALUES (750, 'Record updated On settings id 1', '1', 1, 'Update', '157.48.73.145', 'Windows 10', 'Chrome 115.0.0.0', '2023-08-11 22:15:38', NULL);
INSERT INTO `logs` (`id`, `message`, `record_id`, `user_id`, `action`, `ip_address`, `platform`, `agent`, `time`, `created_at`) VALUES (751, 'Record updated On staff id 2', '2', 1, 'Update', '157.48.65.176', 'Windows 10', 'Chrome 115.0.0.0', '2023-08-11 22:42:16', NULL);
INSERT INTO `logs` (`id`, `message`, `record_id`, `user_id`, `action`, `ip_address`, `platform`, `agent`, `time`, `created_at`) VALUES (752, 'Record updated On staff id 3', '3', 1, 'Update', '157.48.65.176', 'Windows 10', 'Chrome 115.0.0.0', '2023-08-11 22:44:51', NULL);
INSERT INTO `logs` (`id`, `message`, `record_id`, `user_id`, `action`, `ip_address`, `platform`, `agent`, `time`, `created_at`) VALUES (753, 'Record updated On staff id 4', '4', 1, 'Update', '157.48.65.176', 'Windows 10', 'Chrome 115.0.0.0', '2023-08-11 22:47:15', NULL);
INSERT INTO `logs` (`id`, `message`, `record_id`, `user_id`, `action`, `ip_address`, `platform`, `agent`, `time`, `created_at`) VALUES (754, 'Record updated On staff id 5', '5', 1, 'Update', '157.48.65.176', 'Windows 10', 'Chrome 115.0.0.0', '2023-08-11 22:49:50', NULL);
INSERT INTO `logs` (`id`, `message`, `record_id`, `user_id`, `action`, `ip_address`, `platform`, `agent`, `time`, `created_at`) VALUES (755, 'Record updated On staff id 6', '6', 1, 'Update', '157.48.65.176', 'Windows 10', 'Chrome 115.0.0.0', '2023-08-11 22:51:36', NULL);
INSERT INTO `logs` (`id`, `message`, `record_id`, `user_id`, `action`, `ip_address`, `platform`, `agent`, `time`, `created_at`) VALUES (756, 'Record updated On staff id 7', '7', 1, 'Update', '157.48.65.176', 'Windows 10', 'Chrome 115.0.0.0', '2023-08-11 22:53:56', NULL);
INSERT INTO `logs` (`id`, `message`, `record_id`, `user_id`, `action`, `ip_address`, `platform`, `agent`, `time`, `created_at`) VALUES (757, 'Record updated On staff id 8', '8', 1, 'Update', '157.48.65.176', 'Windows 10', 'Chrome 115.0.0.0', '2023-08-11 22:55:36', NULL);
INSERT INTO `logs` (`id`, `message`, `record_id`, `user_id`, `action`, `ip_address`, `platform`, `agent`, `time`, `created_at`) VALUES (758, 'New Record inserted On  income head   id 1', '1', 1, 'Insert', '157.48.65.176', 'Windows 10', 'Chrome 115.0.0.0', '2023-08-11 23:29:43', NULL);
INSERT INTO `logs` (`id`, `message`, `record_id`, `user_id`, `action`, `ip_address`, `platform`, `agent`, `time`, `created_at`) VALUES (759, 'New Record inserted On  income head   id 2', '2', 1, 'Insert', '157.48.65.176', 'Windows 10', 'Chrome 115.0.0.0', '2023-08-11 23:29:49', NULL);
INSERT INTO `logs` (`id`, `message`, `record_id`, `user_id`, `action`, `ip_address`, `platform`, `agent`, `time`, `created_at`) VALUES (760, 'New Record inserted On  income head   id 3', '3', 1, 'Insert', '157.48.65.176', 'Windows 10', 'Chrome 115.0.0.0', '2023-08-11 23:29:54', NULL);
INSERT INTO `logs` (`id`, `message`, `record_id`, `user_id`, `action`, `ip_address`, `platform`, `agent`, `time`, `created_at`) VALUES (761, 'New Record inserted On  income head   id 4', '4', 1, 'Insert', '157.48.65.176', 'Windows 10', 'Chrome 115.0.0.0', '2023-08-11 23:30:00', NULL);
INSERT INTO `logs` (`id`, `message`, `record_id`, `user_id`, `action`, `ip_address`, `platform`, `agent`, `time`, `created_at`) VALUES (762, 'New Record inserted On  income head   id 5', '5', 1, 'Insert', '157.48.65.176', 'Windows 10', 'Chrome 115.0.0.0', '2023-08-11 23:30:04', NULL);
INSERT INTO `logs` (`id`, `message`, `record_id`, `user_id`, `action`, `ip_address`, `platform`, `agent`, `time`, `created_at`) VALUES (763, 'New Record inserted On  Income   id 1', '1', 1, 'Insert', '157.48.140.105', 'Windows 10', 'Chrome 115.0.0.0', '2023-08-11 23:34:54', NULL);
INSERT INTO `logs` (`id`, `message`, `record_id`, `user_id`, `action`, `ip_address`, `platform`, `agent`, `time`, `created_at`) VALUES (764, 'New Record inserted On  Income   id 2', '2', 1, 'Insert', '157.48.140.105', 'Windows 10', 'Chrome 115.0.0.0', '2023-08-11 23:38:28', NULL);
INSERT INTO `logs` (`id`, `message`, `record_id`, `user_id`, `action`, `ip_address`, `platform`, `agent`, `time`, `created_at`) VALUES (765, 'New Record inserted On  Income   id 3', '3', 1, 'Insert', '157.48.140.105', 'Windows 10', 'Chrome 115.0.0.0', '2023-08-11 23:39:28', NULL);
INSERT INTO `logs` (`id`, `message`, `record_id`, `user_id`, `action`, `ip_address`, `platform`, `agent`, `time`, `created_at`) VALUES (766, 'New Record inserted On  Income   id 4', '4', 1, 'Insert', '157.48.140.105', 'Windows 10', 'Chrome 115.0.0.0', '2023-08-11 23:40:00', NULL);
INSERT INTO `logs` (`id`, `message`, `record_id`, `user_id`, `action`, `ip_address`, `platform`, `agent`, `time`, `created_at`) VALUES (767, 'New Record inserted On  Income   id 5', '5', 1, 'Insert', '157.48.140.105', 'Windows 10', 'Chrome 115.0.0.0', '2023-08-11 23:40:41', NULL);
INSERT INTO `logs` (`id`, `message`, `record_id`, `user_id`, `action`, `ip_address`, `platform`, `agent`, `time`, `created_at`) VALUES (768, 'New Record inserted On  enquiry id 1', '1', 1, 'Insert', '157.48.65.176', 'Windows 10', 'Chrome 115.0.0.0', '2023-08-12 00:06:11', NULL);
INSERT INTO `logs` (`id`, `message`, `record_id`, `user_id`, `action`, `ip_address`, `platform`, `agent`, `time`, `created_at`) VALUES (769, 'New Record inserted On  enquiry id 2', '2', 1, 'Insert', '157.48.65.176', 'Windows 10', 'Chrome 115.0.0.0', '2023-08-12 00:08:07', NULL);
INSERT INTO `logs` (`id`, `message`, `record_id`, `user_id`, `action`, `ip_address`, `platform`, `agent`, `time`, `created_at`) VALUES (770, 'New Record inserted On  enquiry id 3', '3', 1, 'Insert', '157.48.65.176', 'Windows 10', 'Chrome 115.0.0.0', '2023-08-12 00:09:04', NULL);
INSERT INTO `logs` (`id`, `message`, `record_id`, `user_id`, `action`, `ip_address`, `platform`, `agent`, `time`, `created_at`) VALUES (771, 'New Record inserted On  enquiry id 4', '4', 1, 'Insert', '157.48.140.105', 'Windows 10', 'Chrome 115.0.0.0', '2023-08-12 00:10:23', NULL);
INSERT INTO `logs` (`id`, `message`, `record_id`, `user_id`, `action`, `ip_address`, `platform`, `agent`, `time`, `created_at`) VALUES (772, 'New Record inserted On  enquiry id 5', '5', 1, 'Insert', '157.48.140.105', 'Windows 10', 'Chrome 115.0.0.0', '2023-08-12 00:11:34', NULL);
INSERT INTO `logs` (`id`, `message`, `record_id`, `user_id`, `action`, `ip_address`, `platform`, `agent`, `time`, `created_at`) VALUES (773, 'New Record inserted On school houses id 1', '1', 1, 'Insert', '157.48.140.105', 'Windows 10', 'Chrome 115.0.0.0', '2023-08-12 00:18:57', NULL);
INSERT INTO `logs` (`id`, `message`, `record_id`, `user_id`, `action`, `ip_address`, `platform`, `agent`, `time`, `created_at`) VALUES (774, 'New Record inserted On school houses id 2', '2', 1, 'Insert', '157.48.140.105', 'Windows 10', 'Chrome 115.0.0.0', '2023-08-12 00:19:02', NULL);
INSERT INTO `logs` (`id`, `message`, `record_id`, `user_id`, `action`, `ip_address`, `platform`, `agent`, `time`, `created_at`) VALUES (775, 'New Record inserted On school houses id 3', '3', 1, 'Insert', '157.48.140.105', 'Windows 10', 'Chrome 115.0.0.0', '2023-08-12 00:19:08', NULL);
INSERT INTO `logs` (`id`, `message`, `record_id`, `user_id`, `action`, `ip_address`, `platform`, `agent`, `time`, `created_at`) VALUES (776, 'New Record inserted On school houses id 4', '4', 1, 'Insert', '157.48.140.105', 'Windows 10', 'Chrome 115.0.0.0', '2023-08-12 00:19:15', NULL);
INSERT INTO `logs` (`id`, `message`, `record_id`, `user_id`, `action`, `ip_address`, `platform`, `agent`, `time`, `created_at`) VALUES (777, 'New Record inserted On  categories id 2', '2', 1, 'Insert', '157.48.140.105', 'Windows 10', 'Chrome 115.0.0.0', '2023-08-12 00:20:13', NULL);
INSERT INTO `logs` (`id`, `message`, `record_id`, `user_id`, `action`, `ip_address`, `platform`, `agent`, `time`, `created_at`) VALUES (778, 'New Record inserted On  categories id 3', '3', 1, 'Insert', '157.48.140.105', 'Windows 10', 'Chrome 115.0.0.0', '2023-08-12 00:20:18', NULL);
INSERT INTO `logs` (`id`, `message`, `record_id`, `user_id`, `action`, `ip_address`, `platform`, `agent`, `time`, `created_at`) VALUES (779, 'New Record inserted On  categories id 4', '4', 1, 'Insert', '157.48.140.105', 'Windows 10', 'Chrome 115.0.0.0', '2023-08-12 00:20:24', NULL);
INSERT INTO `logs` (`id`, `message`, `record_id`, `user_id`, `action`, `ip_address`, `platform`, `agent`, `time`, `created_at`) VALUES (780, 'New Record inserted On  fee groups feetype id 4', '4', 1, 'Insert', '157.48.81.208', 'Windows 10', 'Chrome 115.0.0.0', '2023-08-12 07:43:04', NULL);
INSERT INTO `logs` (`id`, `message`, `record_id`, `user_id`, `action`, `ip_address`, `platform`, `agent`, `time`, `created_at`) VALUES (781, 'New Record inserted On  fee groups feetype id 5', '5', 1, 'Insert', '157.48.81.208', 'Windows 10', 'Chrome 115.0.0.0', '2023-08-12 07:44:13', NULL);
INSERT INTO `logs` (`id`, `message`, `record_id`, `user_id`, `action`, `ip_address`, `platform`, `agent`, `time`, `created_at`) VALUES (782, 'New Record inserted On  fee groups feetype id 6', '6', 1, 'Insert', '157.48.81.208', 'Windows 10', 'Chrome 115.0.0.0', '2023-08-12 07:45:17', NULL);
INSERT INTO `logs` (`id`, `message`, `record_id`, `user_id`, `action`, `ip_address`, `platform`, `agent`, `time`, `created_at`) VALUES (783, 'New Record inserted On  fee groups feetype id 7', '7', 1, 'Insert', '157.48.81.208', 'Windows 10', 'Chrome 115.0.0.0', '2023-08-12 07:46:33', NULL);
INSERT INTO `logs` (`id`, `message`, `record_id`, `user_id`, `action`, `ip_address`, `platform`, `agent`, `time`, `created_at`) VALUES (784, 'New Record inserted On  fee groups feetype id 8', '8', 1, 'Insert', '157.48.81.208', 'Windows 10', 'Chrome 115.0.0.0', '2023-08-12 07:48:16', NULL);
INSERT INTO `logs` (`id`, `message`, `record_id`, `user_id`, `action`, `ip_address`, `platform`, `agent`, `time`, `created_at`) VALUES (785, 'New Record inserted On  fee groups feetype id 9', '9', 1, 'Insert', '157.48.81.208', 'Windows 10', 'Chrome 115.0.0.0', '2023-08-12 07:56:08', NULL);
INSERT INTO `logs` (`id`, `message`, `record_id`, `user_id`, `action`, `ip_address`, `platform`, `agent`, `time`, `created_at`) VALUES (786, 'New Record inserted On  fee groups feetype id 10', '10', 1, 'Insert', '157.48.81.208', 'Windows 10', 'Chrome 115.0.0.0', '2023-08-12 07:56:57', NULL);
INSERT INTO `logs` (`id`, `message`, `record_id`, `user_id`, `action`, `ip_address`, `platform`, `agent`, `time`, `created_at`) VALUES (787, 'New Record inserted On  fee groups feetype id 11', '11', 1, 'Insert', '157.48.81.208', 'Windows 10', 'Chrome 115.0.0.0', '2023-08-12 07:57:19', NULL);
INSERT INTO `logs` (`id`, `message`, `record_id`, `user_id`, `action`, `ip_address`, `platform`, `agent`, `time`, `created_at`) VALUES (788, 'New Record inserted On students id 102', '102', 1, 'Insert', '157.48.157.64', 'Windows 10', 'Chrome 115.0.0.0', '2023-08-12 10:46:46', NULL);
INSERT INTO `logs` (`id`, `message`, `record_id`, `user_id`, `action`, `ip_address`, `platform`, `agent`, `time`, `created_at`) VALUES (789, 'New Record inserted On  student session id 105', '105', 1, 'Insert', '157.48.157.64', 'Windows 10', 'Chrome 115.0.0.0', '2023-08-12 10:46:46', NULL);
INSERT INTO `logs` (`id`, `message`, `record_id`, `user_id`, `action`, `ip_address`, `platform`, `agent`, `time`, `created_at`) VALUES (790, 'New Record inserted On users id 203', '203', 1, 'Insert', '157.48.157.64', 'Windows 10', 'Chrome 115.0.0.0', '2023-08-12 10:46:46', NULL);
INSERT INTO `logs` (`id`, `message`, `record_id`, `user_id`, `action`, `ip_address`, `platform`, `agent`, `time`, `created_at`) VALUES (791, 'New Record inserted On users id 204', '204', 1, 'Insert', '157.48.157.64', 'Windows 10', 'Chrome 115.0.0.0', '2023-08-12 10:46:46', NULL);
INSERT INTO `logs` (`id`, `message`, `record_id`, `user_id`, `action`, `ip_address`, `platform`, `agent`, `time`, `created_at`) VALUES (792, 'Record updated On students id 102', '102', 1, 'Update', '157.48.157.64', 'Windows 10', 'Chrome 115.0.0.0', '2023-08-12 10:46:46', NULL);
INSERT INTO `logs` (`id`, `message`, `record_id`, `user_id`, `action`, `ip_address`, `platform`, `agent`, `time`, `created_at`) VALUES (793, 'New Record inserted On students id 103', '103', 1, 'Insert', '157.48.157.64', 'Windows 10', 'Chrome 115.0.0.0', '2023-08-12 10:50:29', NULL);
INSERT INTO `logs` (`id`, `message`, `record_id`, `user_id`, `action`, `ip_address`, `platform`, `agent`, `time`, `created_at`) VALUES (794, 'New Record inserted On  student session id 106', '106', 1, 'Insert', '157.48.157.64', 'Windows 10', 'Chrome 115.0.0.0', '2023-08-12 10:50:29', NULL);
INSERT INTO `logs` (`id`, `message`, `record_id`, `user_id`, `action`, `ip_address`, `platform`, `agent`, `time`, `created_at`) VALUES (795, 'New Record inserted On users id 205', '205', 1, 'Insert', '157.48.157.64', 'Windows 10', 'Chrome 115.0.0.0', '2023-08-12 10:50:29', NULL);
INSERT INTO `logs` (`id`, `message`, `record_id`, `user_id`, `action`, `ip_address`, `platform`, `agent`, `time`, `created_at`) VALUES (796, 'New Record inserted On users id 206', '206', 1, 'Insert', '157.48.157.64', 'Windows 10', 'Chrome 115.0.0.0', '2023-08-12 10:50:29', NULL);
INSERT INTO `logs` (`id`, `message`, `record_id`, `user_id`, `action`, `ip_address`, `platform`, `agent`, `time`, `created_at`) VALUES (797, 'Record updated On students id 103', '103', 1, 'Update', '157.48.157.64', 'Windows 10', 'Chrome 115.0.0.0', '2023-08-12 10:50:29', NULL);
INSERT INTO `logs` (`id`, `message`, `record_id`, `user_id`, `action`, `ip_address`, `platform`, `agent`, `time`, `created_at`) VALUES (798, 'New Record inserted On students id 104', '104', 1, 'Insert', '157.48.157.64', 'Windows 10', 'Chrome 115.0.0.0', '2023-08-12 10:53:18', NULL);
INSERT INTO `logs` (`id`, `message`, `record_id`, `user_id`, `action`, `ip_address`, `platform`, `agent`, `time`, `created_at`) VALUES (799, 'New Record inserted On  student session id 107', '107', 1, 'Insert', '157.48.157.64', 'Windows 10', 'Chrome 115.0.0.0', '2023-08-12 10:53:18', NULL);
INSERT INTO `logs` (`id`, `message`, `record_id`, `user_id`, `action`, `ip_address`, `platform`, `agent`, `time`, `created_at`) VALUES (800, 'New Record inserted On users id 207', '207', 1, 'Insert', '157.48.157.64', 'Windows 10', 'Chrome 115.0.0.0', '2023-08-12 10:53:18', NULL);
INSERT INTO `logs` (`id`, `message`, `record_id`, `user_id`, `action`, `ip_address`, `platform`, `agent`, `time`, `created_at`) VALUES (801, 'New Record inserted On users id 208', '208', 1, 'Insert', '157.48.157.64', 'Windows 10', 'Chrome 115.0.0.0', '2023-08-12 10:53:18', NULL);
INSERT INTO `logs` (`id`, `message`, `record_id`, `user_id`, `action`, `ip_address`, `platform`, `agent`, `time`, `created_at`) VALUES (802, 'Record updated On students id 104', '104', 1, 'Update', '157.48.157.64', 'Windows 10', 'Chrome 115.0.0.0', '2023-08-12 10:53:18', NULL);
INSERT INTO `logs` (`id`, `message`, `record_id`, `user_id`, `action`, `ip_address`, `platform`, `agent`, `time`, `created_at`) VALUES (803, 'New Record inserted On students id 105', '105', 1, 'Insert', '157.48.157.64', 'Windows 10', 'Chrome 115.0.0.0', '2023-08-12 10:55:59', NULL);
INSERT INTO `logs` (`id`, `message`, `record_id`, `user_id`, `action`, `ip_address`, `platform`, `agent`, `time`, `created_at`) VALUES (804, 'New Record inserted On  student session id 108', '108', 1, 'Insert', '157.48.157.64', 'Windows 10', 'Chrome 115.0.0.0', '2023-08-12 10:55:59', NULL);
INSERT INTO `logs` (`id`, `message`, `record_id`, `user_id`, `action`, `ip_address`, `platform`, `agent`, `time`, `created_at`) VALUES (805, 'New Record inserted On users id 209', '209', 1, 'Insert', '157.48.157.64', 'Windows 10', 'Chrome 115.0.0.0', '2023-08-12 10:55:59', NULL);
INSERT INTO `logs` (`id`, `message`, `record_id`, `user_id`, `action`, `ip_address`, `platform`, `agent`, `time`, `created_at`) VALUES (806, 'New Record inserted On users id 210', '210', 1, 'Insert', '157.48.157.64', 'Windows 10', 'Chrome 115.0.0.0', '2023-08-12 10:55:59', NULL);
INSERT INTO `logs` (`id`, `message`, `record_id`, `user_id`, `action`, `ip_address`, `platform`, `agent`, `time`, `created_at`) VALUES (807, 'Record updated On students id 105', '105', 1, 'Update', '157.48.157.64', 'Windows 10', 'Chrome 115.0.0.0', '2023-08-12 10:55:59', NULL);
INSERT INTO `logs` (`id`, `message`, `record_id`, `user_id`, `action`, `ip_address`, `platform`, `agent`, `time`, `created_at`) VALUES (808, 'New Record inserted On students id 106', '106', 1, 'Insert', '157.48.157.64', 'Windows 10', 'Chrome 115.0.0.0', '2023-08-12 10:59:34', NULL);
INSERT INTO `logs` (`id`, `message`, `record_id`, `user_id`, `action`, `ip_address`, `platform`, `agent`, `time`, `created_at`) VALUES (809, 'New Record inserted On  student session id 109', '109', 1, 'Insert', '157.48.157.64', 'Windows 10', 'Chrome 115.0.0.0', '2023-08-12 10:59:34', NULL);
INSERT INTO `logs` (`id`, `message`, `record_id`, `user_id`, `action`, `ip_address`, `platform`, `agent`, `time`, `created_at`) VALUES (810, 'New Record inserted On users id 211', '211', 1, 'Insert', '157.48.157.64', 'Windows 10', 'Chrome 115.0.0.0', '2023-08-12 10:59:34', NULL);
INSERT INTO `logs` (`id`, `message`, `record_id`, `user_id`, `action`, `ip_address`, `platform`, `agent`, `time`, `created_at`) VALUES (811, 'New Record inserted On users id 212', '212', 1, 'Insert', '157.48.157.64', 'Windows 10', 'Chrome 115.0.0.0', '2023-08-12 10:59:34', NULL);
INSERT INTO `logs` (`id`, `message`, `record_id`, `user_id`, `action`, `ip_address`, `platform`, `agent`, `time`, `created_at`) VALUES (812, 'Record updated On students id 106', '106', 1, 'Update', '157.48.157.64', 'Windows 10', 'Chrome 115.0.0.0', '2023-08-12 10:59:34', NULL);
INSERT INTO `logs` (`id`, `message`, `record_id`, `user_id`, `action`, `ip_address`, `platform`, `agent`, `time`, `created_at`) VALUES (813, 'New Record inserted On students id 107', '107', 1, 'Insert', '157.48.157.64', 'Windows 10', 'Chrome 115.0.0.0', '2023-08-12 11:01:55', NULL);
INSERT INTO `logs` (`id`, `message`, `record_id`, `user_id`, `action`, `ip_address`, `platform`, `agent`, `time`, `created_at`) VALUES (814, 'New Record inserted On  student session id 110', '110', 1, 'Insert', '157.48.157.64', 'Windows 10', 'Chrome 115.0.0.0', '2023-08-12 11:01:55', NULL);
INSERT INTO `logs` (`id`, `message`, `record_id`, `user_id`, `action`, `ip_address`, `platform`, `agent`, `time`, `created_at`) VALUES (815, 'New Record inserted On users id 213', '213', 1, 'Insert', '157.48.157.64', 'Windows 10', 'Chrome 115.0.0.0', '2023-08-12 11:01:55', NULL);
INSERT INTO `logs` (`id`, `message`, `record_id`, `user_id`, `action`, `ip_address`, `platform`, `agent`, `time`, `created_at`) VALUES (816, 'New Record inserted On users id 214', '214', 1, 'Insert', '157.48.157.64', 'Windows 10', 'Chrome 115.0.0.0', '2023-08-12 11:01:55', NULL);
INSERT INTO `logs` (`id`, `message`, `record_id`, `user_id`, `action`, `ip_address`, `platform`, `agent`, `time`, `created_at`) VALUES (817, 'Record updated On students id 107', '107', 1, 'Update', '157.48.157.64', 'Windows 10', 'Chrome 115.0.0.0', '2023-08-12 11:01:55', NULL);
INSERT INTO `logs` (`id`, `message`, `record_id`, `user_id`, `action`, `ip_address`, `platform`, `agent`, `time`, `created_at`) VALUES (818, 'New Record inserted On students id 108', '108', 1, 'Insert', '157.48.157.64', 'Windows 10', 'Chrome 115.0.0.0', '2023-08-12 11:05:38', NULL);
INSERT INTO `logs` (`id`, `message`, `record_id`, `user_id`, `action`, `ip_address`, `platform`, `agent`, `time`, `created_at`) VALUES (819, 'New Record inserted On  student session id 111', '111', 1, 'Insert', '157.48.157.64', 'Windows 10', 'Chrome 115.0.0.0', '2023-08-12 11:05:38', NULL);
INSERT INTO `logs` (`id`, `message`, `record_id`, `user_id`, `action`, `ip_address`, `platform`, `agent`, `time`, `created_at`) VALUES (820, 'New Record inserted On users id 215', '215', 1, 'Insert', '157.48.157.64', 'Windows 10', 'Chrome 115.0.0.0', '2023-08-12 11:05:38', NULL);
INSERT INTO `logs` (`id`, `message`, `record_id`, `user_id`, `action`, `ip_address`, `platform`, `agent`, `time`, `created_at`) VALUES (821, 'New Record inserted On users id 216', '216', 1, 'Insert', '157.48.157.64', 'Windows 10', 'Chrome 115.0.0.0', '2023-08-12 11:05:38', NULL);
INSERT INTO `logs` (`id`, `message`, `record_id`, `user_id`, `action`, `ip_address`, `platform`, `agent`, `time`, `created_at`) VALUES (822, 'Record updated On students id 108', '108', 1, 'Update', '157.48.157.64', 'Windows 10', 'Chrome 115.0.0.0', '2023-08-12 11:05:38', NULL);
INSERT INTO `logs` (`id`, `message`, `record_id`, `user_id`, `action`, `ip_address`, `platform`, `agent`, `time`, `created_at`) VALUES (823, 'New Record inserted On students id 109', '109', 1, 'Insert', '157.48.157.64', 'Windows 10', 'Chrome 115.0.0.0', '2023-08-12 11:10:41', NULL);
INSERT INTO `logs` (`id`, `message`, `record_id`, `user_id`, `action`, `ip_address`, `platform`, `agent`, `time`, `created_at`) VALUES (824, 'New Record inserted On  student session id 112', '112', 1, 'Insert', '157.48.157.64', 'Windows 10', 'Chrome 115.0.0.0', '2023-08-12 11:10:41', NULL);
INSERT INTO `logs` (`id`, `message`, `record_id`, `user_id`, `action`, `ip_address`, `platform`, `agent`, `time`, `created_at`) VALUES (825, 'New Record inserted On users id 217', '217', 1, 'Insert', '157.48.157.64', 'Windows 10', 'Chrome 115.0.0.0', '2023-08-12 11:10:41', NULL);
INSERT INTO `logs` (`id`, `message`, `record_id`, `user_id`, `action`, `ip_address`, `platform`, `agent`, `time`, `created_at`) VALUES (826, 'New Record inserted On users id 218', '218', 1, 'Insert', '157.48.157.64', 'Windows 10', 'Chrome 115.0.0.0', '2023-08-12 11:10:41', NULL);
INSERT INTO `logs` (`id`, `message`, `record_id`, `user_id`, `action`, `ip_address`, `platform`, `agent`, `time`, `created_at`) VALUES (827, 'Record updated On students id 109', '109', 1, 'Update', '157.48.157.64', 'Windows 10', 'Chrome 115.0.0.0', '2023-08-12 11:10:41', NULL);
INSERT INTO `logs` (`id`, `message`, `record_id`, `user_id`, `action`, `ip_address`, `platform`, `agent`, `time`, `created_at`) VALUES (828, 'New Record inserted On students id 110', '110', 1, 'Insert', '157.48.247.247', 'Windows 10', 'Chrome 115.0.0.0', '2023-08-12 17:03:21', NULL);
INSERT INTO `logs` (`id`, `message`, `record_id`, `user_id`, `action`, `ip_address`, `platform`, `agent`, `time`, `created_at`) VALUES (829, 'New Record inserted On  student session id 113', '113', 1, 'Insert', '157.48.247.247', 'Windows 10', 'Chrome 115.0.0.0', '2023-08-12 17:03:21', NULL);
INSERT INTO `logs` (`id`, `message`, `record_id`, `user_id`, `action`, `ip_address`, `platform`, `agent`, `time`, `created_at`) VALUES (830, 'New Record inserted On users id 219', '219', 1, 'Insert', '157.48.247.247', 'Windows 10', 'Chrome 115.0.0.0', '2023-08-12 17:03:21', NULL);
INSERT INTO `logs` (`id`, `message`, `record_id`, `user_id`, `action`, `ip_address`, `platform`, `agent`, `time`, `created_at`) VALUES (831, 'New Record inserted On users id 220', '220', 1, 'Insert', '157.48.247.247', 'Windows 10', 'Chrome 115.0.0.0', '2023-08-12 17:03:21', NULL);
INSERT INTO `logs` (`id`, `message`, `record_id`, `user_id`, `action`, `ip_address`, `platform`, `agent`, `time`, `created_at`) VALUES (832, 'Record updated On students id 110', '110', 1, 'Update', '157.48.247.247', 'Windows 10', 'Chrome 115.0.0.0', '2023-08-12 17:03:21', NULL);
INSERT INTO `logs` (`id`, `message`, `record_id`, `user_id`, `action`, `ip_address`, `platform`, `agent`, `time`, `created_at`) VALUES (833, 'New Record inserted On students id 111', '111', 1, 'Insert', '157.48.247.247', 'Windows 10', 'Chrome 115.0.0.0', '2023-08-12 17:06:35', NULL);
INSERT INTO `logs` (`id`, `message`, `record_id`, `user_id`, `action`, `ip_address`, `platform`, `agent`, `time`, `created_at`) VALUES (834, 'New Record inserted On  student session id 114', '114', 1, 'Insert', '157.48.247.247', 'Windows 10', 'Chrome 115.0.0.0', '2023-08-12 17:06:35', NULL);
INSERT INTO `logs` (`id`, `message`, `record_id`, `user_id`, `action`, `ip_address`, `platform`, `agent`, `time`, `created_at`) VALUES (835, 'New Record inserted On users id 221', '221', 1, 'Insert', '157.48.247.247', 'Windows 10', 'Chrome 115.0.0.0', '2023-08-12 17:06:35', NULL);
INSERT INTO `logs` (`id`, `message`, `record_id`, `user_id`, `action`, `ip_address`, `platform`, `agent`, `time`, `created_at`) VALUES (836, 'New Record inserted On users id 222', '222', 1, 'Insert', '157.48.247.247', 'Windows 10', 'Chrome 115.0.0.0', '2023-08-12 17:06:35', NULL);
INSERT INTO `logs` (`id`, `message`, `record_id`, `user_id`, `action`, `ip_address`, `platform`, `agent`, `time`, `created_at`) VALUES (837, 'Record updated On students id 111', '111', 1, 'Update', '157.48.247.247', 'Windows 10', 'Chrome 115.0.0.0', '2023-08-12 17:06:35', NULL);
INSERT INTO `logs` (`id`, `message`, `record_id`, `user_id`, `action`, `ip_address`, `platform`, `agent`, `time`, `created_at`) VALUES (838, 'New Record inserted On students id 112', '112', 1, 'Insert', '157.48.247.247', 'Windows 10', 'Chrome 115.0.0.0', '2023-08-12 17:09:20', NULL);
INSERT INTO `logs` (`id`, `message`, `record_id`, `user_id`, `action`, `ip_address`, `platform`, `agent`, `time`, `created_at`) VALUES (839, 'New Record inserted On  student session id 115', '115', 1, 'Insert', '157.48.247.247', 'Windows 10', 'Chrome 115.0.0.0', '2023-08-12 17:09:20', NULL);
INSERT INTO `logs` (`id`, `message`, `record_id`, `user_id`, `action`, `ip_address`, `platform`, `agent`, `time`, `created_at`) VALUES (840, 'New Record inserted On users id 223', '223', 1, 'Insert', '157.48.247.247', 'Windows 10', 'Chrome 115.0.0.0', '2023-08-12 17:09:20', NULL);
INSERT INTO `logs` (`id`, `message`, `record_id`, `user_id`, `action`, `ip_address`, `platform`, `agent`, `time`, `created_at`) VALUES (841, 'New Record inserted On users id 224', '224', 1, 'Insert', '157.48.247.247', 'Windows 10', 'Chrome 115.0.0.0', '2023-08-12 17:09:20', NULL);
INSERT INTO `logs` (`id`, `message`, `record_id`, `user_id`, `action`, `ip_address`, `platform`, `agent`, `time`, `created_at`) VALUES (842, 'Record updated On students id 112', '112', 1, 'Update', '157.48.247.247', 'Windows 10', 'Chrome 115.0.0.0', '2023-08-12 17:09:20', NULL);
INSERT INTO `logs` (`id`, `message`, `record_id`, `user_id`, `action`, `ip_address`, `platform`, `agent`, `time`, `created_at`) VALUES (843, 'New Record inserted On students id 113', '113', 1, 'Insert', '157.48.158.15', 'Windows 10', 'Chrome 115.0.0.0', '2023-08-12 17:12:37', NULL);
INSERT INTO `logs` (`id`, `message`, `record_id`, `user_id`, `action`, `ip_address`, `platform`, `agent`, `time`, `created_at`) VALUES (844, 'New Record inserted On  student session id 116', '116', 1, 'Insert', '157.48.158.15', 'Windows 10', 'Chrome 115.0.0.0', '2023-08-12 17:12:37', NULL);
INSERT INTO `logs` (`id`, `message`, `record_id`, `user_id`, `action`, `ip_address`, `platform`, `agent`, `time`, `created_at`) VALUES (845, 'New Record inserted On users id 225', '225', 1, 'Insert', '157.48.158.15', 'Windows 10', 'Chrome 115.0.0.0', '2023-08-12 17:12:37', NULL);
INSERT INTO `logs` (`id`, `message`, `record_id`, `user_id`, `action`, `ip_address`, `platform`, `agent`, `time`, `created_at`) VALUES (846, 'New Record inserted On users id 226', '226', 1, 'Insert', '157.48.158.15', 'Windows 10', 'Chrome 115.0.0.0', '2023-08-12 17:12:37', NULL);
INSERT INTO `logs` (`id`, `message`, `record_id`, `user_id`, `action`, `ip_address`, `platform`, `agent`, `time`, `created_at`) VALUES (847, 'Record updated On students id 113', '113', 1, 'Update', '157.48.158.15', 'Windows 10', 'Chrome 115.0.0.0', '2023-08-12 17:12:37', NULL);
INSERT INTO `logs` (`id`, `message`, `record_id`, `user_id`, `action`, `ip_address`, `platform`, `agent`, `time`, `created_at`) VALUES (848, 'New Record inserted On students id 114', '114', 1, 'Insert', '157.48.158.15', 'Windows 10', 'Chrome 115.0.0.0', '2023-08-12 17:15:18', NULL);
INSERT INTO `logs` (`id`, `message`, `record_id`, `user_id`, `action`, `ip_address`, `platform`, `agent`, `time`, `created_at`) VALUES (849, 'New Record inserted On  student session id 117', '117', 1, 'Insert', '157.48.158.15', 'Windows 10', 'Chrome 115.0.0.0', '2023-08-12 17:15:18', NULL);
INSERT INTO `logs` (`id`, `message`, `record_id`, `user_id`, `action`, `ip_address`, `platform`, `agent`, `time`, `created_at`) VALUES (850, 'New Record inserted On users id 227', '227', 1, 'Insert', '157.48.158.15', 'Windows 10', 'Chrome 115.0.0.0', '2023-08-12 17:15:18', NULL);
INSERT INTO `logs` (`id`, `message`, `record_id`, `user_id`, `action`, `ip_address`, `platform`, `agent`, `time`, `created_at`) VALUES (851, 'New Record inserted On users id 228', '228', 1, 'Insert', '157.48.158.15', 'Windows 10', 'Chrome 115.0.0.0', '2023-08-12 17:15:18', NULL);
INSERT INTO `logs` (`id`, `message`, `record_id`, `user_id`, `action`, `ip_address`, `platform`, `agent`, `time`, `created_at`) VALUES (852, 'Record updated On students id 114', '114', 1, 'Update', '157.48.158.15', 'Windows 10', 'Chrome 115.0.0.0', '2023-08-12 17:15:18', NULL);
INSERT INTO `logs` (`id`, `message`, `record_id`, `user_id`, `action`, `ip_address`, `platform`, `agent`, `time`, `created_at`) VALUES (853, 'New Record inserted On students id 115', '115', 1, 'Insert', '157.48.158.15', 'Windows 10', 'Chrome 115.0.0.0', '2023-08-12 17:17:14', NULL);
INSERT INTO `logs` (`id`, `message`, `record_id`, `user_id`, `action`, `ip_address`, `platform`, `agent`, `time`, `created_at`) VALUES (854, 'New Record inserted On  student session id 118', '118', 1, 'Insert', '157.48.158.15', 'Windows 10', 'Chrome 115.0.0.0', '2023-08-12 17:17:14', NULL);
INSERT INTO `logs` (`id`, `message`, `record_id`, `user_id`, `action`, `ip_address`, `platform`, `agent`, `time`, `created_at`) VALUES (855, 'New Record inserted On users id 229', '229', 1, 'Insert', '157.48.158.15', 'Windows 10', 'Chrome 115.0.0.0', '2023-08-12 17:17:14', NULL);
INSERT INTO `logs` (`id`, `message`, `record_id`, `user_id`, `action`, `ip_address`, `platform`, `agent`, `time`, `created_at`) VALUES (856, 'New Record inserted On users id 230', '230', 1, 'Insert', '157.48.158.15', 'Windows 10', 'Chrome 115.0.0.0', '2023-08-12 17:17:14', NULL);
INSERT INTO `logs` (`id`, `message`, `record_id`, `user_id`, `action`, `ip_address`, `platform`, `agent`, `time`, `created_at`) VALUES (857, 'Record updated On students id 115', '115', 1, 'Update', '157.48.158.15', 'Windows 10', 'Chrome 115.0.0.0', '2023-08-12 17:17:14', NULL);
INSERT INTO `logs` (`id`, `message`, `record_id`, `user_id`, `action`, `ip_address`, `platform`, `agent`, `time`, `created_at`) VALUES (858, 'New Record inserted On students id 116', '116', 1, 'Insert', '157.48.158.15', 'Windows 10', 'Chrome 115.0.0.0', '2023-08-12 17:19:22', NULL);
INSERT INTO `logs` (`id`, `message`, `record_id`, `user_id`, `action`, `ip_address`, `platform`, `agent`, `time`, `created_at`) VALUES (859, 'New Record inserted On  student session id 119', '119', 1, 'Insert', '157.48.158.15', 'Windows 10', 'Chrome 115.0.0.0', '2023-08-12 17:19:22', NULL);
INSERT INTO `logs` (`id`, `message`, `record_id`, `user_id`, `action`, `ip_address`, `platform`, `agent`, `time`, `created_at`) VALUES (860, 'New Record inserted On users id 231', '231', 1, 'Insert', '157.48.158.15', 'Windows 10', 'Chrome 115.0.0.0', '2023-08-12 17:19:22', NULL);
INSERT INTO `logs` (`id`, `message`, `record_id`, `user_id`, `action`, `ip_address`, `platform`, `agent`, `time`, `created_at`) VALUES (861, 'New Record inserted On users id 232', '232', 1, 'Insert', '157.48.158.15', 'Windows 10', 'Chrome 115.0.0.0', '2023-08-12 17:19:22', NULL);
INSERT INTO `logs` (`id`, `message`, `record_id`, `user_id`, `action`, `ip_address`, `platform`, `agent`, `time`, `created_at`) VALUES (862, 'Record updated On students id 116', '116', 1, 'Update', '157.48.158.15', 'Windows 10', 'Chrome 115.0.0.0', '2023-08-12 17:19:22', NULL);
INSERT INTO `logs` (`id`, `message`, `record_id`, `user_id`, `action`, `ip_address`, `platform`, `agent`, `time`, `created_at`) VALUES (863, 'New Record inserted On students id 117', '117', 1, 'Insert', '157.48.158.15', 'Windows 10', 'Chrome 115.0.0.0', '2023-08-12 17:22:56', NULL);
INSERT INTO `logs` (`id`, `message`, `record_id`, `user_id`, `action`, `ip_address`, `platform`, `agent`, `time`, `created_at`) VALUES (864, 'New Record inserted On  student session id 120', '120', 1, 'Insert', '157.48.158.15', 'Windows 10', 'Chrome 115.0.0.0', '2023-08-12 17:22:56', NULL);
INSERT INTO `logs` (`id`, `message`, `record_id`, `user_id`, `action`, `ip_address`, `platform`, `agent`, `time`, `created_at`) VALUES (865, 'New Record inserted On users id 233', '233', 1, 'Insert', '157.48.158.15', 'Windows 10', 'Chrome 115.0.0.0', '2023-08-12 17:22:56', NULL);
INSERT INTO `logs` (`id`, `message`, `record_id`, `user_id`, `action`, `ip_address`, `platform`, `agent`, `time`, `created_at`) VALUES (866, 'New Record inserted On users id 234', '234', 1, 'Insert', '157.48.158.15', 'Windows 10', 'Chrome 115.0.0.0', '2023-08-12 17:22:56', NULL);
INSERT INTO `logs` (`id`, `message`, `record_id`, `user_id`, `action`, `ip_address`, `platform`, `agent`, `time`, `created_at`) VALUES (867, 'Record updated On students id 117', '117', 1, 'Update', '157.48.158.15', 'Windows 10', 'Chrome 115.0.0.0', '2023-08-12 17:22:56', NULL);
INSERT INTO `logs` (`id`, `message`, `record_id`, `user_id`, `action`, `ip_address`, `platform`, `agent`, `time`, `created_at`) VALUES (868, 'New Record inserted On students id 118', '118', 1, 'Insert', '157.48.158.15', 'Windows 10', 'Chrome 115.0.0.0', '2023-08-12 17:25:11', NULL);
INSERT INTO `logs` (`id`, `message`, `record_id`, `user_id`, `action`, `ip_address`, `platform`, `agent`, `time`, `created_at`) VALUES (869, 'New Record inserted On  student session id 121', '121', 1, 'Insert', '157.48.158.15', 'Windows 10', 'Chrome 115.0.0.0', '2023-08-12 17:25:11', NULL);
INSERT INTO `logs` (`id`, `message`, `record_id`, `user_id`, `action`, `ip_address`, `platform`, `agent`, `time`, `created_at`) VALUES (870, 'New Record inserted On users id 235', '235', 1, 'Insert', '157.48.158.15', 'Windows 10', 'Chrome 115.0.0.0', '2023-08-12 17:25:11', NULL);
INSERT INTO `logs` (`id`, `message`, `record_id`, `user_id`, `action`, `ip_address`, `platform`, `agent`, `time`, `created_at`) VALUES (871, 'New Record inserted On users id 236', '236', 1, 'Insert', '157.48.158.15', 'Windows 10', 'Chrome 115.0.0.0', '2023-08-12 17:25:11', NULL);
INSERT INTO `logs` (`id`, `message`, `record_id`, `user_id`, `action`, `ip_address`, `platform`, `agent`, `time`, `created_at`) VALUES (872, 'Record updated On students id 118', '118', 1, 'Update', '157.48.158.15', 'Windows 10', 'Chrome 115.0.0.0', '2023-08-12 17:25:11', NULL);
INSERT INTO `logs` (`id`, `message`, `record_id`, `user_id`, `action`, `ip_address`, `platform`, `agent`, `time`, `created_at`) VALUES (873, 'New Record inserted On students id 119', '119', 1, 'Insert', '157.48.158.15', 'Windows 10', 'Chrome 115.0.0.0', '2023-08-12 17:27:29', NULL);
INSERT INTO `logs` (`id`, `message`, `record_id`, `user_id`, `action`, `ip_address`, `platform`, `agent`, `time`, `created_at`) VALUES (874, 'New Record inserted On  student session id 122', '122', 1, 'Insert', '157.48.158.15', 'Windows 10', 'Chrome 115.0.0.0', '2023-08-12 17:27:29', NULL);
INSERT INTO `logs` (`id`, `message`, `record_id`, `user_id`, `action`, `ip_address`, `platform`, `agent`, `time`, `created_at`) VALUES (875, 'New Record inserted On users id 237', '237', 1, 'Insert', '157.48.158.15', 'Windows 10', 'Chrome 115.0.0.0', '2023-08-12 17:27:29', NULL);
INSERT INTO `logs` (`id`, `message`, `record_id`, `user_id`, `action`, `ip_address`, `platform`, `agent`, `time`, `created_at`) VALUES (876, 'New Record inserted On users id 238', '238', 1, 'Insert', '157.48.158.15', 'Windows 10', 'Chrome 115.0.0.0', '2023-08-12 17:27:29', NULL);
INSERT INTO `logs` (`id`, `message`, `record_id`, `user_id`, `action`, `ip_address`, `platform`, `agent`, `time`, `created_at`) VALUES (877, 'Record updated On students id 119', '119', 1, 'Update', '157.48.158.15', 'Windows 10', 'Chrome 115.0.0.0', '2023-08-12 17:27:29', NULL);
INSERT INTO `logs` (`id`, `message`, `record_id`, `user_id`, `action`, `ip_address`, `platform`, `agent`, `time`, `created_at`) VALUES (878, 'New Record inserted On students id 120', '120', 1, 'Insert', '157.48.158.15', 'Windows 10', 'Chrome 115.0.0.0', '2023-08-12 17:30:30', NULL);
INSERT INTO `logs` (`id`, `message`, `record_id`, `user_id`, `action`, `ip_address`, `platform`, `agent`, `time`, `created_at`) VALUES (879, 'New Record inserted On  student session id 123', '123', 1, 'Insert', '157.48.158.15', 'Windows 10', 'Chrome 115.0.0.0', '2023-08-12 17:30:30', NULL);
INSERT INTO `logs` (`id`, `message`, `record_id`, `user_id`, `action`, `ip_address`, `platform`, `agent`, `time`, `created_at`) VALUES (880, 'New Record inserted On users id 239', '239', 1, 'Insert', '157.48.158.15', 'Windows 10', 'Chrome 115.0.0.0', '2023-08-12 17:30:30', NULL);
INSERT INTO `logs` (`id`, `message`, `record_id`, `user_id`, `action`, `ip_address`, `platform`, `agent`, `time`, `created_at`) VALUES (881, 'New Record inserted On users id 240', '240', 1, 'Insert', '157.48.158.15', 'Windows 10', 'Chrome 115.0.0.0', '2023-08-12 17:30:30', NULL);
INSERT INTO `logs` (`id`, `message`, `record_id`, `user_id`, `action`, `ip_address`, `platform`, `agent`, `time`, `created_at`) VALUES (882, 'Record updated On students id 120', '120', 1, 'Update', '157.48.158.15', 'Windows 10', 'Chrome 115.0.0.0', '2023-08-12 17:30:30', NULL);
INSERT INTO `logs` (`id`, `message`, `record_id`, `user_id`, `action`, `ip_address`, `platform`, `agent`, `time`, `created_at`) VALUES (883, 'New Record inserted On students id 121', '121', 1, 'Insert', '157.48.158.15', 'Windows 10', 'Chrome 115.0.0.0', '2023-08-12 17:33:12', NULL);
INSERT INTO `logs` (`id`, `message`, `record_id`, `user_id`, `action`, `ip_address`, `platform`, `agent`, `time`, `created_at`) VALUES (884, 'New Record inserted On  student session id 124', '124', 1, 'Insert', '157.48.158.15', 'Windows 10', 'Chrome 115.0.0.0', '2023-08-12 17:33:12', NULL);
INSERT INTO `logs` (`id`, `message`, `record_id`, `user_id`, `action`, `ip_address`, `platform`, `agent`, `time`, `created_at`) VALUES (885, 'New Record inserted On users id 241', '241', 1, 'Insert', '157.48.158.15', 'Windows 10', 'Chrome 115.0.0.0', '2023-08-12 17:33:12', NULL);
INSERT INTO `logs` (`id`, `message`, `record_id`, `user_id`, `action`, `ip_address`, `platform`, `agent`, `time`, `created_at`) VALUES (886, 'New Record inserted On users id 242', '242', 1, 'Insert', '157.48.158.15', 'Windows 10', 'Chrome 115.0.0.0', '2023-08-12 17:33:12', NULL);
INSERT INTO `logs` (`id`, `message`, `record_id`, `user_id`, `action`, `ip_address`, `platform`, `agent`, `time`, `created_at`) VALUES (887, 'Record updated On students id 121', '121', 1, 'Update', '157.48.158.15', 'Windows 10', 'Chrome 115.0.0.0', '2023-08-12 17:33:12', NULL);
INSERT INTO `logs` (`id`, `message`, `record_id`, `user_id`, `action`, `ip_address`, `platform`, `agent`, `time`, `created_at`) VALUES (888, 'New Record inserted On students id 122', '122', 1, 'Insert', '157.48.158.15', 'Windows 10', 'Chrome 115.0.0.0', '2023-08-12 17:43:19', NULL);
INSERT INTO `logs` (`id`, `message`, `record_id`, `user_id`, `action`, `ip_address`, `platform`, `agent`, `time`, `created_at`) VALUES (889, 'New Record inserted On  student session id 125', '125', 1, 'Insert', '157.48.158.15', 'Windows 10', 'Chrome 115.0.0.0', '2023-08-12 17:43:19', NULL);
INSERT INTO `logs` (`id`, `message`, `record_id`, `user_id`, `action`, `ip_address`, `platform`, `agent`, `time`, `created_at`) VALUES (890, 'New Record inserted On users id 243', '243', 1, 'Insert', '157.48.158.15', 'Windows 10', 'Chrome 115.0.0.0', '2023-08-12 17:43:19', NULL);
INSERT INTO `logs` (`id`, `message`, `record_id`, `user_id`, `action`, `ip_address`, `platform`, `agent`, `time`, `created_at`) VALUES (891, 'New Record inserted On users id 244', '244', 1, 'Insert', '157.48.158.15', 'Windows 10', 'Chrome 115.0.0.0', '2023-08-12 17:43:19', NULL);
INSERT INTO `logs` (`id`, `message`, `record_id`, `user_id`, `action`, `ip_address`, `platform`, `agent`, `time`, `created_at`) VALUES (892, 'Record updated On students id 122', '122', 1, 'Update', '157.48.158.15', 'Windows 10', 'Chrome 115.0.0.0', '2023-08-12 17:43:19', NULL);
INSERT INTO `logs` (`id`, `message`, `record_id`, `user_id`, `action`, `ip_address`, `platform`, `agent`, `time`, `created_at`) VALUES (893, 'New Record inserted On students id 123', '123', 1, 'Insert', '157.48.158.15', 'Windows 10', 'Chrome 115.0.0.0', '2023-08-12 17:46:53', NULL);
INSERT INTO `logs` (`id`, `message`, `record_id`, `user_id`, `action`, `ip_address`, `platform`, `agent`, `time`, `created_at`) VALUES (894, 'New Record inserted On  student session id 126', '126', 1, 'Insert', '157.48.158.15', 'Windows 10', 'Chrome 115.0.0.0', '2023-08-12 17:46:53', NULL);
INSERT INTO `logs` (`id`, `message`, `record_id`, `user_id`, `action`, `ip_address`, `platform`, `agent`, `time`, `created_at`) VALUES (895, 'New Record inserted On users id 245', '245', 1, 'Insert', '157.48.158.15', 'Windows 10', 'Chrome 115.0.0.0', '2023-08-12 17:46:53', NULL);
INSERT INTO `logs` (`id`, `message`, `record_id`, `user_id`, `action`, `ip_address`, `platform`, `agent`, `time`, `created_at`) VALUES (896, 'New Record inserted On users id 246', '246', 1, 'Insert', '157.48.158.15', 'Windows 10', 'Chrome 115.0.0.0', '2023-08-12 17:46:53', NULL);
INSERT INTO `logs` (`id`, `message`, `record_id`, `user_id`, `action`, `ip_address`, `platform`, `agent`, `time`, `created_at`) VALUES (897, 'Record updated On students id 123', '123', 1, 'Update', '157.48.158.15', 'Windows 10', 'Chrome 115.0.0.0', '2023-08-12 17:46:53', NULL);
INSERT INTO `logs` (`id`, `message`, `record_id`, `user_id`, `action`, `ip_address`, `platform`, `agent`, `time`, `created_at`) VALUES (898, 'New Record inserted On students id 124', '124', 1, 'Insert', '157.48.158.15', 'Windows 10', 'Chrome 115.0.0.0', '2023-08-12 17:50:13', NULL);
INSERT INTO `logs` (`id`, `message`, `record_id`, `user_id`, `action`, `ip_address`, `platform`, `agent`, `time`, `created_at`) VALUES (899, 'New Record inserted On  student session id 127', '127', 1, 'Insert', '157.48.158.15', 'Windows 10', 'Chrome 115.0.0.0', '2023-08-12 17:50:13', NULL);
INSERT INTO `logs` (`id`, `message`, `record_id`, `user_id`, `action`, `ip_address`, `platform`, `agent`, `time`, `created_at`) VALUES (900, 'New Record inserted On users id 247', '247', 1, 'Insert', '157.48.158.15', 'Windows 10', 'Chrome 115.0.0.0', '2023-08-12 17:50:13', NULL);
INSERT INTO `logs` (`id`, `message`, `record_id`, `user_id`, `action`, `ip_address`, `platform`, `agent`, `time`, `created_at`) VALUES (901, 'New Record inserted On users id 248', '248', 1, 'Insert', '157.48.158.15', 'Windows 10', 'Chrome 115.0.0.0', '2023-08-12 17:50:13', NULL);
INSERT INTO `logs` (`id`, `message`, `record_id`, `user_id`, `action`, `ip_address`, `platform`, `agent`, `time`, `created_at`) VALUES (902, 'Record updated On students id 124', '124', 1, 'Update', '157.48.158.15', 'Windows 10', 'Chrome 115.0.0.0', '2023-08-12 17:50:13', NULL);
INSERT INTO `logs` (`id`, `message`, `record_id`, `user_id`, `action`, `ip_address`, `platform`, `agent`, `time`, `created_at`) VALUES (903, 'New Record inserted On students id 125', '125', 1, 'Insert', '157.48.158.15', 'Windows 10', 'Chrome 115.0.0.0', '2023-08-12 17:52:15', NULL);
INSERT INTO `logs` (`id`, `message`, `record_id`, `user_id`, `action`, `ip_address`, `platform`, `agent`, `time`, `created_at`) VALUES (904, 'New Record inserted On  student session id 128', '128', 1, 'Insert', '157.48.158.15', 'Windows 10', 'Chrome 115.0.0.0', '2023-08-12 17:52:15', NULL);
INSERT INTO `logs` (`id`, `message`, `record_id`, `user_id`, `action`, `ip_address`, `platform`, `agent`, `time`, `created_at`) VALUES (905, 'New Record inserted On users id 249', '249', 1, 'Insert', '157.48.158.15', 'Windows 10', 'Chrome 115.0.0.0', '2023-08-12 17:52:15', NULL);
INSERT INTO `logs` (`id`, `message`, `record_id`, `user_id`, `action`, `ip_address`, `platform`, `agent`, `time`, `created_at`) VALUES (906, 'New Record inserted On users id 250', '250', 1, 'Insert', '157.48.158.15', 'Windows 10', 'Chrome 115.0.0.0', '2023-08-12 17:52:15', NULL);
INSERT INTO `logs` (`id`, `message`, `record_id`, `user_id`, `action`, `ip_address`, `platform`, `agent`, `time`, `created_at`) VALUES (907, 'Record updated On students id 125', '125', 1, 'Update', '157.48.158.15', 'Windows 10', 'Chrome 115.0.0.0', '2023-08-12 17:52:15', NULL);
INSERT INTO `logs` (`id`, `message`, `record_id`, `user_id`, `action`, `ip_address`, `platform`, `agent`, `time`, `created_at`) VALUES (908, 'Record updated On settings id 1', '1', 1, 'Update', '157.48.198.197', 'Windows 10', 'Chrome 116.0.0.0', '2023-08-23 23:29:49', NULL);
INSERT INTO `logs` (`id`, `message`, `record_id`, `user_id`, `action`, `ip_address`, `platform`, `agent`, `time`, `created_at`) VALUES (909, 'Record updated On settings id 1', '1', 1, 'Update', '157.48.198.197', 'Windows 10', 'Chrome 116.0.0.0', '2023-08-23 23:30:03', NULL);
INSERT INTO `logs` (`id`, `message`, `record_id`, `user_id`, `action`, `ip_address`, `platform`, `agent`, `time`, `created_at`) VALUES (910, 'Record updated On settings id 1', '1', 1, 'Update', '157.48.198.197', 'Windows 10', 'Chrome 116.0.0.0', '2023-08-23 23:30:19', NULL);
INSERT INTO `logs` (`id`, `message`, `record_id`, `user_id`, `action`, `ip_address`, `platform`, `agent`, `time`, `created_at`) VALUES (911, 'Record updated On settings id 1', '1', 1, 'Update', '157.48.198.197', 'Windows 10', 'Chrome 116.0.0.0', '2023-08-23 23:30:29', NULL);
INSERT INTO `logs` (`id`, `message`, `record_id`, `user_id`, `action`, `ip_address`, `platform`, `agent`, `time`, `created_at`) VALUES (912, 'Record updated On settings id 1', '1', 1, 'Update', '157.48.198.197', 'Windows 10', 'Chrome 116.0.0.0', '2023-08-23 23:30:41', NULL);
INSERT INTO `logs` (`id`, `message`, `record_id`, `user_id`, `action`, `ip_address`, `platform`, `agent`, `time`, `created_at`) VALUES (913, 'New Record inserted On  visitors  id 1', '1', 1, 'Insert', '157.48.224.57', 'Windows 10', 'Chrome 116.0.0.0', '2023-08-24 07:05:03', NULL);
INSERT INTO `logs` (`id`, `message`, `record_id`, `user_id`, `action`, `ip_address`, `platform`, `agent`, `time`, `created_at`) VALUES (914, 'New Record inserted On  visitors  id 2', '2', 1, 'Insert', '157.48.224.57', 'Windows 10', 'Chrome 116.0.0.0', '2023-08-24 07:05:43', NULL);
INSERT INTO `logs` (`id`, `message`, `record_id`, `user_id`, `action`, `ip_address`, `platform`, `agent`, `time`, `created_at`) VALUES (915, 'New Record inserted On  visitors  id 3', '3', 1, 'Insert', '157.48.224.57', 'Windows 10', 'Chrome 116.0.0.0', '2023-08-24 07:06:22', NULL);
INSERT INTO `logs` (`id`, `message`, `record_id`, `user_id`, `action`, `ip_address`, `platform`, `agent`, `time`, `created_at`) VALUES (916, 'New Record inserted On  visitors  id 4', '4', 1, 'Insert', '157.48.224.57', 'Windows 10', 'Chrome 116.0.0.0', '2023-08-24 07:07:22', NULL);
INSERT INTO `logs` (`id`, `message`, `record_id`, `user_id`, `action`, `ip_address`, `platform`, `agent`, `time`, `created_at`) VALUES (917, 'New Record inserted On  visitors  id 5', '5', 1, 'Insert', '157.48.224.57', 'Windows 10', 'Chrome 116.0.0.0', '2023-08-24 07:07:58', NULL);
INSERT INTO `logs` (`id`, `message`, `record_id`, `user_id`, `action`, `ip_address`, `platform`, `agent`, `time`, `created_at`) VALUES (918, 'New Record inserted On disable reason id 1', '1', 1, 'Insert', '157.48.224.57', 'Windows 10', 'Chrome 116.0.0.0', '2023-08-24 07:09:00', NULL);
INSERT INTO `logs` (`id`, `message`, `record_id`, `user_id`, `action`, `ip_address`, `platform`, `agent`, `time`, `created_at`) VALUES (919, 'New Record inserted On disable reason id 2', '2', 1, 'Insert', '157.48.224.57', 'Windows 10', 'Chrome 116.0.0.0', '2023-08-24 07:09:10', NULL);
INSERT INTO `logs` (`id`, `message`, `record_id`, `user_id`, `action`, `ip_address`, `platform`, `agent`, `time`, `created_at`) VALUES (920, 'New Record inserted On  expense head id 1', '1', 1, 'Insert', '157.48.224.57', 'Windows 10', 'Chrome 116.0.0.0', '2023-08-24 07:10:42', NULL);
INSERT INTO `logs` (`id`, `message`, `record_id`, `user_id`, `action`, `ip_address`, `platform`, `agent`, `time`, `created_at`) VALUES (921, 'New Record inserted On  expense head id 2', '2', 1, 'Insert', '157.48.224.57', 'Windows 10', 'Chrome 116.0.0.0', '2023-08-24 07:10:48', NULL);
INSERT INTO `logs` (`id`, `message`, `record_id`, `user_id`, `action`, `ip_address`, `platform`, `agent`, `time`, `created_at`) VALUES (922, 'New Record inserted On  expense head id 3', '3', 1, 'Insert', '157.48.224.57', 'Windows 10', 'Chrome 116.0.0.0', '2023-08-24 07:10:56', NULL);
INSERT INTO `logs` (`id`, `message`, `record_id`, `user_id`, `action`, `ip_address`, `platform`, `agent`, `time`, `created_at`) VALUES (923, 'New Record inserted On  expense head id 4', '4', 1, 'Insert', '157.48.224.57', 'Windows 10', 'Chrome 116.0.0.0', '2023-08-24 07:11:03', NULL);
INSERT INTO `logs` (`id`, `message`, `record_id`, `user_id`, `action`, `ip_address`, `platform`, `agent`, `time`, `created_at`) VALUES (924, 'New Record inserted On  expense head id 5', '5', 1, 'Insert', '157.48.224.57', 'Windows 10', 'Chrome 116.0.0.0', '2023-08-24 07:11:12', NULL);
INSERT INTO `logs` (`id`, `message`, `record_id`, `user_id`, `action`, `ip_address`, `platform`, `agent`, `time`, `created_at`) VALUES (925, 'New Record inserted On  expenses   id 1', '1', 1, 'Insert', '157.48.253.209', 'Windows 10', 'Chrome 116.0.0.0', '2023-08-24 07:12:11', NULL);
INSERT INTO `logs` (`id`, `message`, `record_id`, `user_id`, `action`, `ip_address`, `platform`, `agent`, `time`, `created_at`) VALUES (926, 'New Record inserted On  expenses   id 2', '2', 1, 'Insert', '157.48.253.209', 'Windows 10', 'Chrome 116.0.0.0', '2023-08-24 07:12:41', NULL);
INSERT INTO `logs` (`id`, `message`, `record_id`, `user_id`, `action`, `ip_address`, `platform`, `agent`, `time`, `created_at`) VALUES (927, 'New Record inserted On  expenses   id 3', '3', 1, 'Insert', '157.48.253.209', 'Windows 10', 'Chrome 116.0.0.0', '2023-08-24 07:13:23', NULL);
INSERT INTO `logs` (`id`, `message`, `record_id`, `user_id`, `action`, `ip_address`, `platform`, `agent`, `time`, `created_at`) VALUES (928, 'New Record inserted On  expenses   id 4', '4', 1, 'Insert', '157.48.253.209', 'Windows 10', 'Chrome 116.0.0.0', '2023-08-24 07:13:56', NULL);
INSERT INTO `logs` (`id`, `message`, `record_id`, `user_id`, `action`, `ip_address`, `platform`, `agent`, `time`, `created_at`) VALUES (929, 'New Record inserted On  expenses   id 5', '5', 1, 'Insert', '157.48.253.209', 'Windows 10', 'Chrome 116.0.0.0', '2023-08-24 07:14:26', NULL);
INSERT INTO `logs` (`id`, `message`, `record_id`, `user_id`, `action`, `ip_address`, `platform`, `agent`, `time`, `created_at`) VALUES (930, 'New Record inserted On mark_divisions id 1', '1', 1, 'Update', '157.48.253.209', 'Windows 10', 'Chrome 116.0.0.0', '2023-08-24 07:15:06', NULL);
INSERT INTO `logs` (`id`, `message`, `record_id`, `user_id`, `action`, `ip_address`, `platform`, `agent`, `time`, `created_at`) VALUES (931, 'New Record inserted On mark_divisions id 2', '2', 1, 'Update', '157.48.253.209', 'Windows 10', 'Chrome 116.0.0.0', '2023-08-24 07:15:22', NULL);
INSERT INTO `logs` (`id`, `message`, `record_id`, `user_id`, `action`, `ip_address`, `platform`, `agent`, `time`, `created_at`) VALUES (932, 'New Record inserted On mark_divisions id 3', '3', 1, 'Update', '157.48.253.209', 'Windows 10', 'Chrome 116.0.0.0', '2023-08-24 07:15:38', NULL);
INSERT INTO `logs` (`id`, `message`, `record_id`, `user_id`, `action`, `ip_address`, `platform`, `agent`, `time`, `created_at`) VALUES (933, 'New Record inserted On grades id 1', '1', 1, 'Update', '157.48.238.206', 'Windows 10', 'Chrome 116.0.0.0', '2023-08-24 07:16:38', NULL);
INSERT INTO `logs` (`id`, `message`, `record_id`, `user_id`, `action`, `ip_address`, `platform`, `agent`, `time`, `created_at`) VALUES (934, 'New Record inserted On grades id 2', '2', 1, 'Update', '157.48.238.206', 'Windows 10', 'Chrome 116.0.0.0', '2023-08-24 07:17:00', NULL);
INSERT INTO `logs` (`id`, `message`, `record_id`, `user_id`, `action`, `ip_address`, `platform`, `agent`, `time`, `created_at`) VALUES (935, 'New Record inserted On grades id 3', '3', 1, 'Update', '157.48.238.206', 'Windows 10', 'Chrome 116.0.0.0', '2023-08-24 07:17:34', NULL);
INSERT INTO `logs` (`id`, `message`, `record_id`, `user_id`, `action`, `ip_address`, `platform`, `agent`, `time`, `created_at`) VALUES (936, 'New Record inserted On grades id 4', '4', 1, 'Update', '157.48.231.114', 'Windows 10', 'Chrome 116.0.0.0', '2023-08-24 07:18:08', NULL);
INSERT INTO `logs` (`id`, `message`, `record_id`, `user_id`, `action`, `ip_address`, `platform`, `agent`, `time`, `created_at`) VALUES (937, 'New Record inserted On grades id 5', '5', 1, 'Update', '157.48.231.114', 'Windows 10', 'Chrome 116.0.0.0', '2023-08-24 07:18:34', NULL);
INSERT INTO `logs` (`id`, `message`, `record_id`, `user_id`, `action`, `ip_address`, `platform`, `agent`, `time`, `created_at`) VALUES (938, 'New Record inserted On grades id 6', '6', 1, 'Update', '157.48.244.41', 'Windows 10', 'Chrome 116.0.0.0', '2023-08-24 07:20:30', NULL);
INSERT INTO `logs` (`id`, `message`, `record_id`, `user_id`, `action`, `ip_address`, `platform`, `agent`, `time`, `created_at`) VALUES (939, 'New Record inserted On grades id 7', '7', 1, 'Update', '157.48.244.41', 'Windows 10', 'Chrome 116.0.0.0', '2023-08-24 07:20:56', NULL);
INSERT INTO `logs` (`id`, `message`, `record_id`, `user_id`, `action`, `ip_address`, `platform`, `agent`, `time`, `created_at`) VALUES (940, 'New Record inserted On grades id 8', '8', 1, 'Update', '157.48.244.41', 'Windows 10', 'Chrome 116.0.0.0', '2023-08-24 07:21:20', NULL);
INSERT INTO `logs` (`id`, `message`, `record_id`, `user_id`, `action`, `ip_address`, `platform`, `agent`, `time`, `created_at`) VALUES (941, 'New Record inserted On grades id 9', '9', 1, 'Update', '157.48.244.41', 'Windows 10', 'Chrome 116.0.0.0', '2023-08-24 07:21:52', NULL);
INSERT INTO `logs` (`id`, `message`, `record_id`, `user_id`, `action`, `ip_address`, `platform`, `agent`, `time`, `created_at`) VALUES (942, 'New Record inserted On grades id 10', '10', 1, 'Update', '157.48.247.152', 'Windows 10', 'Chrome 116.0.0.0', '2023-08-24 07:22:49', NULL);
INSERT INTO `logs` (`id`, `message`, `record_id`, `user_id`, `action`, `ip_address`, `platform`, `agent`, `time`, `created_at`) VALUES (943, 'New Record inserted On grades id 11', '11', 1, 'Update', '157.48.247.152', 'Windows 10', 'Chrome 116.0.0.0', '2023-08-24 07:23:18', NULL);
INSERT INTO `logs` (`id`, `message`, `record_id`, `user_id`, `action`, `ip_address`, `platform`, `agent`, `time`, `created_at`) VALUES (944, 'New Record inserted On grades id 12', '12', 1, 'Update', '157.48.247.152', 'Windows 10', 'Chrome 116.0.0.0', '2023-08-24 07:23:48', NULL);
INSERT INTO `logs` (`id`, `message`, `record_id`, `user_id`, `action`, `ip_address`, `platform`, `agent`, `time`, `created_at`) VALUES (945, 'New Record inserted On grades id 13', '13', 1, 'Update', '157.48.247.152', 'Windows 10', 'Chrome 116.0.0.0', '2023-08-24 07:24:19', NULL);
INSERT INTO `logs` (`id`, `message`, `record_id`, `user_id`, `action`, `ip_address`, `platform`, `agent`, `time`, `created_at`) VALUES (946, 'New Record inserted On grades id 14', '14', 1, 'Update', '157.48.247.152', 'Windows 10', 'Chrome 116.0.0.0', '2023-08-24 07:24:51', NULL);
INSERT INTO `logs` (`id`, `message`, `record_id`, `user_id`, `action`, `ip_address`, `platform`, `agent`, `time`, `created_at`) VALUES (947, 'New Record inserted On grades id 15', '15', 1, 'Update', '157.48.247.152', 'Windows 10', 'Chrome 116.0.0.0', '2023-08-24 07:25:21', NULL);
INSERT INTO `logs` (`id`, `message`, `record_id`, `user_id`, `action`, `ip_address`, `platform`, `agent`, `time`, `created_at`) VALUES (948, 'New Record inserted On grades id 16', '16', 1, 'Update', '157.48.247.152', 'Windows 10', 'Chrome 116.0.0.0', '2023-08-24 07:25:49', NULL);
INSERT INTO `logs` (`id`, `message`, `record_id`, `user_id`, `action`, `ip_address`, `platform`, `agent`, `time`, `created_at`) VALUES (949, 'New Record inserted On grades id 17', '17', 1, 'Update', '157.48.247.152', 'Windows 10', 'Chrome 116.0.0.0', '2023-08-24 07:26:24', NULL);
INSERT INTO `logs` (`id`, `message`, `record_id`, `user_id`, `action`, `ip_address`, `platform`, `agent`, `time`, `created_at`) VALUES (950, 'New Record inserted On exam groups id 1', '1', 1, 'Insert', '157.48.247.152', 'Windows 10', 'Chrome 116.0.0.0', '2023-08-24 07:28:43', NULL);
INSERT INTO `logs` (`id`, `message`, `record_id`, `user_id`, `action`, `ip_address`, `platform`, `agent`, `time`, `created_at`) VALUES (951, 'New Record inserted On exam groups id 2', '2', 1, 'Insert', '157.48.247.152', 'Windows 10', 'Chrome 116.0.0.0', '2023-08-24 07:29:29', NULL);
INSERT INTO `logs` (`id`, `message`, `record_id`, `user_id`, `action`, `ip_address`, `platform`, `agent`, `time`, `created_at`) VALUES (952, 'New Record inserted On exam groups id 3', '3', 1, 'Insert', '157.48.247.152', 'Windows 10', 'Chrome 116.0.0.0', '2023-08-24 07:29:46', NULL);
INSERT INTO `logs` (`id`, `message`, `record_id`, `user_id`, `action`, `ip_address`, `platform`, `agent`, `time`, `created_at`) VALUES (953, 'New Record inserted On exam groups id 4', '4', 1, 'Insert', '157.48.247.152', 'Windows 10', 'Chrome 116.0.0.0', '2023-08-24 07:30:12', NULL);
INSERT INTO `logs` (`id`, `message`, `record_id`, `user_id`, `action`, `ip_address`, `platform`, `agent`, `time`, `created_at`) VALUES (954, 'New Record inserted On exam groups id 5', '5', 1, 'Insert', '157.48.247.152', 'Windows 10', 'Chrome 116.0.0.0', '2023-08-24 07:30:29', NULL);
INSERT INTO `logs` (`id`, `message`, `record_id`, `user_id`, `action`, `ip_address`, `platform`, `agent`, `time`, `created_at`) VALUES (955, 'New Record inserted On  online exam id 1', '1', 1, 'Insert', '157.48.227.34', 'Windows 10', 'Chrome 116.0.0.0', '2023-08-24 07:35:49', NULL);
INSERT INTO `logs` (`id`, `message`, `record_id`, `user_id`, `action`, `ip_address`, `platform`, `agent`, `time`, `created_at`) VALUES (956, 'New Record inserted On  online exam id 2', '2', 1, 'Insert', '157.48.227.34', 'Windows 10', 'Chrome 116.0.0.0', '2023-08-24 07:37:17', NULL);
INSERT INTO `logs` (`id`, `message`, `record_id`, `user_id`, `action`, `ip_address`, `platform`, `agent`, `time`, `created_at`) VALUES (957, 'New Record inserted On  questions id 1', '1', 1, 'Insert', '157.48.226.15', 'Windows 10', 'Chrome 116.0.0.0', '2023-08-24 07:40:21', NULL);
INSERT INTO `logs` (`id`, `message`, `record_id`, `user_id`, `action`, `ip_address`, `platform`, `agent`, `time`, `created_at`) VALUES (958, 'New Record inserted On  questions id 2', '2', 1, 'Insert', '157.48.241.80', 'Windows 10', 'Chrome 116.0.0.0', '2023-08-24 07:41:09', NULL);
INSERT INTO `logs` (`id`, `message`, `record_id`, `user_id`, `action`, `ip_address`, `platform`, `agent`, `time`, `created_at`) VALUES (959, 'New Record inserted On  questions id 3', '3', 1, 'Insert', '157.48.227.182', 'Windows 10', 'Chrome 116.0.0.0', '2023-08-24 07:42:34', NULL);
INSERT INTO `logs` (`id`, `message`, `record_id`, `user_id`, `action`, `ip_address`, `platform`, `agent`, `time`, `created_at`) VALUES (960, 'New Record inserted On class teacher id 1', '1', 1, 'Insert', '157.48.245.12', 'Windows 10', 'Chrome 116.0.0.0', '2023-08-24 07:47:19', NULL);
INSERT INTO `logs` (`id`, `message`, `record_id`, `user_id`, `action`, `ip_address`, `platform`, `agent`, `time`, `created_at`) VALUES (961, 'New Record inserted On class teacher id 2', '2', 1, 'Insert', '157.48.245.12', 'Windows 10', 'Chrome 116.0.0.0', '2023-08-24 07:47:19', NULL);
INSERT INTO `logs` (`id`, `message`, `record_id`, `user_id`, `action`, `ip_address`, `platform`, `agent`, `time`, `created_at`) VALUES (962, 'New Record inserted On class teacher id 3', '3', 1, 'Insert', '157.48.245.12', 'Windows 10', 'Chrome 116.0.0.0', '2023-08-24 07:47:33', NULL);
INSERT INTO `logs` (`id`, `message`, `record_id`, `user_id`, `action`, `ip_address`, `platform`, `agent`, `time`, `created_at`) VALUES (963, 'New Record inserted On class teacher id 4', '4', 1, 'Insert', '157.48.245.12', 'Windows 10', 'Chrome 116.0.0.0', '2023-08-24 07:47:33', NULL);
INSERT INTO `logs` (`id`, `message`, `record_id`, `user_id`, `action`, `ip_address`, `platform`, `agent`, `time`, `created_at`) VALUES (964, 'New Record inserted On class teacher id 5', '5', 1, 'Insert', '157.48.245.12', 'Windows 10', 'Chrome 116.0.0.0', '2023-08-24 07:47:43', NULL);
INSERT INTO `logs` (`id`, `message`, `record_id`, `user_id`, `action`, `ip_address`, `platform`, `agent`, `time`, `created_at`) VALUES (965, 'New Record inserted On class teacher id 6', '6', 1, 'Insert', '157.48.245.12', 'Windows 10', 'Chrome 116.0.0.0', '2023-08-24 07:47:43', NULL);
INSERT INTO `logs` (`id`, `message`, `record_id`, `user_id`, `action`, `ip_address`, `platform`, `agent`, `time`, `created_at`) VALUES (966, 'New Record inserted On class teacher id 7', '7', 1, 'Insert', '157.48.245.12', 'Windows 10', 'Chrome 116.0.0.0', '2023-08-24 07:47:59', NULL);
INSERT INTO `logs` (`id`, `message`, `record_id`, `user_id`, `action`, `ip_address`, `platform`, `agent`, `time`, `created_at`) VALUES (967, 'New Record inserted On class teacher id 8', '8', 1, 'Insert', '157.48.245.12', 'Windows 10', 'Chrome 116.0.0.0', '2023-08-24 07:48:07', NULL);
INSERT INTO `logs` (`id`, `message`, `record_id`, `user_id`, `action`, `ip_address`, `platform`, `agent`, `time`, `created_at`) VALUES (968, 'New Record inserted On topic id 1', '1', 1, 'Insert', '157.48.245.12', 'Windows 10', 'Chrome 116.0.0.0', '2023-08-24 07:50:24', NULL);
INSERT INTO `logs` (`id`, `message`, `record_id`, `user_id`, `action`, `ip_address`, `platform`, `agent`, `time`, `created_at`) VALUES (969, 'New Record inserted On topic id 2', '2', 1, 'Insert', '157.48.245.12', 'Windows 10', 'Chrome 116.0.0.0', '2023-08-24 07:50:24', NULL);
INSERT INTO `logs` (`id`, `message`, `record_id`, `user_id`, `action`, `ip_address`, `platform`, `agent`, `time`, `created_at`) VALUES (970, 'New Record inserted On topic id 3', '3', 1, 'Insert', '157.48.245.12', 'Windows 10', 'Chrome 116.0.0.0', '2023-08-24 07:51:29', NULL);
INSERT INTO `logs` (`id`, `message`, `record_id`, `user_id`, `action`, `ip_address`, `platform`, `agent`, `time`, `created_at`) VALUES (971, 'New Record inserted On topic id 4', '4', 1, 'Insert', '157.48.245.12', 'Windows 10', 'Chrome 116.0.0.0', '2023-08-24 07:51:29', NULL);
INSERT INTO `logs` (`id`, `message`, `record_id`, `user_id`, `action`, `ip_address`, `platform`, `agent`, `time`, `created_at`) VALUES (972, 'New Record inserted On lesson id 8', '8', 1, 'Insert', '157.48.245.12', 'Windows 10', 'Chrome 116.0.0.0', '2023-08-24 07:53:24', NULL);
INSERT INTO `logs` (`id`, `message`, `record_id`, `user_id`, `action`, `ip_address`, `platform`, `agent`, `time`, `created_at`) VALUES (973, 'New Record inserted On lesson id 9', '9', 1, 'Insert', '157.48.245.12', 'Windows 10', 'Chrome 116.0.0.0', '2023-08-24 07:53:24', NULL);
INSERT INTO `logs` (`id`, `message`, `record_id`, `user_id`, `action`, `ip_address`, `platform`, `agent`, `time`, `created_at`) VALUES (974, 'New Record inserted On lesson id 10', '10', 1, 'Insert', '157.48.245.12', 'Windows 10', 'Chrome 116.0.0.0', '2023-08-24 07:53:24', NULL);
INSERT INTO `logs` (`id`, `message`, `record_id`, `user_id`, `action`, `ip_address`, `platform`, `agent`, `time`, `created_at`) VALUES (975, 'New Record inserted On lesson id 11', '11', 1, 'Insert', '157.48.245.12', 'Windows 10', 'Chrome 116.0.0.0', '2023-08-24 07:53:24', NULL);
INSERT INTO `logs` (`id`, `message`, `record_id`, `user_id`, `action`, `ip_address`, `platform`, `agent`, `time`, `created_at`) VALUES (976, 'New Record inserted On lesson id 12', '12', 1, 'Insert', '157.48.245.12', 'Windows 10', 'Chrome 116.0.0.0', '2023-08-24 07:54:12', NULL);
INSERT INTO `logs` (`id`, `message`, `record_id`, `user_id`, `action`, `ip_address`, `platform`, `agent`, `time`, `created_at`) VALUES (977, 'New Record inserted On lesson id 13', '13', 1, 'Insert', '157.48.245.12', 'Windows 10', 'Chrome 116.0.0.0', '2023-08-24 07:54:12', NULL);
INSERT INTO `logs` (`id`, `message`, `record_id`, `user_id`, `action`, `ip_address`, `platform`, `agent`, `time`, `created_at`) VALUES (978, 'New Record inserted On lesson id 14', '14', 1, 'Insert', '157.48.245.12', 'Windows 10', 'Chrome 116.0.0.0', '2023-08-24 07:54:12', NULL);
INSERT INTO `logs` (`id`, `message`, `record_id`, `user_id`, `action`, `ip_address`, `platform`, `agent`, `time`, `created_at`) VALUES (979, 'New Record inserted On lesson id 15', '15', 1, 'Insert', '157.48.245.12', 'Windows 10', 'Chrome 116.0.0.0', '2023-08-24 07:54:12', NULL);
INSERT INTO `logs` (`id`, `message`, `record_id`, `user_id`, `action`, `ip_address`, `platform`, `agent`, `time`, `created_at`) VALUES (980, 'New Record inserted On lesson id 16', '16', 1, 'Insert', '157.48.247.152', 'Windows 10', 'Chrome 116.0.0.0', '2023-08-24 07:55:31', NULL);
INSERT INTO `logs` (`id`, `message`, `record_id`, `user_id`, `action`, `ip_address`, `platform`, `agent`, `time`, `created_at`) VALUES (981, 'New Record inserted On lesson id 17', '17', 1, 'Insert', '157.48.247.152', 'Windows 10', 'Chrome 116.0.0.0', '2023-08-24 07:55:31', NULL);
INSERT INTO `logs` (`id`, `message`, `record_id`, `user_id`, `action`, `ip_address`, `platform`, `agent`, `time`, `created_at`) VALUES (982, 'New Record inserted On lesson id 18', '18', 1, 'Insert', '157.48.247.152', 'Windows 10', 'Chrome 116.0.0.0', '2023-08-24 07:55:31', NULL);
INSERT INTO `logs` (`id`, `message`, `record_id`, `user_id`, `action`, `ip_address`, `platform`, `agent`, `time`, `created_at`) VALUES (983, 'New Record inserted On lesson id 19', '19', 1, 'Insert', '157.48.247.152', 'Windows 10', 'Chrome 116.0.0.0', '2023-08-24 07:56:05', NULL);
INSERT INTO `logs` (`id`, `message`, `record_id`, `user_id`, `action`, `ip_address`, `platform`, `agent`, `time`, `created_at`) VALUES (984, 'New Record inserted On lesson id 20', '20', 1, 'Insert', '157.48.247.152', 'Windows 10', 'Chrome 116.0.0.0', '2023-08-24 07:56:54', NULL);
INSERT INTO `logs` (`id`, `message`, `record_id`, `user_id`, `action`, `ip_address`, `platform`, `agent`, `time`, `created_at`) VALUES (985, 'New Record inserted On lesson id 21', '21', 1, 'Insert', '157.48.247.152', 'Windows 10', 'Chrome 116.0.0.0', '2023-08-24 07:56:54', NULL);
INSERT INTO `logs` (`id`, `message`, `record_id`, `user_id`, `action`, `ip_address`, `platform`, `agent`, `time`, `created_at`) VALUES (986, 'New Record inserted On lesson id 22', '22', 1, 'Insert', '157.48.247.152', 'Windows 10', 'Chrome 116.0.0.0', '2023-08-24 07:56:54', NULL);
INSERT INTO `logs` (`id`, `message`, `record_id`, `user_id`, `action`, `ip_address`, `platform`, `agent`, `time`, `created_at`) VALUES (987, 'New Record inserted On topic id 5', '5', 1, 'Insert', '157.48.247.152', 'Windows 10', 'Chrome 116.0.0.0', '2023-08-24 07:58:05', NULL);
INSERT INTO `logs` (`id`, `message`, `record_id`, `user_id`, `action`, `ip_address`, `platform`, `agent`, `time`, `created_at`) VALUES (988, 'New Record inserted On sms template id 1', '1', 1, 'Insert', '157.48.239.101', 'Windows 10', 'Chrome 116.0.0.0', '2023-08-24 08:05:26', NULL);
INSERT INTO `logs` (`id`, `message`, `record_id`, `user_id`, `action`, `ip_address`, `platform`, `agent`, `time`, `created_at`) VALUES (989, 'New Record inserted On sms template id 2', '2', 1, 'Insert', '157.48.239.101', 'Windows 10', 'Chrome 116.0.0.0', '2023-08-24 08:05:41', NULL);
INSERT INTO `logs` (`id`, `message`, `record_id`, `user_id`, `action`, `ip_address`, `platform`, `agent`, `time`, `created_at`) VALUES (990, 'New Record inserted On sms template id 3', '3', 1, 'Insert', '157.48.239.101', 'Windows 10', 'Chrome 116.0.0.0', '2023-08-24 08:06:07', NULL);
INSERT INTO `logs` (`id`, `message`, `record_id`, `user_id`, `action`, `ip_address`, `platform`, `agent`, `time`, `created_at`) VALUES (991, 'New Record inserted On sms template id 4', '4', 1, 'Insert', '157.48.239.101', 'Windows 10', 'Chrome 116.0.0.0', '2023-08-24 08:06:21', NULL);
INSERT INTO `logs` (`id`, `message`, `record_id`, `user_id`, `action`, `ip_address`, `platform`, `agent`, `time`, `created_at`) VALUES (992, 'New Record inserted On sms template id 5', '5', 1, 'Insert', '157.48.239.101', 'Windows 10', 'Chrome 116.0.0.0', '2023-08-24 08:06:42', NULL);
INSERT INTO `logs` (`id`, `message`, `record_id`, `user_id`, `action`, `ip_address`, `platform`, `agent`, `time`, `created_at`) VALUES (993, 'New Record inserted On email template id 1', '1', 1, 'Insert', '157.48.239.101', 'Windows 10', 'Chrome 116.0.0.0', '2023-08-24 08:07:29', NULL);
INSERT INTO `logs` (`id`, `message`, `record_id`, `user_id`, `action`, `ip_address`, `platform`, `agent`, `time`, `created_at`) VALUES (994, 'New Record inserted On email template id 2', '2', 1, 'Insert', '157.48.239.101', 'Windows 10', 'Chrome 116.0.0.0', '2023-08-24 08:07:46', NULL);
INSERT INTO `logs` (`id`, `message`, `record_id`, `user_id`, `action`, `ip_address`, `platform`, `agent`, `time`, `created_at`) VALUES (995, 'New Record inserted On email template id 3', '3', 1, 'Insert', '157.48.239.101', 'Windows 10', 'Chrome 116.0.0.0', '2023-08-24 08:08:01', NULL);
INSERT INTO `logs` (`id`, `message`, `record_id`, `user_id`, `action`, `ip_address`, `platform`, `agent`, `time`, `created_at`) VALUES (996, 'New Record inserted On email template id 4', '4', 1, 'Insert', '157.48.239.101', 'Windows 10', 'Chrome 116.0.0.0', '2023-08-24 08:08:18', NULL);
INSERT INTO `logs` (`id`, `message`, `record_id`, `user_id`, `action`, `ip_address`, `platform`, `agent`, `time`, `created_at`) VALUES (997, 'New Record inserted On email template id 5', '5', 1, 'Insert', '157.48.239.101', 'Windows 10', 'Chrome 116.0.0.0', '2023-08-24 08:08:34', NULL);
INSERT INTO `logs` (`id`, `message`, `record_id`, `user_id`, `action`, `ip_address`, `platform`, `agent`, `time`, `created_at`) VALUES (998, 'New Record inserted On email template id 6', '6', 1, 'Insert', '157.48.239.101', 'Windows 10', 'Chrome 116.0.0.0', '2023-08-24 08:08:53', NULL);
INSERT INTO `logs` (`id`, `message`, `record_id`, `user_id`, `action`, `ip_address`, `platform`, `agent`, `time`, `created_at`) VALUES (999, 'New Record inserted On send notification id 1', '1', 1, 'Insert', '157.48.239.101', 'Windows 10', 'Chrome 116.0.0.0', '2023-08-24 08:11:18', NULL);
INSERT INTO `logs` (`id`, `message`, `record_id`, `user_id`, `action`, `ip_address`, `platform`, `agent`, `time`, `created_at`) VALUES (1000, 'New Record inserted On send notification id 2', '2', 1, 'Insert', '157.48.239.101', 'Windows 10', 'Chrome 116.0.0.0', '2023-08-24 08:12:15', NULL);
INSERT INTO `logs` (`id`, `message`, `record_id`, `user_id`, `action`, `ip_address`, `platform`, `agent`, `time`, `created_at`) VALUES (1001, 'New Record inserted On send notification id 3', '3', 1, 'Insert', '157.48.239.101', 'Windows 10', 'Chrome 116.0.0.0', '2023-08-24 08:13:09', NULL);
INSERT INTO `logs` (`id`, `message`, `record_id`, `user_id`, `action`, `ip_address`, `platform`, `agent`, `time`, `created_at`) VALUES (1002, 'New Record inserted On video tutorial id 1', '1', 1, 'Insert', '157.48.247.152', 'Windows 10', 'Chrome 116.0.0.0', '2023-08-24 08:15:55', NULL);
INSERT INTO `logs` (`id`, `message`, `record_id`, `user_id`, `action`, `ip_address`, `platform`, `agent`, `time`, `created_at`) VALUES (1003, 'New Record inserted On Video Tutorial class sections id 1', '1', 1, 'Insert', '157.48.247.152', 'Windows 10', 'Chrome 116.0.0.0', '2023-08-24 08:15:56', NULL);
INSERT INTO `logs` (`id`, `message`, `record_id`, `user_id`, `action`, `ip_address`, `platform`, `agent`, `time`, `created_at`) VALUES (1004, 'New Record inserted On Video Tutorial class sections id 2', '2', 1, 'Insert', '157.48.247.152', 'Windows 10', 'Chrome 116.0.0.0', '2023-08-24 08:15:56', NULL);
INSERT INTO `logs` (`id`, `message`, `record_id`, `user_id`, `action`, `ip_address`, `platform`, `agent`, `time`, `created_at`) VALUES (1005, 'New Record inserted On Video Tutorial class sections id 3', '3', 1, 'Insert', '157.48.247.152', 'Windows 10', 'Chrome 116.0.0.0', '2023-08-24 08:15:56', NULL);
INSERT INTO `logs` (`id`, `message`, `record_id`, `user_id`, `action`, `ip_address`, `platform`, `agent`, `time`, `created_at`) VALUES (1006, 'New Record inserted On Video Tutorial class sections id 4', '4', 1, 'Insert', '157.48.247.152', 'Windows 10', 'Chrome 116.0.0.0', '2023-08-24 08:15:56', NULL);
INSERT INTO `logs` (`id`, `message`, `record_id`, `user_id`, `action`, `ip_address`, `platform`, `agent`, `time`, `created_at`) VALUES (1007, 'New Record inserted On video tutorial id 2', '2', 1, 'Insert', '157.48.247.152', 'Windows 10', 'Chrome 116.0.0.0', '2023-08-24 08:16:51', NULL);
INSERT INTO `logs` (`id`, `message`, `record_id`, `user_id`, `action`, `ip_address`, `platform`, `agent`, `time`, `created_at`) VALUES (1008, 'New Record inserted On Video Tutorial class sections id 5', '5', 1, 'Insert', '157.48.247.152', 'Windows 10', 'Chrome 116.0.0.0', '2023-08-24 08:16:51', NULL);
INSERT INTO `logs` (`id`, `message`, `record_id`, `user_id`, `action`, `ip_address`, `platform`, `agent`, `time`, `created_at`) VALUES (1009, 'New Record inserted On Video Tutorial class sections id 6', '6', 1, 'Insert', '157.48.247.152', 'Windows 10', 'Chrome 116.0.0.0', '2023-08-24 08:16:51', NULL);
INSERT INTO `logs` (`id`, `message`, `record_id`, `user_id`, `action`, `ip_address`, `platform`, `agent`, `time`, `created_at`) VALUES (1010, 'New Record inserted On video tutorial id 3', '3', 1, 'Insert', '157.48.247.152', 'Windows 10', 'Chrome 116.0.0.0', '2023-08-24 08:17:24', NULL);
INSERT INTO `logs` (`id`, `message`, `record_id`, `user_id`, `action`, `ip_address`, `platform`, `agent`, `time`, `created_at`) VALUES (1011, 'New Record inserted On Video Tutorial class sections id 7', '7', 1, 'Insert', '157.48.247.152', 'Windows 10', 'Chrome 116.0.0.0', '2023-08-24 08:17:24', NULL);
INSERT INTO `logs` (`id`, `message`, `record_id`, `user_id`, `action`, `ip_address`, `platform`, `agent`, `time`, `created_at`) VALUES (1012, 'New Record inserted On Video Tutorial class sections id 8', '8', 1, 'Insert', '157.48.247.152', 'Windows 10', 'Chrome 116.0.0.0', '2023-08-24 08:17:24', NULL);
INSERT INTO `logs` (`id`, `message`, `record_id`, `user_id`, `action`, `ip_address`, `platform`, `agent`, `time`, `created_at`) VALUES (1013, 'New Record inserted On Video Tutorial class sections id 9', '9', 1, 'Insert', '157.48.247.152', 'Windows 10', 'Chrome 116.0.0.0', '2023-08-24 08:17:24', NULL);
INSERT INTO `logs` (`id`, `message`, `record_id`, `user_id`, `action`, `ip_address`, `platform`, `agent`, `time`, `created_at`) VALUES (1014, 'New Record inserted On video tutorial id 4', '4', 1, 'Insert', '157.48.247.152', 'Windows 10', 'Chrome 116.0.0.0', '2023-08-24 08:18:08', NULL);
INSERT INTO `logs` (`id`, `message`, `record_id`, `user_id`, `action`, `ip_address`, `platform`, `agent`, `time`, `created_at`) VALUES (1015, 'New Record inserted On Video Tutorial class sections id 10', '10', 1, 'Insert', '157.48.247.152', 'Windows 10', 'Chrome 116.0.0.0', '2023-08-24 08:18:08', NULL);
INSERT INTO `logs` (`id`, `message`, `record_id`, `user_id`, `action`, `ip_address`, `platform`, `agent`, `time`, `created_at`) VALUES (1016, 'New Record inserted On Video Tutorial class sections id 11', '11', 1, 'Insert', '157.48.247.152', 'Windows 10', 'Chrome 116.0.0.0', '2023-08-24 08:18:08', NULL);
INSERT INTO `logs` (`id`, `message`, `record_id`, `user_id`, `action`, `ip_address`, `platform`, `agent`, `time`, `created_at`) VALUES (1017, 'New Record inserted On Video Tutorial class sections id 12', '12', 1, 'Insert', '157.48.247.152', 'Windows 10', 'Chrome 116.0.0.0', '2023-08-24 08:18:08', NULL);
INSERT INTO `logs` (`id`, `message`, `record_id`, `user_id`, `action`, `ip_address`, `platform`, `agent`, `time`, `created_at`) VALUES (1018, 'New Record inserted On Video Tutorial class sections id 13', '13', 1, 'Insert', '157.48.247.152', 'Windows 10', 'Chrome 116.0.0.0', '2023-08-24 08:18:08', NULL);
INSERT INTO `logs` (`id`, `message`, `record_id`, `user_id`, `action`, `ip_address`, `platform`, `agent`, `time`, `created_at`) VALUES (1019, 'New Record inserted On video tutorial id 5', '5', 1, 'Insert', '157.48.247.152', 'Windows 10', 'Chrome 116.0.0.0', '2023-08-24 08:18:52', NULL);
INSERT INTO `logs` (`id`, `message`, `record_id`, `user_id`, `action`, `ip_address`, `platform`, `agent`, `time`, `created_at`) VALUES (1020, 'New Record inserted On Video Tutorial class sections id 14', '14', 1, 'Insert', '157.48.247.152', 'Windows 10', 'Chrome 116.0.0.0', '2023-08-24 08:18:52', NULL);
INSERT INTO `logs` (`id`, `message`, `record_id`, `user_id`, `action`, `ip_address`, `platform`, `agent`, `time`, `created_at`) VALUES (1021, 'New Record inserted On video tutorial id 6', '6', 1, 'Insert', '157.48.247.152', 'Windows 10', 'Chrome 116.0.0.0', '2023-08-24 08:19:39', NULL);
INSERT INTO `logs` (`id`, `message`, `record_id`, `user_id`, `action`, `ip_address`, `platform`, `agent`, `time`, `created_at`) VALUES (1022, 'New Record inserted On Video Tutorial class sections id 15', '15', 1, 'Insert', '157.48.247.152', 'Windows 10', 'Chrome 116.0.0.0', '2023-08-24 08:19:39', NULL);
INSERT INTO `logs` (`id`, `message`, `record_id`, `user_id`, `action`, `ip_address`, `platform`, `agent`, `time`, `created_at`) VALUES (1023, 'New Record inserted On Video Tutorial class sections id 16', '16', 1, 'Insert', '157.48.247.152', 'Windows 10', 'Chrome 116.0.0.0', '2023-08-24 08:19:39', NULL);
INSERT INTO `logs` (`id`, `message`, `record_id`, `user_id`, `action`, `ip_address`, `platform`, `agent`, `time`, `created_at`) VALUES (1024, 'New Record inserted On Video Tutorial class sections id 17', '17', 1, 'Insert', '157.48.247.152', 'Windows 10', 'Chrome 116.0.0.0', '2023-08-24 08:19:39', NULL);
INSERT INTO `logs` (`id`, `message`, `record_id`, `user_id`, `action`, `ip_address`, `platform`, `agent`, `time`, `created_at`) VALUES (1025, 'New Record inserted On video tutorial id 7', '7', 1, 'Insert', '157.48.247.152', 'Windows 10', 'Chrome 116.0.0.0', '2023-08-24 08:20:42', NULL);
INSERT INTO `logs` (`id`, `message`, `record_id`, `user_id`, `action`, `ip_address`, `platform`, `agent`, `time`, `created_at`) VALUES (1026, 'New Record inserted On Video Tutorial class sections id 18', '18', 1, 'Insert', '157.48.247.152', 'Windows 10', 'Chrome 116.0.0.0', '2023-08-24 08:20:42', NULL);
INSERT INTO `logs` (`id`, `message`, `record_id`, `user_id`, `action`, `ip_address`, `platform`, `agent`, `time`, `created_at`) VALUES (1027, 'New Record inserted On Video Tutorial class sections id 19', '19', 1, 'Insert', '157.48.247.152', 'Windows 10', 'Chrome 116.0.0.0', '2023-08-24 08:20:42', NULL);
INSERT INTO `logs` (`id`, `message`, `record_id`, `user_id`, `action`, `ip_address`, `platform`, `agent`, `time`, `created_at`) VALUES (1028, 'New Record inserted On Video Tutorial class sections id 20', '20', 1, 'Insert', '157.48.247.152', 'Windows 10', 'Chrome 116.0.0.0', '2023-08-24 08:20:42', NULL);
INSERT INTO `logs` (`id`, `message`, `record_id`, `user_id`, `action`, `ip_address`, `platform`, `agent`, `time`, `created_at`) VALUES (1029, 'New Record inserted On  content_types id 1', '1', 1, 'Insert', '157.48.247.152', 'Windows 10', 'Chrome 116.0.0.0', '2023-08-24 08:22:09', NULL);
INSERT INTO `logs` (`id`, `message`, `record_id`, `user_id`, `action`, `ip_address`, `platform`, `agent`, `time`, `created_at`) VALUES (1030, 'New Record inserted On  content_types id 2', '2', 1, 'Insert', '157.48.247.152', 'Windows 10', 'Chrome 116.0.0.0', '2023-08-24 08:22:15', NULL);
INSERT INTO `logs` (`id`, `message`, `record_id`, `user_id`, `action`, `ip_address`, `platform`, `agent`, `time`, `created_at`) VALUES (1031, 'New Record inserted On  content_types id 3', '3', 1, 'Insert', '157.48.247.152', 'Windows 10', 'Chrome 116.0.0.0', '2023-08-24 08:22:21', NULL);
INSERT INTO `logs` (`id`, `message`, `record_id`, `user_id`, `action`, `ip_address`, `platform`, `agent`, `time`, `created_at`) VALUES (1032, 'New Record inserted On  content_types id 4', '4', 1, 'Insert', '157.48.247.152', 'Windows 10', 'Chrome 116.0.0.0', '2023-08-24 08:22:27', NULL);
INSERT INTO `logs` (`id`, `message`, `record_id`, `user_id`, `action`, `ip_address`, `platform`, `agent`, `time`, `created_at`) VALUES (1033, 'New Record inserted On  content_types id 5', '5', 1, 'Insert', '157.48.247.152', 'Windows 10', 'Chrome 116.0.0.0', '2023-08-24 08:22:34', NULL);
INSERT INTO `logs` (`id`, `message`, `record_id`, `user_id`, `action`, `ip_address`, `platform`, `agent`, `time`, `created_at`) VALUES (1034, 'New Record inserted On  upload_contents id 1', '1', 1, 'Insert', '157.48.239.101', 'Windows 10', 'Chrome 116.0.0.0', '2023-08-24 08:25:00', NULL);
INSERT INTO `logs` (`id`, `message`, `record_id`, `user_id`, `action`, `ip_address`, `platform`, `agent`, `time`, `created_at`) VALUES (1035, 'New Record inserted On  upload_contents id 2', '2', 1, 'Insert', '157.48.239.101', 'Windows 10', 'Chrome 116.0.0.0', '2023-08-24 08:25:31', NULL);
INSERT INTO `logs` (`id`, `message`, `record_id`, `user_id`, `action`, `ip_address`, `platform`, `agent`, `time`, `created_at`) VALUES (1036, 'New Record inserted On  upload_contents id 3', '3', 1, 'Insert', '157.48.239.101', 'Windows 10', 'Chrome 116.0.0.0', '2023-08-24 08:25:46', NULL);
INSERT INTO `logs` (`id`, `message`, `record_id`, `user_id`, `action`, `ip_address`, `platform`, `agent`, `time`, `created_at`) VALUES (1037, 'New Record inserted On  upload_contents id 4', '4', 1, 'Insert', '157.48.239.101', 'Windows 10', 'Chrome 116.0.0.0', '2023-08-24 08:26:03', NULL);
INSERT INTO `logs` (`id`, `message`, `record_id`, `user_id`, `action`, `ip_address`, `platform`, `agent`, `time`, `created_at`) VALUES (1038, 'New Record inserted On books id 1', '1', 1, 'Insert', '157.48.239.101', 'Windows 10', 'Chrome 116.0.0.0', '2023-08-24 08:29:28', NULL);
INSERT INTO `logs` (`id`, `message`, `record_id`, `user_id`, `action`, `ip_address`, `platform`, `agent`, `time`, `created_at`) VALUES (1039, 'New Record inserted On books id 2', '2', 1, 'Insert', '157.48.239.101', 'Windows 10', 'Chrome 116.0.0.0', '2023-08-24 08:30:31', NULL);
INSERT INTO `logs` (`id`, `message`, `record_id`, `user_id`, `action`, `ip_address`, `platform`, `agent`, `time`, `created_at`) VALUES (1040, 'New Record inserted On books id 3', '3', 1, 'Insert', '157.48.239.101', 'Windows 10', 'Chrome 116.0.0.0', '2023-08-24 08:31:28', NULL);
INSERT INTO `logs` (`id`, `message`, `record_id`, `user_id`, `action`, `ip_address`, `platform`, `agent`, `time`, `created_at`) VALUES (1041, 'New Record inserted On books id 4', '4', 1, 'Insert', '157.48.239.101', 'Windows 10', 'Chrome 116.0.0.0', '2023-08-24 08:32:45', NULL);
INSERT INTO `logs` (`id`, `message`, `record_id`, `user_id`, `action`, `ip_address`, `platform`, `agent`, `time`, `created_at`) VALUES (1042, 'New Record inserted On books id 5', '5', 1, 'Insert', '157.48.239.101', 'Windows 10', 'Chrome 116.0.0.0', '2023-08-24 08:33:57', NULL);
INSERT INTO `logs` (`id`, `message`, `record_id`, `user_id`, `action`, `ip_address`, `platform`, `agent`, `time`, `created_at`) VALUES (1043, 'New Record inserted On transport route id 1', '1', 1, 'Insert', '157.48.239.101', 'Windows 10', 'Chrome 116.0.0.0', '2023-08-24 08:36:02', NULL);
INSERT INTO `logs` (`id`, `message`, `record_id`, `user_id`, `action`, `ip_address`, `platform`, `agent`, `time`, `created_at`) VALUES (1044, 'New Record inserted On transport route id 2', '2', 1, 'Insert', '157.48.239.101', 'Windows 10', 'Chrome 116.0.0.0', '2023-08-24 08:36:08', NULL);
INSERT INTO `logs` (`id`, `message`, `record_id`, `user_id`, `action`, `ip_address`, `platform`, `agent`, `time`, `created_at`) VALUES (1045, 'New Record inserted On transport route id 3', '3', 1, 'Insert', '157.48.239.101', 'Windows 10', 'Chrome 116.0.0.0', '2023-08-24 08:36:18', NULL);
INSERT INTO `logs` (`id`, `message`, `record_id`, `user_id`, `action`, `ip_address`, `platform`, `agent`, `time`, `created_at`) VALUES (1046, 'New Record inserted On transport route id 4', '4', 1, 'Insert', '157.48.239.101', 'Windows 10', 'Chrome 116.0.0.0', '2023-08-24 08:36:22', NULL);
INSERT INTO `logs` (`id`, `message`, `record_id`, `user_id`, `action`, `ip_address`, `platform`, `agent`, `time`, `created_at`) VALUES (1047, 'New Record inserted On transport route id 5', '5', 1, 'Insert', '157.48.239.101', 'Windows 10', 'Chrome 116.0.0.0', '2023-08-24 08:36:30', NULL);
INSERT INTO `logs` (`id`, `message`, `record_id`, `user_id`, `action`, `ip_address`, `platform`, `agent`, `time`, `created_at`) VALUES (1048, 'New Record inserted On transport route id 6', '6', 1, 'Insert', '157.48.239.101', 'Windows 10', 'Chrome 116.0.0.0', '2023-08-24 08:36:35', NULL);
INSERT INTO `logs` (`id`, `message`, `record_id`, `user_id`, `action`, `ip_address`, `platform`, `agent`, `time`, `created_at`) VALUES (1049, 'New Record inserted On transport route id 7', '7', 1, 'Insert', '157.48.239.101', 'Windows 10', 'Chrome 116.0.0.0', '2023-08-24 08:36:43', NULL);
INSERT INTO `logs` (`id`, `message`, `record_id`, `user_id`, `action`, `ip_address`, `platform`, `agent`, `time`, `created_at`) VALUES (1050, 'New Record inserted On transport route id 8', '8', 1, 'Insert', '157.48.239.101', 'Windows 10', 'Chrome 116.0.0.0', '2023-08-24 08:36:47', NULL);
INSERT INTO `logs` (`id`, `message`, `record_id`, `user_id`, `action`, `ip_address`, `platform`, `agent`, `time`, `created_at`) VALUES (1051, 'New Record inserted On transport route id 9', '9', 1, 'Insert', '157.48.239.101', 'Windows 10', 'Chrome 116.0.0.0', '2023-08-24 08:36:54', NULL);
INSERT INTO `logs` (`id`, `message`, `record_id`, `user_id`, `action`, `ip_address`, `platform`, `agent`, `time`, `created_at`) VALUES (1052, 'New Record inserted On transport route id 10', '10', 1, 'Insert', '157.48.239.101', 'Windows 10', 'Chrome 116.0.0.0', '2023-08-24 08:37:00', NULL);
INSERT INTO `logs` (`id`, `message`, `record_id`, `user_id`, `action`, `ip_address`, `platform`, `agent`, `time`, `created_at`) VALUES (1053, 'New Record inserted On transport route id 11', '11', 1, 'Insert', '157.48.239.101', 'Windows 10', 'Chrome 116.0.0.0', '2023-08-24 08:37:05', NULL);
INSERT INTO `logs` (`id`, `message`, `record_id`, `user_id`, `action`, `ip_address`, `platform`, `agent`, `time`, `created_at`) VALUES (1054, 'New Record inserted On transport route id 1', '1', 1, 'Insert', '157.48.239.101', 'Windows 10', 'Chrome 116.0.0.0', '2023-08-24 08:37:36', NULL);
INSERT INTO `logs` (`id`, `message`, `record_id`, `user_id`, `action`, `ip_address`, `platform`, `agent`, `time`, `created_at`) VALUES (1055, 'New Record inserted On transport route id 2', '2', 1, 'Insert', '157.48.239.101', 'Windows 10', 'Chrome 116.0.0.0', '2023-08-24 08:38:03', NULL);
INSERT INTO `logs` (`id`, `message`, `record_id`, `user_id`, `action`, `ip_address`, `platform`, `agent`, `time`, `created_at`) VALUES (1056, 'Record updated On  transport route id 2', '2', 1, 'Update', '157.48.239.101', 'Windows 10', 'Chrome 116.0.0.0', '2023-08-24 08:38:35', NULL);
INSERT INTO `logs` (`id`, `message`, `record_id`, `user_id`, `action`, `ip_address`, `platform`, `agent`, `time`, `created_at`) VALUES (1057, 'New Record inserted On transport route id 3', '3', 1, 'Insert', '157.48.239.101', 'Windows 10', 'Chrome 116.0.0.0', '2023-08-24 08:38:53', NULL);
INSERT INTO `logs` (`id`, `message`, `record_id`, `user_id`, `action`, `ip_address`, `platform`, `agent`, `time`, `created_at`) VALUES (1058, 'New Record inserted On transport route id 4', '4', 1, 'Insert', '157.48.239.101', 'Windows 10', 'Chrome 116.0.0.0', '2023-08-24 08:39:22', NULL);
INSERT INTO `logs` (`id`, `message`, `record_id`, `user_id`, `action`, `ip_address`, `platform`, `agent`, `time`, `created_at`) VALUES (1059, 'New Record inserted On transport route id 5', '5', 1, 'Insert', '157.48.239.101', 'Windows 10', 'Chrome 116.0.0.0', '2023-08-24 08:39:49', NULL);
INSERT INTO `logs` (`id`, `message`, `record_id`, `user_id`, `action`, `ip_address`, `platform`, `agent`, `time`, `created_at`) VALUES (1060, 'New Record inserted On transport route id 6', '6', 1, 'Insert', '157.48.239.101', 'Windows 10', 'Chrome 116.0.0.0', '2023-08-24 08:40:06', NULL);
INSERT INTO `logs` (`id`, `message`, `record_id`, `user_id`, `action`, `ip_address`, `platform`, `agent`, `time`, `created_at`) VALUES (1061, 'New Record inserted On transport route id 7', '7', 1, 'Insert', '157.48.239.101', 'Windows 10', 'Chrome 116.0.0.0', '2023-08-24 08:40:26', NULL);
INSERT INTO `logs` (`id`, `message`, `record_id`, `user_id`, `action`, `ip_address`, `platform`, `agent`, `time`, `created_at`) VALUES (1062, 'New Record inserted On vehicles id 1', '1', 1, 'Insert', '157.48.239.101', 'Windows 10', 'Chrome 116.0.0.0', '2023-08-24 08:41:56', NULL);
INSERT INTO `logs` (`id`, `message`, `record_id`, `user_id`, `action`, `ip_address`, `platform`, `agent`, `time`, `created_at`) VALUES (1063, 'New Record inserted On vehicles id 2', '2', 1, 'Insert', '157.48.239.101', 'Windows 10', 'Chrome 116.0.0.0', '2023-08-24 08:43:37', NULL);
INSERT INTO `logs` (`id`, `message`, `record_id`, `user_id`, `action`, `ip_address`, `platform`, `agent`, `time`, `created_at`) VALUES (1064, 'New Record inserted On vehicles id 3', '3', 1, 'Insert', '157.48.239.101', 'Windows 10', 'Chrome 116.0.0.0', '2023-08-24 08:44:17', NULL);
INSERT INTO `logs` (`id`, `message`, `record_id`, `user_id`, `action`, `ip_address`, `platform`, `agent`, `time`, `created_at`) VALUES (1065, 'New Record inserted On vehicle routes id 1', '1', 1, 'Insert', '157.48.247.152', 'Windows 10', 'Chrome 116.0.0.0', '2023-08-24 08:45:01', NULL);
INSERT INTO `logs` (`id`, `message`, `record_id`, `user_id`, `action`, `ip_address`, `platform`, `agent`, `time`, `created_at`) VALUES (1066, 'New Record inserted On vehicle routes id 2', '2', 1, 'Insert', '157.48.247.152', 'Windows 10', 'Chrome 116.0.0.0', '2023-08-24 08:45:12', NULL);
INSERT INTO `logs` (`id`, `message`, `record_id`, `user_id`, `action`, `ip_address`, `platform`, `agent`, `time`, `created_at`) VALUES (1067, 'New Record inserted On vehicle routes id 4', '4', 1, 'Insert', '157.48.247.152', 'Windows 10', 'Chrome 116.0.0.0', '2023-08-24 08:45:20', NULL);
INSERT INTO `logs` (`id`, `message`, `record_id`, `user_id`, `action`, `ip_address`, `platform`, `agent`, `time`, `created_at`) VALUES (1068, 'New Record inserted On vehicle routes id 6', '6', 1, 'Insert', '157.48.247.152', 'Windows 10', 'Chrome 116.0.0.0', '2023-08-24 08:45:27', NULL);
INSERT INTO `logs` (`id`, `message`, `record_id`, `user_id`, `action`, `ip_address`, `platform`, `agent`, `time`, `created_at`) VALUES (1069, 'New Record inserted On vehicle routes id 7', '7', 1, 'Insert', '157.48.247.152', 'Windows 10', 'Chrome 116.0.0.0', '2023-08-24 08:45:36', NULL);
INSERT INTO `logs` (`id`, `message`, `record_id`, `user_id`, `action`, `ip_address`, `platform`, `agent`, `time`, `created_at`) VALUES (1070, 'New Record inserted On transport route id 1', '1', 1, 'Insert', '157.48.247.152', 'Windows 10', 'Chrome 116.0.0.0', '2023-08-24 08:48:22', NULL);
INSERT INTO `logs` (`id`, `message`, `record_id`, `user_id`, `action`, `ip_address`, `platform`, `agent`, `time`, `created_at`) VALUES (1071, 'New Record inserted On transport route id 2', '2', 1, 'Insert', '157.48.247.152', 'Windows 10', 'Chrome 116.0.0.0', '2023-08-24 08:48:22', NULL);
INSERT INTO `logs` (`id`, `message`, `record_id`, `user_id`, `action`, `ip_address`, `platform`, `agent`, `time`, `created_at`) VALUES (1072, 'New Record inserted On transport route id 3', '3', 1, 'Insert', '157.48.247.152', 'Windows 10', 'Chrome 116.0.0.0', '2023-08-24 08:48:22', NULL);
INSERT INTO `logs` (`id`, `message`, `record_id`, `user_id`, `action`, `ip_address`, `platform`, `agent`, `time`, `created_at`) VALUES (1073, 'New Record inserted On transport route id 4', '4', 1, 'Insert', '157.48.247.152', 'Windows 10', 'Chrome 116.0.0.0', '2023-08-24 08:48:22', NULL);
INSERT INTO `logs` (`id`, `message`, `record_id`, `user_id`, `action`, `ip_address`, `platform`, `agent`, `time`, `created_at`) VALUES (1074, 'Record deleted On transport route id 03485831', '03485831', 1, 'Delete', '157.48.247.152', 'Windows 10', 'Chrome 116.0.0.0', '2023-08-24 08:51:16', NULL);
INSERT INTO `logs` (`id`, `message`, `record_id`, `user_id`, `action`, `ip_address`, `platform`, `agent`, `time`, `created_at`) VALUES (1075, 'New Record inserted On transport route id 5', '5', 1, 'Insert', '157.48.247.152', 'Windows 10', 'Chrome 116.0.0.0', '2023-08-24 08:51:16', NULL);
INSERT INTO `logs` (`id`, `message`, `record_id`, `user_id`, `action`, `ip_address`, `platform`, `agent`, `time`, `created_at`) VALUES (1076, 'New Record inserted On transport route id 6', '6', 1, 'Insert', '157.48.247.152', 'Windows 10', 'Chrome 116.0.0.0', '2023-08-24 08:51:16', NULL);
INSERT INTO `logs` (`id`, `message`, `record_id`, `user_id`, `action`, `ip_address`, `platform`, `agent`, `time`, `created_at`) VALUES (1077, 'New Record inserted On transport route id 7', '7', 1, 'Insert', '157.48.247.152', 'Windows 10', 'Chrome 116.0.0.0', '2023-08-24 08:51:16', NULL);
INSERT INTO `logs` (`id`, `message`, `record_id`, `user_id`, `action`, `ip_address`, `platform`, `agent`, `time`, `created_at`) VALUES (1078, 'New Record inserted On Alumni Event id 1', '1', 1, 'Insert', '157.48.228.31', 'Windows 10', 'Chrome 116.0.0.0', '2023-08-24 08:59:57', NULL);
INSERT INTO `logs` (`id`, `message`, `record_id`, `user_id`, `action`, `ip_address`, `platform`, `agent`, `time`, `created_at`) VALUES (1079, 'New Record inserted On Alumni Event id 2', '2', 1, 'Insert', '157.48.228.31', 'Windows 10', 'Chrome 116.0.0.0', '2023-08-24 09:00:42', NULL);
INSERT INTO `logs` (`id`, `message`, `record_id`, `user_id`, `action`, `ip_address`, `platform`, `agent`, `time`, `created_at`) VALUES (1080, 'New Record inserted On Alumni Event id 3', '3', 1, 'Insert', '157.48.228.31', 'Windows 10', 'Chrome 116.0.0.0', '2023-08-24 09:01:23', NULL);
INSERT INTO `logs` (`id`, `message`, `record_id`, `user_id`, `action`, `ip_address`, `platform`, `agent`, `time`, `created_at`) VALUES (1081, 'New Record inserted On Alumni Event id 4', '4', 1, 'Insert', '157.48.228.31', 'Windows 10', 'Chrome 116.0.0.0', '2023-08-24 09:02:04', NULL);
INSERT INTO `logs` (`id`, `message`, `record_id`, `user_id`, `action`, `ip_address`, `platform`, `agent`, `time`, `created_at`) VALUES (1082, 'New Record inserted On Alumni Event id 5', '5', 1, 'Insert', '157.48.228.31', 'Windows 10', 'Chrome 116.0.0.0', '2023-08-24 09:03:06', NULL);
INSERT INTO `logs` (`id`, `message`, `record_id`, `user_id`, `action`, `ip_address`, `platform`, `agent`, `time`, `created_at`) VALUES (1083, 'Record updated On Front CMS Setting id 1', '1', 1, 'Update', '185.239.173.242', 'Windows 10', 'Chrome 116.0.0.0', '2023-08-24 13:33:41', NULL);
INSERT INTO `logs` (`id`, `message`, `record_id`, `user_id`, `action`, `ip_address`, `platform`, `agent`, `time`, `created_at`) VALUES (1084, 'Record updated On Front CMS Setting id 1', '1', 1, 'Update', '185.239.173.242', 'Windows 10', 'Chrome 116.0.0.0', '2023-08-24 13:37:07', NULL);
INSERT INTO `logs` (`id`, `message`, `record_id`, `user_id`, `action`, `ip_address`, `platform`, `agent`, `time`, `created_at`) VALUES (1085, 'Record updated On Front CMS Setting id 1', '1', 1, 'Update', '185.239.173.242', 'Windows 10', 'Chrome 116.0.0.0', '2023-08-24 13:37:55', NULL);
INSERT INTO `logs` (`id`, `message`, `record_id`, `user_id`, `action`, `ip_address`, `platform`, `agent`, `time`, `created_at`) VALUES (1086, 'Record updated On Front CMS Setting id 1', '1', 1, 'Update', '185.239.173.242', 'Windows 10', 'Chrome 116.0.0.0', '2023-08-24 13:38:39', NULL);
INSERT INTO `logs` (`id`, `message`, `record_id`, `user_id`, `action`, `ip_address`, `platform`, `agent`, `time`, `created_at`) VALUES (1087, 'Record updated On Front CMS Setting id 1', '1', 1, 'Update', '185.239.173.242', 'Windows 10', 'Chrome 116.0.0.0', '2023-08-24 13:39:24', NULL);
INSERT INTO `logs` (`id`, `message`, `record_id`, `user_id`, `action`, `ip_address`, `platform`, `agent`, `time`, `created_at`) VALUES (1088, 'Record updated On Front CMS Setting id 1', '1', 1, 'Update', '185.239.173.242', 'Windows 10', 'Chrome 116.0.0.0', '2023-08-24 13:40:03', NULL);
INSERT INTO `logs` (`id`, `message`, `record_id`, `user_id`, `action`, `ip_address`, `platform`, `agent`, `time`, `created_at`) VALUES (1089, 'Record updated On Front CMS Setting id 1', '1', 1, 'Update', '185.239.173.242', 'Windows 10', 'Chrome 116.0.0.0', '2023-08-24 13:41:39', NULL);
INSERT INTO `logs` (`id`, `message`, `record_id`, `user_id`, `action`, `ip_address`, `platform`, `agent`, `time`, `created_at`) VALUES (1090, 'Record updated On settings id 1', '1', 1, 'Update', '185.239.173.242', 'Windows 10', 'Chrome 116.0.0.0', '2023-08-24 13:43:28', NULL);
INSERT INTO `logs` (`id`, `message`, `record_id`, `user_id`, `action`, `ip_address`, `platform`, `agent`, `time`, `created_at`) VALUES (1091, 'Record updated On settings id 1', '1', 1, 'Update', '185.239.173.242', 'Windows 10', 'Chrome 116.0.0.0', '2023-08-24 13:44:12', NULL);
INSERT INTO `logs` (`id`, `message`, `record_id`, `user_id`, `action`, `ip_address`, `platform`, `agent`, `time`, `created_at`) VALUES (1092, 'Record updated On settings id 1', '1', 1, 'Update', '185.239.173.242', 'Windows 10', 'Chrome 116.0.0.0', '2023-08-24 13:48:19', NULL);
INSERT INTO `logs` (`id`, `message`, `record_id`, `user_id`, `action`, `ip_address`, `platform`, `agent`, `time`, `created_at`) VALUES (1093, 'Record updated On Front CMS Setting id 1', '1', 1, 'Update', '185.239.173.242', 'Windows 10', 'Chrome 116.0.0.0', '2023-08-24 14:08:25', NULL);
INSERT INTO `logs` (`id`, `message`, `record_id`, `user_id`, `action`, `ip_address`, `platform`, `agent`, `time`, `created_at`) VALUES (1094, 'Record updated On settings id 1', '1', 1, 'Update', '157.48.194.100', 'Windows 10', 'Chrome 116.0.0.0', '2023-08-26 22:35:29', NULL);
INSERT INTO `logs` (`id`, `message`, `record_id`, `user_id`, `action`, `ip_address`, `platform`, `agent`, `time`, `created_at`) VALUES (1095, 'Record updated On settings id 1', '1', 1, 'Update', '157.48.194.100', 'Windows 10', 'Chrome 116.0.0.0', '2023-08-26 22:35:42', NULL);
INSERT INTO `logs` (`id`, `message`, `record_id`, `user_id`, `action`, `ip_address`, `platform`, `agent`, `time`, `created_at`) VALUES (1096, 'Record updated On Front CMS Setting id 1', '1', 1, 'Update', '157.48.194.100', 'Windows 10', 'Chrome 116.0.0.0', '2023-08-26 22:37:18', NULL);
INSERT INTO `logs` (`id`, `message`, `record_id`, `user_id`, `action`, `ip_address`, `platform`, `agent`, `time`, `created_at`) VALUES (1097, 'Record updated On settings id 1', '1', 1, 'Update', '157.48.170.154', 'Windows 10', 'Chrome 116.0.0.0', '2023-08-27 10:10:39', NULL);
INSERT INTO `logs` (`id`, `message`, `record_id`, `user_id`, `action`, `ip_address`, `platform`, `agent`, `time`, `created_at`) VALUES (1098, 'New Record inserted On sections id 5', '5', 1, 'Insert', '157.48.170.154', 'Windows 10', 'Chrome 116.0.0.0', '2023-08-27 10:11:50', NULL);
INSERT INTO `logs` (`id`, `message`, `record_id`, `user_id`, `action`, `ip_address`, `platform`, `agent`, `time`, `created_at`) VALUES (1099, 'New Record inserted On subject groups id 6', '6', 1, 'Insert', '157.48.170.154', 'Windows 10', 'Chrome 116.0.0.0', '2023-08-27 10:12:09', NULL);
INSERT INTO `logs` (`id`, `message`, `record_id`, `user_id`, `action`, `ip_address`, `platform`, `agent`, `time`, `created_at`) VALUES (1100, 'New Record inserted On  fee type id 23', '23', 1, 'Insert', '157.48.170.154', 'Windows 10', 'Chrome 116.0.0.0', '2023-08-27 10:23:04', NULL);
INSERT INTO `logs` (`id`, `message`, `record_id`, `user_id`, `action`, `ip_address`, `platform`, `agent`, `time`, `created_at`) VALUES (1101, 'New Record inserted On  fee type id 24', '24', 1, 'Insert', '157.48.170.154', 'Windows 10', 'Chrome 116.0.0.0', '2023-08-27 10:23:55', NULL);
INSERT INTO `logs` (`id`, `message`, `record_id`, `user_id`, `action`, `ip_address`, `platform`, `agent`, `time`, `created_at`) VALUES (1102, 'New Record inserted On  fee group id 19', '19', 1, 'Insert', '157.48.170.154', 'Windows 10', 'Chrome 116.0.0.0', '2023-08-27 10:24:38', NULL);
INSERT INTO `logs` (`id`, `message`, `record_id`, `user_id`, `action`, `ip_address`, `platform`, `agent`, `time`, `created_at`) VALUES (1103, 'New Record inserted On  fee groups feetype id 12', '12', 1, 'Insert', '157.48.170.154', 'Windows 10', 'Chrome 116.0.0.0', '2023-08-27 10:25:17', NULL);
INSERT INTO `logs` (`id`, `message`, `record_id`, `user_id`, `action`, `ip_address`, `platform`, `agent`, `time`, `created_at`) VALUES (1104, 'New Record inserted On  fee groups feetype id 13', '13', 1, 'Insert', '157.48.170.154', 'Windows 10', 'Chrome 116.0.0.0', '2023-08-27 10:25:43', NULL);
INSERT INTO `logs` (`id`, `message`, `record_id`, `user_id`, `action`, `ip_address`, `platform`, `agent`, `time`, `created_at`) VALUES (1105, 'Record updated On settings id 1', '1', 1, 'Update', '157.48.170.154', 'Windows 10', 'Chrome 116.0.0.0', '2023-08-27 10:29:10', NULL);
INSERT INTO `logs` (`id`, `message`, `record_id`, `user_id`, `action`, `ip_address`, `platform`, `agent`, `time`, `created_at`) VALUES (1106, 'New Record inserted On students id 126', '126', 1, 'Insert', '157.48.170.154', 'Windows 10', 'Chrome 116.0.0.0', '2023-08-27 10:29:10', NULL);
INSERT INTO `logs` (`id`, `message`, `record_id`, `user_id`, `action`, `ip_address`, `platform`, `agent`, `time`, `created_at`) VALUES (1107, 'New Record inserted On  student session id 129', '129', 1, 'Insert', '157.48.170.154', 'Windows 10', 'Chrome 116.0.0.0', '2023-08-27 10:29:10', NULL);
INSERT INTO `logs` (`id`, `message`, `record_id`, `user_id`, `action`, `ip_address`, `platform`, `agent`, `time`, `created_at`) VALUES (1108, 'New Record inserted On users id 251', '251', 1, 'Insert', '157.48.170.154', 'Windows 10', 'Chrome 116.0.0.0', '2023-08-27 10:29:10', NULL);
INSERT INTO `logs` (`id`, `message`, `record_id`, `user_id`, `action`, `ip_address`, `platform`, `agent`, `time`, `created_at`) VALUES (1109, 'New Record inserted On users id 252', '252', 1, 'Insert', '157.48.170.154', 'Windows 10', 'Chrome 116.0.0.0', '2023-08-27 10:29:10', NULL);
INSERT INTO `logs` (`id`, `message`, `record_id`, `user_id`, `action`, `ip_address`, `platform`, `agent`, `time`, `created_at`) VALUES (1110, 'Record updated On students id 126', '126', 1, 'Update', '157.48.170.154', 'Windows 10', 'Chrome 116.0.0.0', '2023-08-27 10:29:10', NULL);
INSERT INTO `logs` (`id`, `message`, `record_id`, `user_id`, `action`, `ip_address`, `platform`, `agent`, `time`, `created_at`) VALUES (1111, 'New Record inserted On video tutorial id 8', '8', 1, 'Insert', '157.48.170.154', 'Windows 10', 'Chrome 116.0.0.0', '2023-08-27 10:40:22', NULL);
INSERT INTO `logs` (`id`, `message`, `record_id`, `user_id`, `action`, `ip_address`, `platform`, `agent`, `time`, `created_at`) VALUES (1112, 'New Record inserted On Video Tutorial class sections id 21', '21', 1, 'Insert', '157.48.170.154', 'Windows 10', 'Chrome 116.0.0.0', '2023-08-27 10:40:22', NULL);
INSERT INTO `logs` (`id`, `message`, `record_id`, `user_id`, `action`, `ip_address`, `platform`, `agent`, `time`, `created_at`) VALUES (1113, 'New Record inserted On  online exam id 3', '3', 1, 'Insert', '157.48.170.154', 'Windows 10', 'Chrome 116.0.0.0', '2023-08-27 10:42:39', NULL);
INSERT INTO `logs` (`id`, `message`, `record_id`, `user_id`, `action`, `ip_address`, `platform`, `agent`, `time`, `created_at`) VALUES (1114, 'New Record inserted On  fees discounts id 7', '7', 1, 'Insert', '157.48.170.154', 'Windows 10', 'Chrome 116.0.0.0', '2023-08-27 10:45:37', NULL);
INSERT INTO `logs` (`id`, `message`, `record_id`, `user_id`, `action`, `ip_address`, `platform`, `agent`, `time`, `created_at`) VALUES (1115, 'New Record inserted On payment settings id 1', '1', 1, 'Insert', '157.48.170.154', 'Windows 10', 'Chrome 116.0.0.0', '2023-08-27 11:44:00', NULL);
INSERT INTO `logs` (`id`, `message`, `record_id`, `user_id`, `action`, `ip_address`, `platform`, `agent`, `time`, `created_at`) VALUES (1116, 'New Record inserted On  fee group id 20', '20', 1, 'Insert', '49.43.250.133', 'Windows 10', 'Chrome 116.0.0.0', '2023-08-28 21:15:12', NULL);
INSERT INTO `logs` (`id`, `message`, `record_id`, `user_id`, `action`, `ip_address`, `platform`, `agent`, `time`, `created_at`) VALUES (1117, 'New Record inserted On  fee type id 25', '25', 1, 'Insert', '49.43.250.133', 'Windows 10', 'Chrome 116.0.0.0', '2023-08-28 21:16:45', NULL);
INSERT INTO `logs` (`id`, `message`, `record_id`, `user_id`, `action`, `ip_address`, `platform`, `agent`, `time`, `created_at`) VALUES (1118, 'New Record inserted On  fee type id 26', '26', 1, 'Insert', '49.43.250.133', 'Windows 10', 'Chrome 116.0.0.0', '2023-08-28 21:17:37', NULL);
INSERT INTO `logs` (`id`, `message`, `record_id`, `user_id`, `action`, `ip_address`, `platform`, `agent`, `time`, `created_at`) VALUES (1119, 'New Record inserted On  fee type id 27', '27', 1, 'Insert', '49.43.250.133', 'Windows 10', 'Chrome 116.0.0.0', '2023-08-28 21:18:00', NULL);
INSERT INTO `logs` (`id`, `message`, `record_id`, `user_id`, `action`, `ip_address`, `platform`, `agent`, `time`, `created_at`) VALUES (1120, 'New Record inserted On  fee type id 28', '28', 1, 'Insert', '49.43.250.133', 'Windows 10', 'Chrome 116.0.0.0', '2023-08-28 21:18:30', NULL);
INSERT INTO `logs` (`id`, `message`, `record_id`, `user_id`, `action`, `ip_address`, `platform`, `agent`, `time`, `created_at`) VALUES (1121, 'New Record inserted On  fee type id 29', '29', 1, 'Insert', '49.43.250.133', 'Windows 10', 'Chrome 116.0.0.0', '2023-08-28 21:23:10', NULL);
INSERT INTO `logs` (`id`, `message`, `record_id`, `user_id`, `action`, `ip_address`, `platform`, `agent`, `time`, `created_at`) VALUES (1122, 'New Record inserted On  fee groups feetype id 14', '14', 1, 'Insert', '49.43.250.133', 'Windows 10', 'Chrome 116.0.0.0', '2023-08-28 21:47:37', NULL);
INSERT INTO `logs` (`id`, `message`, `record_id`, `user_id`, `action`, `ip_address`, `platform`, `agent`, `time`, `created_at`) VALUES (1123, 'Record deleted On fee session groups id 8', '8', 1, 'Delete', '49.43.250.133', 'Windows 10', 'Chrome 116.0.0.0', '2023-08-28 21:47:52', NULL);
INSERT INTO `logs` (`id`, `message`, `record_id`, `user_id`, `action`, `ip_address`, `platform`, `agent`, `time`, `created_at`) VALUES (1124, 'New Record inserted On  fee groups feetype id 15', '15', 1, 'Insert', '49.43.250.133', 'Windows 10', 'Chrome 116.0.0.0', '2023-08-28 21:48:11', NULL);
INSERT INTO `logs` (`id`, `message`, `record_id`, `user_id`, `action`, `ip_address`, `platform`, `agent`, `time`, `created_at`) VALUES (1125, 'New Record inserted On  fee groups feetype id 16', '16', 1, 'Insert', '49.43.250.133', 'Windows 10', 'Chrome 116.0.0.0', '2023-08-28 21:56:35', NULL);
INSERT INTO `logs` (`id`, `message`, `record_id`, `user_id`, `action`, `ip_address`, `platform`, `agent`, `time`, `created_at`) VALUES (1126, 'New Record inserted On  fee groups feetype id 17', '17', 1, 'Insert', '49.43.250.133', 'Windows 10', 'Chrome 116.0.0.0', '2023-08-28 21:57:25', NULL);
INSERT INTO `logs` (`id`, `message`, `record_id`, `user_id`, `action`, `ip_address`, `platform`, `agent`, `time`, `created_at`) VALUES (1127, 'New Record inserted On subject groups id 7', '7', 1, 'Insert', '49.37.217.154', 'Windows 10', 'Chrome 116.0.0.0', '2023-08-28 22:00:43', NULL);
INSERT INTO `logs` (`id`, `message`, `record_id`, `user_id`, `action`, `ip_address`, `platform`, `agent`, `time`, `created_at`) VALUES (1128, 'New Record inserted On sections id 6', '6', 1, 'Insert', '49.43.250.133', 'Windows 10', 'Chrome 116.0.0.0', '2023-08-29 19:02:45', NULL);
INSERT INTO `logs` (`id`, `message`, `record_id`, `user_id`, `action`, `ip_address`, `platform`, `agent`, `time`, `created_at`) VALUES (1129, 'New Record inserted On sections id 7', '7', 1, 'Insert', '49.43.250.133', 'Windows 10', 'Chrome 116.0.0.0', '2023-08-29 19:02:56', NULL);
INSERT INTO `logs` (`id`, `message`, `record_id`, `user_id`, `action`, `ip_address`, `platform`, `agent`, `time`, `created_at`) VALUES (1130, 'New Record inserted On sections id 8', '8', 1, 'Insert', '49.43.250.133', 'Windows 10', 'Chrome 116.0.0.0', '2023-08-29 19:03:24', NULL);
INSERT INTO `logs` (`id`, `message`, `record_id`, `user_id`, `action`, `ip_address`, `platform`, `agent`, `time`, `created_at`) VALUES (1131, 'New Record inserted On subject groups id 8', '8', 1, 'Insert', '49.43.250.133', 'Windows 10', 'Chrome 116.0.0.0', '2023-08-29 19:37:25', NULL);
INSERT INTO `logs` (`id`, `message`, `record_id`, `user_id`, `action`, `ip_address`, `platform`, `agent`, `time`, `created_at`) VALUES (1132, 'New Record inserted On students id 127', '127', 1, 'Insert', '49.43.250.133', 'Windows 10', 'Chrome 116.0.0.0', '2023-08-29 19:42:13', NULL);
INSERT INTO `logs` (`id`, `message`, `record_id`, `user_id`, `action`, `ip_address`, `platform`, `agent`, `time`, `created_at`) VALUES (1133, 'New Record inserted On  student session id 130', '130', 1, 'Insert', '49.43.250.133', 'Windows 10', 'Chrome 116.0.0.0', '2023-08-29 19:42:13', NULL);
INSERT INTO `logs` (`id`, `message`, `record_id`, `user_id`, `action`, `ip_address`, `platform`, `agent`, `time`, `created_at`) VALUES (1134, 'New Record inserted On users id 253', '253', 1, 'Insert', '49.43.250.133', 'Windows 10', 'Chrome 116.0.0.0', '2023-08-29 19:42:13', NULL);
INSERT INTO `logs` (`id`, `message`, `record_id`, `user_id`, `action`, `ip_address`, `platform`, `agent`, `time`, `created_at`) VALUES (1135, 'New Record inserted On users id 254', '254', 1, 'Insert', '49.43.250.133', 'Windows 10', 'Chrome 116.0.0.0', '2023-08-29 19:42:13', NULL);
INSERT INTO `logs` (`id`, `message`, `record_id`, `user_id`, `action`, `ip_address`, `platform`, `agent`, `time`, `created_at`) VALUES (1136, 'Record updated On students id 127', '127', 1, 'Update', '49.43.250.133', 'Windows 10', 'Chrome 116.0.0.0', '2023-08-29 19:42:13', NULL);
INSERT INTO `logs` (`id`, `message`, `record_id`, `user_id`, `action`, `ip_address`, `platform`, `agent`, `time`, `created_at`) VALUES (1137, 'New Record inserted On  student session id 131', '131', 1, 'Insert', '49.43.250.133', 'Windows 10', 'Chrome 116.0.0.0', '2023-08-29 19:45:17', NULL);
INSERT INTO `logs` (`id`, `message`, `record_id`, `user_id`, `action`, `ip_address`, `platform`, `agent`, `time`, `created_at`) VALUES (1138, 'Record updated On  student session id 131', '131', 1, 'Update', '49.43.250.133', 'Windows 10', 'Chrome 116.0.0.0', '2023-08-29 19:48:23', NULL);
INSERT INTO `logs` (`id`, `message`, `record_id`, `user_id`, `action`, `ip_address`, `platform`, `agent`, `time`, `created_at`) VALUES (1139, 'New Record inserted On  fee group id 21', '21', 1, 'Insert', '49.43.250.133', 'Windows 10', 'Chrome 116.0.0.0', '2023-08-29 19:53:23', NULL);
INSERT INTO `logs` (`id`, `message`, `record_id`, `user_id`, `action`, `ip_address`, `platform`, `agent`, `time`, `created_at`) VALUES (1140, 'New Record inserted On  fee groups feetype id 18', '18', 1, 'Insert', '49.43.250.133', 'Windows 10', 'Chrome 116.0.0.0', '2023-08-29 19:53:50', NULL);
INSERT INTO `logs` (`id`, `message`, `record_id`, `user_id`, `action`, `ip_address`, `platform`, `agent`, `time`, `created_at`) VALUES (1141, 'New Record inserted On  fee groups feetype id 19', '19', 1, 'Insert', '49.43.250.133', 'Windows 10', 'Chrome 116.0.0.0', '2023-08-29 19:54:18', NULL);
INSERT INTO `logs` (`id`, `message`, `record_id`, `user_id`, `action`, `ip_address`, `platform`, `agent`, `time`, `created_at`) VALUES (1142, 'Record updated On students id 127', '127', 1, 'Update', '49.43.250.133', 'Windows 10', 'Chrome 116.0.0.0', '2023-08-29 19:58:42', NULL);
INSERT INTO `logs` (`id`, `message`, `record_id`, `user_id`, `action`, `ip_address`, `platform`, `agent`, `time`, `created_at`) VALUES (1143, 'Record updated On  student session id 131', '131', 1, 'Update', '49.43.250.133', 'Windows 10', 'Chrome 116.0.0.0', '2023-08-29 19:58:42', NULL);
INSERT INTO `logs` (`id`, `message`, `record_id`, `user_id`, `action`, `ip_address`, `platform`, `agent`, `time`, `created_at`) VALUES (1144, 'Record updated On students id 109', '109', 1, 'Update', '157.48.159.181', 'Windows 10', 'Chrome 116.0.0.0', '2023-08-30 14:15:59', NULL);
INSERT INTO `logs` (`id`, `message`, `record_id`, `user_id`, `action`, `ip_address`, `platform`, `agent`, `time`, `created_at`) VALUES (1145, 'Record updated On students id 111', '111', 1, 'Update', '157.48.159.181', 'Windows 10', 'Chrome 116.0.0.0', '2023-08-30 14:16:08', NULL);
INSERT INTO `logs` (`id`, `message`, `record_id`, `user_id`, `action`, `ip_address`, `platform`, `agent`, `time`, `created_at`) VALUES (1146, 'Record updated On students id 110', '110', 1, 'Update', '157.48.159.181', 'Windows 10', 'Chrome 116.0.0.0', '2023-08-30 14:16:16', NULL);
INSERT INTO `logs` (`id`, `message`, `record_id`, `user_id`, `action`, `ip_address`, `platform`, `agent`, `time`, `created_at`) VALUES (1147, 'Record updated On settings id 1', '1', 1, 'Update', '157.48.128.215', 'Windows 10', 'Chrome 116.0.0.0', '2023-08-30 15:47:17', NULL);
INSERT INTO `logs` (`id`, `message`, `record_id`, `user_id`, `action`, `ip_address`, `platform`, `agent`, `time`, `created_at`) VALUES (1148, 'New Record inserted On exam group exams name id 1', '1', 1, 'Insert', '157.48.246.23', 'Windows 10', 'Chrome 116.0.0.0', '2023-08-30 16:08:49', NULL);
INSERT INTO `logs` (`id`, `message`, `record_id`, `user_id`, `action`, `ip_address`, `platform`, `agent`, `time`, `created_at`) VALUES (1149, 'Record updated On  exam group exams name id 1', '1', 1, 'Update', '157.48.246.23', 'Windows 10', 'Chrome 116.0.0.0', '2023-08-30 16:08:58', NULL);
INSERT INTO `logs` (`id`, `message`, `record_id`, `user_id`, `action`, `ip_address`, `platform`, `agent`, `time`, `created_at`) VALUES (1150, 'New Record inserted On exam group exams name id 2', '2', 1, 'Insert', '157.48.246.23', 'Windows 10', 'Chrome 116.0.0.0', '2023-08-30 16:09:39', NULL);
INSERT INTO `logs` (`id`, `message`, `record_id`, `user_id`, `action`, `ip_address`, `platform`, `agent`, `time`, `created_at`) VALUES (1151, 'Record updated On  admit cards id 1', '1', 1, 'Update', '157.48.128.215', 'Windows 10', 'Chrome 116.0.0.0', '2023-08-30 16:28:07', NULL);
INSERT INTO `logs` (`id`, `message`, `record_id`, `user_id`, `action`, `ip_address`, `platform`, `agent`, `time`, `created_at`) VALUES (1152, 'Record updated On  admit cards id 1', '1', 1, 'Update', '157.48.128.215', 'Windows 10', 'Chrome 116.0.0.0', '2023-08-30 16:28:49', NULL);
INSERT INTO `logs` (`id`, `message`, `record_id`, `user_id`, `action`, `ip_address`, `platform`, `agent`, `time`, `created_at`) VALUES (1153, 'Record updated On  marksheets id 1', '1', 1, 'Update', '157.48.128.215', 'Windows 10', 'Chrome 116.0.0.0', '2023-08-30 16:39:27', NULL);
INSERT INTO `logs` (`id`, `message`, `record_id`, `user_id`, `action`, `ip_address`, `platform`, `agent`, `time`, `created_at`) VALUES (1154, 'New Record inserted On student apply leave id 1', '1', 1, 'Insert', '157.48.128.215', 'Windows 10', 'Chrome 116.0.0.0', '2023-08-30 16:50:49', NULL);
INSERT INTO `logs` (`id`, `message`, `record_id`, `user_id`, `action`, `ip_address`, `platform`, `agent`, `time`, `created_at`) VALUES (1155, 'New Record inserted On student apply leave id 2', '2', 1, 'Insert', '157.48.128.215', 'Windows 10', 'Chrome 116.0.0.0', '2023-08-30 16:51:13', NULL);
INSERT INTO `logs` (`id`, `message`, `record_id`, `user_id`, `action`, `ip_address`, `platform`, `agent`, `time`, `created_at`) VALUES (1156, 'New Record inserted On  online exam id 4', '4', 1, 'Insert', '157.48.128.215', 'Windows 10', 'Chrome 116.0.0.0', '2023-08-30 17:02:16', NULL);
INSERT INTO `logs` (`id`, `message`, `record_id`, `user_id`, `action`, `ip_address`, `platform`, `agent`, `time`, `created_at`) VALUES (1157, 'New Record inserted On  online exam id 5', '5', 1, 'Insert', '157.48.128.215', 'Windows 10', 'Chrome 116.0.0.0', '2023-08-30 17:03:47', NULL);
INSERT INTO `logs` (`id`, `message`, `record_id`, `user_id`, `action`, `ip_address`, `platform`, `agent`, `time`, `created_at`) VALUES (1158, 'New Record inserted On  subject timetable id 1', '1', 1, 'Insert', '157.48.246.23', 'Windows 10', 'Chrome 116.0.0.0', '2023-08-30 17:19:27', NULL);
INSERT INTO `logs` (`id`, `message`, `record_id`, `user_id`, `action`, `ip_address`, `platform`, `agent`, `time`, `created_at`) VALUES (1159, 'New Record inserted On  subject timetable id 2', '2', 1, 'Insert', '157.48.246.23', 'Windows 10', 'Chrome 116.0.0.0', '2023-08-30 17:19:47', NULL);
INSERT INTO `logs` (`id`, `message`, `record_id`, `user_id`, `action`, `ip_address`, `platform`, `agent`, `time`, `created_at`) VALUES (1160, 'New Record inserted On  subject timetable id 3', '3', 1, 'Insert', '157.48.246.23', 'Windows 10', 'Chrome 116.0.0.0', '2023-08-30 17:20:13', NULL);
INSERT INTO `logs` (`id`, `message`, `record_id`, `user_id`, `action`, `ip_address`, `platform`, `agent`, `time`, `created_at`) VALUES (1161, 'New Record inserted On  subject timetable id 4', '4', 1, 'Insert', '157.48.246.23', 'Windows 10', 'Chrome 116.0.0.0', '2023-08-30 17:20:49', NULL);
INSERT INTO `logs` (`id`, `message`, `record_id`, `user_id`, `action`, `ip_address`, `platform`, `agent`, `time`, `created_at`) VALUES (1162, 'New Record inserted On  subject timetable id 5', '5', 1, 'Insert', '157.48.246.23', 'Windows 10', 'Chrome 116.0.0.0', '2023-08-30 17:21:15', NULL);
INSERT INTO `logs` (`id`, `message`, `record_id`, `user_id`, `action`, `ip_address`, `platform`, `agent`, `time`, `created_at`) VALUES (1163, 'New Record inserted On  subject timetable id 6', '6', 1, 'Insert', '157.48.246.23', 'Windows 10', 'Chrome 116.0.0.0', '2023-08-30 17:23:52', NULL);
INSERT INTO `logs` (`id`, `message`, `record_id`, `user_id`, `action`, `ip_address`, `platform`, `agent`, `time`, `created_at`) VALUES (1164, 'New Record inserted On  subject timetable id 7', '7', 1, 'Insert', '157.47.54.137', 'Windows 10', 'Chrome 116.0.0.0', '2023-08-30 23:23:18', NULL);
INSERT INTO `logs` (`id`, `message`, `record_id`, `user_id`, `action`, `ip_address`, `platform`, `agent`, `time`, `created_at`) VALUES (1165, 'New Record inserted On  subject timetable id 8', '8', 1, 'Insert', '157.47.37.93', 'Windows 10', 'Chrome 116.0.0.0', '2023-08-31 09:18:09', NULL);
INSERT INTO `logs` (`id`, `message`, `record_id`, `user_id`, `action`, `ip_address`, `platform`, `agent`, `time`, `created_at`) VALUES (1166, 'Record updated On  disable Staff id 3', '3', 1, 'Update', '157.47.37.93', 'Windows 10', 'Chrome 116.0.0.0', '2023-08-31 09:38:18', NULL);
INSERT INTO `logs` (`id`, `message`, `record_id`, `user_id`, `action`, `ip_address`, `platform`, `agent`, `time`, `created_at`) VALUES (1167, 'Record updated On leave types id 1', '1', 1, 'Update', '157.47.37.93', 'Windows 10', 'Chrome 116.0.0.0', '2023-08-31 09:41:39', NULL);
INSERT INTO `logs` (`id`, `message`, `record_id`, `user_id`, `action`, `ip_address`, `platform`, `agent`, `time`, `created_at`) VALUES (1168, 'New Record inserted On staff attendance id 1', '1', 1, 'Insert', '157.47.37.93', 'Windows 10', 'Chrome 116.0.0.0', '2023-08-31 09:46:01', NULL);
INSERT INTO `logs` (`id`, `message`, `record_id`, `user_id`, `action`, `ip_address`, `platform`, `agent`, `time`, `created_at`) VALUES (1169, 'New Record inserted On staff attendance id 2', '2', 1, 'Insert', '157.47.37.93', 'Windows 10', 'Chrome 116.0.0.0', '2023-08-31 09:46:01', NULL);
INSERT INTO `logs` (`id`, `message`, `record_id`, `user_id`, `action`, `ip_address`, `platform`, `agent`, `time`, `created_at`) VALUES (1170, 'New Record inserted On staff attendance id 3', '3', 1, 'Insert', '157.47.37.93', 'Windows 10', 'Chrome 116.0.0.0', '2023-08-31 09:46:01', NULL);
INSERT INTO `logs` (`id`, `message`, `record_id`, `user_id`, `action`, `ip_address`, `platform`, `agent`, `time`, `created_at`) VALUES (1171, 'New Record inserted On staff attendance id 4', '4', 1, 'Insert', '157.47.37.93', 'Windows 10', 'Chrome 116.0.0.0', '2023-08-31 09:46:26', NULL);
INSERT INTO `logs` (`id`, `message`, `record_id`, `user_id`, `action`, `ip_address`, `platform`, `agent`, `time`, `created_at`) VALUES (1172, 'New Record inserted On staff attendance id 5', '5', 1, 'Insert', '157.47.37.93', 'Windows 10', 'Chrome 116.0.0.0', '2023-08-31 09:46:26', NULL);
INSERT INTO `logs` (`id`, `message`, `record_id`, `user_id`, `action`, `ip_address`, `platform`, `agent`, `time`, `created_at`) VALUES (1173, 'New Record inserted On staff attendance id 6', '6', 1, 'Insert', '157.47.37.93', 'Windows 10', 'Chrome 116.0.0.0', '2023-08-31 09:46:26', NULL);
INSERT INTO `logs` (`id`, `message`, `record_id`, `user_id`, `action`, `ip_address`, `platform`, `agent`, `time`, `created_at`) VALUES (1174, 'New Record inserted On staff attendance id 7', '7', 1, 'Insert', '157.47.37.93', 'Windows 10', 'Chrome 116.0.0.0', '2023-08-31 09:46:45', NULL);
INSERT INTO `logs` (`id`, `message`, `record_id`, `user_id`, `action`, `ip_address`, `platform`, `agent`, `time`, `created_at`) VALUES (1175, 'New Record inserted On staff attendance id 8', '8', 1, 'Insert', '157.47.37.93', 'Windows 10', 'Chrome 116.0.0.0', '2023-08-31 09:46:45', NULL);
INSERT INTO `logs` (`id`, `message`, `record_id`, `user_id`, `action`, `ip_address`, `platform`, `agent`, `time`, `created_at`) VALUES (1176, 'New Record inserted On staff attendance id 9', '9', 1, 'Insert', '157.47.37.93', 'Windows 10', 'Chrome 116.0.0.0', '2023-08-31 09:46:45', NULL);
INSERT INTO `logs` (`id`, `message`, `record_id`, `user_id`, `action`, `ip_address`, `platform`, `agent`, `time`, `created_at`) VALUES (1177, 'New Record inserted On staff attendance id 10', '10', 1, 'Insert', '157.47.37.93', 'Windows 10', 'Chrome 116.0.0.0', '2023-08-31 09:46:59', NULL);
INSERT INTO `logs` (`id`, `message`, `record_id`, `user_id`, `action`, `ip_address`, `platform`, `agent`, `time`, `created_at`) VALUES (1178, 'New Record inserted On staff attendance id 11', '11', 1, 'Insert', '157.47.37.93', 'Windows 10', 'Chrome 116.0.0.0', '2023-08-31 09:46:59', NULL);
INSERT INTO `logs` (`id`, `message`, `record_id`, `user_id`, `action`, `ip_address`, `platform`, `agent`, `time`, `created_at`) VALUES (1179, 'New Record inserted On staff attendance id 12', '12', 1, 'Insert', '157.47.37.93', 'Windows 10', 'Chrome 116.0.0.0', '2023-08-31 09:46:59', NULL);
INSERT INTO `logs` (`id`, `message`, `record_id`, `user_id`, `action`, `ip_address`, `platform`, `agent`, `time`, `created_at`) VALUES (1180, 'New Record inserted On staff attendance id 13', '13', 1, 'Insert', '157.47.37.93', 'Windows 10', 'Chrome 116.0.0.0', '2023-08-31 09:47:18', NULL);
INSERT INTO `logs` (`id`, `message`, `record_id`, `user_id`, `action`, `ip_address`, `platform`, `agent`, `time`, `created_at`) VALUES (1181, 'New Record inserted On staff attendance id 14', '14', 1, 'Insert', '157.47.37.93', 'Windows 10', 'Chrome 116.0.0.0', '2023-08-31 09:47:18', NULL);
INSERT INTO `logs` (`id`, `message`, `record_id`, `user_id`, `action`, `ip_address`, `platform`, `agent`, `time`, `created_at`) VALUES (1182, 'New Record inserted On staff attendance id 15', '15', 1, 'Insert', '157.47.37.93', 'Windows 10', 'Chrome 116.0.0.0', '2023-08-31 09:47:18', NULL);
INSERT INTO `logs` (`id`, `message`, `record_id`, `user_id`, `action`, `ip_address`, `platform`, `agent`, `time`, `created_at`) VALUES (1183, 'New Record inserted On staff attendance id 16', '16', 1, 'Insert', '157.47.37.93', 'Windows 10', 'Chrome 116.0.0.0', '2023-08-31 09:47:33', NULL);
INSERT INTO `logs` (`id`, `message`, `record_id`, `user_id`, `action`, `ip_address`, `platform`, `agent`, `time`, `created_at`) VALUES (1184, 'New Record inserted On staff attendance id 17', '17', 1, 'Insert', '157.47.37.93', 'Windows 10', 'Chrome 116.0.0.0', '2023-08-31 09:47:33', NULL);
INSERT INTO `logs` (`id`, `message`, `record_id`, `user_id`, `action`, `ip_address`, `platform`, `agent`, `time`, `created_at`) VALUES (1185, 'New Record inserted On staff attendance id 18', '18', 1, 'Insert', '157.47.37.93', 'Windows 10', 'Chrome 116.0.0.0', '2023-08-31 09:47:33', NULL);
INSERT INTO `logs` (`id`, `message`, `record_id`, `user_id`, `action`, `ip_address`, `platform`, `agent`, `time`, `created_at`) VALUES (1186, 'New Record inserted On staff attendance id 19', '19', 1, 'Insert', '157.47.37.93', 'Windows 10', 'Chrome 116.0.0.0', '2023-08-31 09:47:45', NULL);
INSERT INTO `logs` (`id`, `message`, `record_id`, `user_id`, `action`, `ip_address`, `platform`, `agent`, `time`, `created_at`) VALUES (1187, 'New Record inserted On staff attendance id 20', '20', 1, 'Insert', '157.47.37.93', 'Windows 10', 'Chrome 116.0.0.0', '2023-08-31 09:47:45', NULL);
INSERT INTO `logs` (`id`, `message`, `record_id`, `user_id`, `action`, `ip_address`, `platform`, `agent`, `time`, `created_at`) VALUES (1188, 'New Record inserted On staff attendance id 21', '21', 1, 'Insert', '157.47.37.93', 'Windows 10', 'Chrome 116.0.0.0', '2023-08-31 09:47:45', NULL);
INSERT INTO `logs` (`id`, `message`, `record_id`, `user_id`, `action`, `ip_address`, `platform`, `agent`, `time`, `created_at`) VALUES (1189, 'Record updated On settings id 1', '1', 1, 'Update', '157.47.37.93', 'Windows 10', 'Chrome 116.0.0.0', '2023-08-31 09:52:54', NULL);
INSERT INTO `logs` (`id`, `message`, `record_id`, `user_id`, `action`, `ip_address`, `platform`, `agent`, `time`, `created_at`) VALUES (1190, 'New Record inserted On Staff Payslip id 1', '1', 1, 'Insert', '157.47.117.161', 'Windows 10', 'Chrome 116.0.0.0', '2023-08-31 11:12:36', NULL);
INSERT INTO `logs` (`id`, `message`, `record_id`, `user_id`, `action`, `ip_address`, `platform`, `agent`, `time`, `created_at`) VALUES (1191, 'New Record inserted On payslip allowance id 1', '1', 1, 'Insert', '157.47.117.161', 'Windows 10', 'Chrome 116.0.0.0', '2023-08-31 11:12:36', NULL);
INSERT INTO `logs` (`id`, `message`, `record_id`, `user_id`, `action`, `ip_address`, `platform`, `agent`, `time`, `created_at`) VALUES (1192, 'New Record inserted On payslip allowance id 2', '2', 1, 'Insert', '157.47.117.161', 'Windows 10', 'Chrome 116.0.0.0', '2023-08-31 11:12:36', NULL);
INSERT INTO `logs` (`id`, `message`, `record_id`, `user_id`, `action`, `ip_address`, `platform`, `agent`, `time`, `created_at`) VALUES (1193, 'Record updated On Staff Payslip id 1', '1', 1, 'Update', '157.47.105.206', 'Windows 10', 'Chrome 116.0.0.0', '2023-08-31 11:14:16', NULL);
INSERT INTO `logs` (`id`, `message`, `record_id`, `user_id`, `action`, `ip_address`, `platform`, `agent`, `time`, `created_at`) VALUES (1194, 'Record updated On staff payslip id 1', '1', 1, 'Update', '157.47.105.206', 'Windows 10', 'Chrome 116.0.0.0', '2023-08-31 11:14:46', NULL);
INSERT INTO `logs` (`id`, `message`, `record_id`, `user_id`, `action`, `ip_address`, `platform`, `agent`, `time`, `created_at`) VALUES (1195, 'New Record inserted On leave types id 4', '4', 1, 'Insert', '157.47.113.40', 'Windows 10', 'Chrome 116.0.0.0', '2023-08-31 11:23:41', NULL);
INSERT INTO `logs` (`id`, `message`, `record_id`, `user_id`, `action`, `ip_address`, `platform`, `agent`, `time`, `created_at`) VALUES (1196, 'Record updated On staff id 1', '1', 1, 'Update', '157.47.50.253', 'Windows 10', 'Chrome 116.0.0.0', '2023-08-31 14:01:40', NULL);
INSERT INTO `logs` (`id`, `message`, `record_id`, `user_id`, `action`, `ip_address`, `platform`, `agent`, `time`, `created_at`) VALUES (1197, 'Record updated On staff id 1', '1', 1, 'Update', '157.47.50.253', 'Windows 10', 'Chrome 116.0.0.0', '2023-08-31 14:01:40', NULL);
INSERT INTO `logs` (`id`, `message`, `record_id`, `user_id`, `action`, `ip_address`, `platform`, `agent`, `time`, `created_at`) VALUES (1198, 'Record updated On staff id 2', '2', 1, 'Update', '157.47.63.115', 'Windows 10', 'Chrome 116.0.0.0', '2023-08-31 14:02:02', NULL);
INSERT INTO `logs` (`id`, `message`, `record_id`, `user_id`, `action`, `ip_address`, `platform`, `agent`, `time`, `created_at`) VALUES (1199, 'Record updated On staff id 2', '2', 1, 'Update', '157.47.63.115', 'Windows 10', 'Chrome 116.0.0.0', '2023-08-31 14:02:02', NULL);
INSERT INTO `logs` (`id`, `message`, `record_id`, `user_id`, `action`, `ip_address`, `platform`, `agent`, `time`, `created_at`) VALUES (1200, 'Record updated On staff id 5', '5', 1, 'Update', '157.47.46.33', 'Windows 10', 'Chrome 116.0.0.0', '2023-08-31 14:02:22', NULL);
INSERT INTO `logs` (`id`, `message`, `record_id`, `user_id`, `action`, `ip_address`, `platform`, `agent`, `time`, `created_at`) VALUES (1201, 'Record updated On staff id 5', '5', 1, 'Update', '157.47.46.33', 'Windows 10', 'Chrome 116.0.0.0', '2023-08-31 14:02:22', NULL);
INSERT INTO `logs` (`id`, `message`, `record_id`, `user_id`, `action`, `ip_address`, `platform`, `agent`, `time`, `created_at`) VALUES (1202, 'Record updated On staff id 8', '8', 1, 'Update', '157.47.39.47', 'Windows 10', 'Chrome 116.0.0.0', '2023-08-31 14:02:47', NULL);
INSERT INTO `logs` (`id`, `message`, `record_id`, `user_id`, `action`, `ip_address`, `platform`, `agent`, `time`, `created_at`) VALUES (1203, 'Record updated On staff id 8', '8', 1, 'Update', '157.47.39.47', 'Windows 10', 'Chrome 116.0.0.0', '2023-08-31 14:02:47', NULL);
INSERT INTO `logs` (`id`, `message`, `record_id`, `user_id`, `action`, `ip_address`, `platform`, `agent`, `time`, `created_at`) VALUES (1204, 'Record updated On staff id 1', '1', 1, 'Update', '157.47.39.47', 'Windows 10', 'Chrome 116.0.0.0', '2023-08-31 14:03:05', NULL);
INSERT INTO `logs` (`id`, `message`, `record_id`, `user_id`, `action`, `ip_address`, `platform`, `agent`, `time`, `created_at`) VALUES (1205, 'Record updated On staff id 1', '1', 1, 'Update', '157.47.39.47', 'Windows 10', 'Chrome 116.0.0.0', '2023-08-31 14:03:05', NULL);
INSERT INTO `logs` (`id`, `message`, `record_id`, `user_id`, `action`, `ip_address`, `platform`, `agent`, `time`, `created_at`) VALUES (1206, 'Record updated On staff id 6', '6', 1, 'Update', '157.47.39.47', 'Windows 10', 'Chrome 116.0.0.0', '2023-08-31 14:03:21', NULL);
INSERT INTO `logs` (`id`, `message`, `record_id`, `user_id`, `action`, `ip_address`, `platform`, `agent`, `time`, `created_at`) VALUES (1207, 'Record updated On staff id 6', '6', 1, 'Update', '157.47.39.47', 'Windows 10', 'Chrome 116.0.0.0', '2023-08-31 14:03:21', NULL);
INSERT INTO `logs` (`id`, `message`, `record_id`, `user_id`, `action`, `ip_address`, `platform`, `agent`, `time`, `created_at`) VALUES (1208, 'Record updated On staff id 4', '4', 1, 'Update', '157.47.39.47', 'Windows 10', 'Chrome 116.0.0.0', '2023-08-31 14:03:41', NULL);
INSERT INTO `logs` (`id`, `message`, `record_id`, `user_id`, `action`, `ip_address`, `platform`, `agent`, `time`, `created_at`) VALUES (1209, 'Record updated On staff id 4', '4', 1, 'Update', '157.47.39.47', 'Windows 10', 'Chrome 116.0.0.0', '2023-08-31 14:03:41', NULL);
INSERT INTO `logs` (`id`, `message`, `record_id`, `user_id`, `action`, `ip_address`, `platform`, `agent`, `time`, `created_at`) VALUES (1210, 'Record updated On staff id 7', '7', 1, 'Update', '157.47.62.82', 'Windows 10', 'Chrome 116.0.0.0', '2023-08-31 14:03:59', NULL);
INSERT INTO `logs` (`id`, `message`, `record_id`, `user_id`, `action`, `ip_address`, `platform`, `agent`, `time`, `created_at`) VALUES (1211, 'Record updated On staff id 7', '7', 1, 'Update', '157.47.62.82', 'Windows 10', 'Chrome 116.0.0.0', '2023-08-31 14:03:59', NULL);
INSERT INTO `logs` (`id`, `message`, `record_id`, `user_id`, `action`, `ip_address`, `platform`, `agent`, `time`, `created_at`) VALUES (1212, 'Record updated On staff id 6', '6', 1, 'Update', '157.47.62.82', 'Windows 10', 'Chrome 116.0.0.0', '2023-08-31 14:04:09', NULL);
INSERT INTO `logs` (`id`, `message`, `record_id`, `user_id`, `action`, `ip_address`, `platform`, `agent`, `time`, `created_at`) VALUES (1213, 'Record updated On staff id 6', '6', 1, 'Update', '157.47.62.82', 'Windows 10', 'Chrome 116.0.0.0', '2023-08-31 14:04:09', NULL);
INSERT INTO `logs` (`id`, `message`, `record_id`, `user_id`, `action`, `ip_address`, `platform`, `agent`, `time`, `created_at`) VALUES (1214, 'New Record inserted On staff leave request id 1', '1', 1, 'Insert', '157.47.41.178', 'Windows 10', 'Chrome 116.0.0.0', '2023-08-31 14:13:43', NULL);
INSERT INTO `logs` (`id`, `message`, `record_id`, `user_id`, `action`, `ip_address`, `platform`, `agent`, `time`, `created_at`) VALUES (1215, 'New Record inserted On staff leave request id 2', '2', 1, 'Insert', '157.47.41.178', 'Windows 10', 'Chrome 116.0.0.0', '2023-08-31 14:14:37', NULL);
INSERT INTO `logs` (`id`, `message`, `record_id`, `user_id`, `action`, `ip_address`, `platform`, `agent`, `time`, `created_at`) VALUES (1216, 'New Record inserted On staff leave request id 3', '3', 1, 'Insert', '157.47.41.178', 'Windows 10', 'Chrome 116.0.0.0', '2023-08-31 14:15:27', NULL);
INSERT INTO `logs` (`id`, `message`, `record_id`, `user_id`, `action`, `ip_address`, `platform`, `agent`, `time`, `created_at`) VALUES (1217, 'New Record inserted On staff leave request id 4', '4', 1, 'Insert', '157.47.41.178', 'Windows 10', 'Chrome 116.0.0.0', '2023-08-31 14:17:48', NULL);
INSERT INTO `logs` (`id`, `message`, `record_id`, `user_id`, `action`, `ip_address`, `platform`, `agent`, `time`, `created_at`) VALUES (1218, 'Record updated On staff rating id 1', '1', 1, 'Update', '157.47.48.60', 'Windows 10', 'Chrome 116.0.0.0', '2023-08-31 14:33:21', NULL);
INSERT INTO `logs` (`id`, `message`, `record_id`, `user_id`, `action`, `ip_address`, `platform`, `agent`, `time`, `created_at`) VALUES (1219, 'Record updated On  send notification id 3', '3', 1, 'Update', '157.47.41.178', 'Windows 10', 'Chrome 116.0.0.0', '2023-08-31 16:02:41', NULL);
INSERT INTO `logs` (`id`, `message`, `record_id`, `user_id`, `action`, `ip_address`, `platform`, `agent`, `time`, `created_at`) VALUES (1220, 'Record updated On  Page List id 1', '1', 1, 'Update', '157.45.52.67', 'Windows 10', 'Chrome 116.0.0.0', '2023-09-01 21:32:47', NULL);
INSERT INTO `logs` (`id`, `message`, `record_id`, `user_id`, `action`, `ip_address`, `platform`, `agent`, `time`, `created_at`) VALUES (1221, 'New Record inserted On  upload_contents id 5', '5', 1, 'Insert', '103.180.2.101', 'Windows 10', 'Chrome 116.0.0.0', '2023-09-01 23:53:24', NULL);
INSERT INTO `logs` (`id`, `message`, `record_id`, `user_id`, `action`, `ip_address`, `platform`, `agent`, `time`, `created_at`) VALUES (1222, 'New Record inserted On libarary members id 1', '1', 1, 'Insert', '103.180.2.101', 'Windows 10', 'Chrome 116.0.0.0', '2023-09-02 00:30:00', NULL);
INSERT INTO `logs` (`id`, `message`, `record_id`, `user_id`, `action`, `ip_address`, `platform`, `agent`, `time`, `created_at`) VALUES (1223, 'New Record inserted On libarary members id 2', '2', 1, 'Insert', '103.180.2.101', 'Windows 10', 'Chrome 116.0.0.0', '2023-09-02 00:30:17', NULL);
INSERT INTO `logs` (`id`, `message`, `record_id`, `user_id`, `action`, `ip_address`, `platform`, `agent`, `time`, `created_at`) VALUES (1224, 'New Record inserted On libarary members id 3', '3', 1, 'Insert', '103.180.2.101', 'Windows 10', 'Chrome 116.0.0.0', '2023-09-02 00:30:32', NULL);
INSERT INTO `logs` (`id`, `message`, `record_id`, `user_id`, `action`, `ip_address`, `platform`, `agent`, `time`, `created_at`) VALUES (1225, 'New Record inserted On book issues id 1', '1', 1, 'Insert', '103.180.2.101', 'Windows 10', 'Chrome 116.0.0.0', '2023-09-02 00:34:36', NULL);
INSERT INTO `logs` (`id`, `message`, `record_id`, `user_id`, `action`, `ip_address`, `platform`, `agent`, `time`, `created_at`) VALUES (1226, 'New Record inserted On libarary members id 4', '4', 1, 'Insert', '157.45.47.109', 'Windows 10', 'Chrome 116.0.0.0', '2023-09-02 00:38:21', NULL);
INSERT INTO `logs` (`id`, `message`, `record_id`, `user_id`, `action`, `ip_address`, `platform`, `agent`, `time`, `created_at`) VALUES (1227, 'New Record inserted On libarary members id 5', '5', 1, 'Insert', '157.45.47.109', 'Windows 10', 'Chrome 116.0.0.0', '2023-09-02 00:38:44', NULL);
INSERT INTO `logs` (`id`, `message`, `record_id`, `user_id`, `action`, `ip_address`, `platform`, `agent`, `time`, `created_at`) VALUES (1228, 'New Record inserted On item issue id 1', '1', 1, 'Insert', '157.45.80.10', 'Windows 10', 'Chrome 116.0.0.0', '2023-09-02 00:46:10', NULL);
INSERT INTO `logs` (`id`, `message`, `record_id`, `user_id`, `action`, `ip_address`, `platform`, `agent`, `time`, `created_at`) VALUES (1229, 'New Record inserted On item issue id 2', '2', 1, 'Insert', '157.45.80.10', 'Windows 10', 'Chrome 116.0.0.0', '2023-09-02 00:46:45', NULL);
INSERT INTO `logs` (`id`, `message`, `record_id`, `user_id`, `action`, `ip_address`, `platform`, `agent`, `time`, `created_at`) VALUES (1230, 'Record updated On  item issue id   2  ', '  2  ', 1, 'Update', '157.45.80.10', 'Windows 10', 'Chrome 116.0.0.0', '2023-09-02 00:48:30', NULL);
INSERT INTO `logs` (`id`, `message`, `record_id`, `user_id`, `action`, `ip_address`, `platform`, `agent`, `time`, `created_at`) VALUES (1231, 'New Record inserted On event id 7', '7', 1, 'Insert', '157.45.42.12', 'Windows 10', 'Chrome 116.0.0.0', '2023-09-02 10:31:08', NULL);
INSERT INTO `logs` (`id`, `message`, `record_id`, `user_id`, `action`, `ip_address`, `platform`, `agent`, `time`, `created_at`) VALUES (1232, 'New Record inserted On event id 8', '8', 1, 'Insert', '157.45.42.12', 'Windows 10', 'Chrome 116.0.0.0', '2023-09-02 10:43:29', NULL);
INSERT INTO `logs` (`id`, `message`, `record_id`, `user_id`, `action`, `ip_address`, `platform`, `agent`, `time`, `created_at`) VALUES (1233, 'Record updated On Menu id 4', '4', 1, 'Update', '103.180.2.101', 'Windows 10', 'Chrome 116.0.0.0', '2023-09-02 11:12:27', NULL);
INSERT INTO `logs` (`id`, `message`, `record_id`, `user_id`, `action`, `ip_address`, `platform`, `agent`, `time`, `created_at`) VALUES (1234, 'New Record inserted On sms config id 1', '1', 1, 'Insert', '203.192.204.104', 'Windows 10', 'Chrome 116.0.0.0', '2023-09-02 18:56:26', NULL);
INSERT INTO `logs` (`id`, `message`, `record_id`, `user_id`, `action`, `ip_address`, `platform`, `agent`, `time`, `created_at`) VALUES (1235, 'Record updated On sms config id custom', 'custom', 1, 'Update', '203.192.204.104', 'Windows 10', 'Chrome 116.0.0.0', '2023-09-02 18:58:09', NULL);
INSERT INTO `logs` (`id`, `message`, `record_id`, `user_id`, `action`, `ip_address`, `platform`, `agent`, `time`, `created_at`) VALUES (1236, 'Record updated On settings id 1', '1', 1, 'Update', '203.192.204.104', 'Windows 10', 'Chrome 116.0.0.0', '2023-09-02 19:11:48', NULL);
INSERT INTO `logs` (`id`, `message`, `record_id`, `user_id`, `action`, `ip_address`, `platform`, `agent`, `time`, `created_at`) VALUES (1237, 'Record deleted On languages id 95', '95', 1, 'Delete', '203.192.204.104', 'Windows 10', 'Chrome 116.0.0.0', '2023-09-02 19:13:35', NULL);
INSERT INTO `logs` (`id`, `message`, `record_id`, `user_id`, `action`, `ip_address`, `platform`, `agent`, `time`, `created_at`) VALUES (1238, 'Record updated On settings id 1', '1', 1, 'Update', '203.192.204.104', 'Windows 10', 'Chrome 116.0.0.0', '2023-09-02 19:13:35', NULL);
INSERT INTO `logs` (`id`, `message`, `record_id`, `user_id`, `action`, `ip_address`, `platform`, `agent`, `time`, `created_at`) VALUES (1239, 'Record updated On settings id 1', '1', 1, 'Update', '203.192.204.104', 'Windows 10', 'Chrome 116.0.0.0', '2023-09-02 19:14:01', NULL);
INSERT INTO `logs` (`id`, `message`, `record_id`, `user_id`, `action`, `ip_address`, `platform`, `agent`, `time`, `created_at`) VALUES (1240, 'New Record inserted On custom fields id 1', '1', 1, 'Insert', '203.192.204.104', 'Windows 10', 'Chrome 116.0.0.0', '2023-09-02 19:21:37', NULL);
INSERT INTO `logs` (`id`, `message`, `record_id`, `user_id`, `action`, `ip_address`, `platform`, `agent`, `time`, `created_at`) VALUES (1241, 'New Record inserted On student edit fields id 1', '1', 1, 'Insert', '203.192.204.104', 'Windows 10', 'Chrome 116.0.0.0', '2023-09-02 19:24:32', NULL);
INSERT INTO `logs` (`id`, `message`, `record_id`, `user_id`, `action`, `ip_address`, `platform`, `agent`, `time`, `created_at`) VALUES (1242, 'New Record inserted On student edit fields id 2', '2', 1, 'Insert', '203.192.204.104', 'Windows 10', 'Chrome 116.0.0.0', '2023-09-02 19:24:40', NULL);
INSERT INTO `logs` (`id`, `message`, `record_id`, `user_id`, `action`, `ip_address`, `platform`, `agent`, `time`, `created_at`) VALUES (1243, 'New Record inserted On student edit fields id 3', '3', 1, 'Insert', '203.192.204.104', 'Windows 10', 'Chrome 116.0.0.0', '2023-09-02 19:24:43', NULL);
INSERT INTO `logs` (`id`, `message`, `record_id`, `user_id`, `action`, `ip_address`, `platform`, `agent`, `time`, `created_at`) VALUES (1244, 'New Record inserted On student edit fields id 4', '4', 1, 'Insert', '203.192.204.104', 'Windows 10', 'Chrome 116.0.0.0', '2023-09-02 19:24:47', NULL);
INSERT INTO `logs` (`id`, `message`, `record_id`, `user_id`, `action`, `ip_address`, `platform`, `agent`, `time`, `created_at`) VALUES (1245, 'New Record inserted On student edit fields id 5', '5', 1, 'Insert', '203.192.204.104', 'Windows 10', 'Chrome 116.0.0.0', '2023-09-02 19:24:50', NULL);
INSERT INTO `logs` (`id`, `message`, `record_id`, `user_id`, `action`, `ip_address`, `platform`, `agent`, `time`, `created_at`) VALUES (1246, 'New Record inserted On student edit fields id 6', '6', 1, 'Insert', '203.192.204.104', 'Windows 10', 'Chrome 116.0.0.0', '2023-09-02 19:24:56', NULL);
INSERT INTO `logs` (`id`, `message`, `record_id`, `user_id`, `action`, `ip_address`, `platform`, `agent`, `time`, `created_at`) VALUES (1247, 'New Record inserted On student edit fields id 7', '7', 1, 'Insert', '203.192.204.104', 'Windows 10', 'Chrome 116.0.0.0', '2023-09-02 19:25:04', NULL);
INSERT INTO `logs` (`id`, `message`, `record_id`, `user_id`, `action`, `ip_address`, `platform`, `agent`, `time`, `created_at`) VALUES (1248, 'Record updated On settings id 1', '1', 1, 'Update', '203.192.204.104', 'Windows 10', 'Chrome 116.0.0.0', '2023-09-02 19:25:21', NULL);
INSERT INTO `logs` (`id`, `message`, `record_id`, `user_id`, `action`, `ip_address`, `platform`, `agent`, `time`, `created_at`) VALUES (1249, 'Record updated On  student edit fields id 2', '2', 1, 'Update', '203.192.204.104', 'Windows 10', 'Chrome 116.0.0.0', '2023-09-02 19:31:14', NULL);
INSERT INTO `logs` (`id`, `message`, `record_id`, `user_id`, `action`, `ip_address`, `platform`, `agent`, `time`, `created_at`) VALUES (1250, 'Record updated On  online_admission_fields id 2', '2', 1, 'Update', '203.192.204.104', 'Windows 10', 'Chrome 116.0.0.0', '2023-09-02 19:31:14', NULL);
INSERT INTO `logs` (`id`, `message`, `record_id`, `user_id`, `action`, `ip_address`, `platform`, `agent`, `time`, `created_at`) VALUES (1251, 'Record updated On settings id 1', '1', 1, 'Update', '203.192.204.104', 'Windows 10', 'Chrome 116.0.0.0', '2023-09-02 19:31:14', NULL);
INSERT INTO `logs` (`id`, `message`, `record_id`, `user_id`, `action`, `ip_address`, `platform`, `agent`, `time`, `created_at`) VALUES (1252, 'Record updated On staff id 9', '9', 1, 'Update', '103.110.168.92', 'Windows 10', 'Chrome 116.0.0.0', '2023-09-04 20:31:13', NULL);
INSERT INTO `logs` (`id`, `message`, `record_id`, `user_id`, `action`, `ip_address`, `platform`, `agent`, `time`, `created_at`) VALUES (1253, 'Record updated On staff id 9', '9', 1, 'Update', '103.110.168.92', 'Windows 10', 'Chrome 116.0.0.0', '2023-09-04 20:32:15', NULL);
INSERT INTO `logs` (`id`, `message`, `record_id`, `user_id`, `action`, `ip_address`, `platform`, `agent`, `time`, `created_at`) VALUES (1254, 'Record updated On staff id 9', '9', 1, 'Update', '103.110.168.92', 'Windows 10', 'Chrome 116.0.0.0', '2023-09-04 20:32:15', NULL);
INSERT INTO `logs` (`id`, `message`, `record_id`, `user_id`, `action`, `ip_address`, `platform`, `agent`, `time`, `created_at`) VALUES (1255, 'Record updated On sms config id custom', 'custom', 1, 'Update', '103.135.168.182', 'Windows 10', 'Chrome 116.0.0.0', '2023-09-05 00:13:38', NULL);
INSERT INTO `logs` (`id`, `message`, `record_id`, `user_id`, `action`, `ip_address`, `platform`, `agent`, `time`, `created_at`) VALUES (1256, 'Record deleted On  fee type id 29', '29', 1, 'Delete', '103.110.168.217', 'Windows 10', 'Chrome 116.0.0.0', '2023-09-05 14:02:17', NULL);
INSERT INTO `logs` (`id`, `message`, `record_id`, `user_id`, `action`, `ip_address`, `platform`, `agent`, `time`, `created_at`) VALUES (1257, 'Record deleted On  fee type id 26', '26', 1, 'Delete', '103.110.168.217', 'Windows 10', 'Chrome 116.0.0.0', '2023-09-05 14:02:32', NULL);
INSERT INTO `logs` (`id`, `message`, `record_id`, `user_id`, `action`, `ip_address`, `platform`, `agent`, `time`, `created_at`) VALUES (1258, 'Record deleted On  fee type id 28', '28', 1, 'Delete', '103.110.168.60', 'Windows 10', 'Chrome 116.0.0.0', '2023-09-05 23:38:22', NULL);
INSERT INTO `logs` (`id`, `message`, `record_id`, `user_id`, `action`, `ip_address`, `platform`, `agent`, `time`, `created_at`) VALUES (1259, 'New Record inserted On  fee type id 31', '31', 1, 'Insert', '103.110.168.60', 'Windows 10', 'Chrome 116.0.0.0', '2023-09-05 23:38:48', NULL);
INSERT INTO `logs` (`id`, `message`, `record_id`, `user_id`, `action`, `ip_address`, `platform`, `agent`, `time`, `created_at`) VALUES (1260, 'Record deleted On custom fields id 1', '1', 1, 'Delete', '103.135.168.182', 'Windows 10', 'Chrome 116.0.0.0', '2023-09-06 01:54:22', NULL);


#
# TABLE STRUCTURE FOR: mark_divisions
#

DROP TABLE IF EXISTS `mark_divisions`;

CREATE TABLE `mark_divisions` (
  `id` int(11) NOT NULL AUTO_INCREMENT,
  `name` varchar(200) DEFAULT NULL,
  `percentage_from` float(10,2) DEFAULT NULL,
  `percentage_to` float(10,2) DEFAULT NULL,
  `is_active` int(10) DEFAULT '1',
  `created_at` timestamp NOT NULL DEFAULT CURRENT_TIMESTAMP ON UPDATE CURRENT_TIMESTAMP,
  PRIMARY KEY (`id`)
) ENGINE=InnoDB AUTO_INCREMENT=4 DEFAULT CHARSET=utf8;

INSERT INTO `mark_divisions` (`id`, `name`, `percentage_from`, `percentage_to`, `is_active`, `created_at`) VALUES (1, 'First', '100.00', '60.00', 1, '2023-08-24 07:15:06');
INSERT INTO `mark_divisions` (`id`, `name`, `percentage_from`, `percentage_to`, `is_active`, `created_at`) VALUES (2, 'Second', '60.00', '40.00', 1, '2023-08-24 07:15:22');
INSERT INTO `mark_divisions` (`id`, `name`, `percentage_from`, `percentage_to`, `is_active`, `created_at`) VALUES (3, 'Third', '40.00', '0.00', 1, '2023-08-24 07:15:38');


#
# TABLE STRUCTURE FOR: messages
#

DROP TABLE IF EXISTS `messages`;

CREATE TABLE `messages` (
  `id` int(11) NOT NULL AUTO_INCREMENT,
  `title` varchar(200) DEFAULT NULL,
  `template_id` varchar(100) DEFAULT NULL,
  `email_template_id` int(11) DEFAULT NULL,
  `sms_template_id` int(11) DEFAULT NULL,
  `send_through` varchar(20) DEFAULT NULL,
  `message` text,
  `send_mail` varchar(10) DEFAULT '0',
  `send_sms` varchar(10) DEFAULT '0',
  `is_group` varchar(10) DEFAULT '0',
  `is_individual` varchar(10) DEFAULT '0',
  `is_class` int(10) NOT NULL DEFAULT '0',
  `is_schedule` int(1) NOT NULL,
  `sent` int(11) DEFAULT NULL,
  `schedule_date_time` datetime DEFAULT NULL,
  `group_list` text,
  `user_list` text,
  `schedule_class` int(11) DEFAULT NULL,
  `schedule_section` varchar(255) DEFAULT NULL,
  `created_at` timestamp NOT NULL DEFAULT CURRENT_TIMESTAMP ON UPDATE CURRENT_TIMESTAMP,
  `updated_at` date DEFAULT NULL,
  PRIMARY KEY (`id`)
) ENGINE=InnoDB DEFAULT CHARSET=utf8;

#
# TABLE STRUCTURE FOR: migrations
#

DROP TABLE IF EXISTS `migrations`;

CREATE TABLE `migrations` (
  `version` bigint(20) NOT NULL
) ENGINE=InnoDB DEFAULT CHARSET=utf8;

#
# TABLE STRUCTURE FOR: multi_branch
#

DROP TABLE IF EXISTS `multi_branch`;

CREATE TABLE `multi_branch` (
  `id` int(11) NOT NULL AUTO_INCREMENT,
  `branch_name` varchar(200) DEFAULT NULL,
  `branch_url` varchar(500) NOT NULL,
  `hostname` varchar(200) DEFAULT NULL,
  `username` varchar(200) DEFAULT NULL,
  `password` varchar(200) DEFAULT NULL,
  `database_name` varchar(200) DEFAULT NULL,
  `directory_path` varchar(500) DEFAULT NULL,
  `is_verified` int(11) NOT NULL,
  `created_at` timestamp NOT NULL DEFAULT CURRENT_TIMESTAMP ON UPDATE CURRENT_TIMESTAMP,
  PRIMARY KEY (`id`)
) ENGINE=InnoDB DEFAULT CHARSET=utf8;

#
# TABLE STRUCTURE FOR: notification_roles
#

DROP TABLE IF EXISTS `notification_roles`;

CREATE TABLE `notification_roles` (
  `id` int(11) NOT NULL AUTO_INCREMENT,
  `send_notification_id` int(11) DEFAULT NULL,
  `role_id` int(11) DEFAULT NULL,
  `is_active` int(11) DEFAULT '0',
  `created_at` timestamp NOT NULL DEFAULT CURRENT_TIMESTAMP ON UPDATE CURRENT_TIMESTAMP,
  PRIMARY KEY (`id`),
  KEY `send_notification_id` (`send_notification_id`),
  KEY `role_id` (`role_id`),
  CONSTRAINT `notification_roles_ibfk_1` FOREIGN KEY (`send_notification_id`) REFERENCES `send_notification` (`id`) ON DELETE CASCADE,
  CONSTRAINT `notification_roles_ibfk_2` FOREIGN KEY (`role_id`) REFERENCES `roles` (`id`) ON DELETE CASCADE
) ENGINE=InnoDB AUTO_INCREMENT=14 DEFAULT CHARSET=utf8;

INSERT INTO `notification_roles` (`id`, `send_notification_id`, `role_id`, `is_active`, `created_at`) VALUES (1, 1, 1, 0, '2023-08-24 08:11:18');
INSERT INTO `notification_roles` (`id`, `send_notification_id`, `role_id`, `is_active`, `created_at`) VALUES (2, 1, 2, 0, '2023-08-24 08:11:18');
INSERT INTO `notification_roles` (`id`, `send_notification_id`, `role_id`, `is_active`, `created_at`) VALUES (3, 1, 3, 0, '2023-08-24 08:11:18');
INSERT INTO `notification_roles` (`id`, `send_notification_id`, `role_id`, `is_active`, `created_at`) VALUES (4, 1, 4, 0, '2023-08-24 08:11:18');
INSERT INTO `notification_roles` (`id`, `send_notification_id`, `role_id`, `is_active`, `created_at`) VALUES (5, 1, 6, 0, '2023-08-24 08:11:18');
INSERT INTO `notification_roles` (`id`, `send_notification_id`, `role_id`, `is_active`, `created_at`) VALUES (6, 1, 7, 0, '2023-08-24 08:11:18');
INSERT INTO `notification_roles` (`id`, `send_notification_id`, `role_id`, `is_active`, `created_at`) VALUES (7, 2, 1, 0, '2023-08-24 08:12:15');
INSERT INTO `notification_roles` (`id`, `send_notification_id`, `role_id`, `is_active`, `created_at`) VALUES (8, 2, 2, 0, '2023-08-24 08:12:15');
INSERT INTO `notification_roles` (`id`, `send_notification_id`, `role_id`, `is_active`, `created_at`) VALUES (9, 2, 4, 0, '2023-08-24 08:12:15');
INSERT INTO `notification_roles` (`id`, `send_notification_id`, `role_id`, `is_active`, `created_at`) VALUES (10, 2, 7, 0, '2023-08-24 08:12:15');
INSERT INTO `notification_roles` (`id`, `send_notification_id`, `role_id`, `is_active`, `created_at`) VALUES (11, 3, 1, 0, '2023-08-24 08:13:09');
INSERT INTO `notification_roles` (`id`, `send_notification_id`, `role_id`, `is_active`, `created_at`) VALUES (12, 3, 2, 0, '2023-08-24 08:13:09');
INSERT INTO `notification_roles` (`id`, `send_notification_id`, `role_id`, `is_active`, `created_at`) VALUES (13, 3, 7, 0, '2023-08-24 08:13:09');


#
# TABLE STRUCTURE FOR: notification_setting
#

DROP TABLE IF EXISTS `notification_setting`;

CREATE TABLE `notification_setting` (
  `id` int(11) NOT NULL AUTO_INCREMENT,
  `type` varchar(100) DEFAULT NULL,
  `is_mail` varchar(10) DEFAULT '0',
  `is_sms` varchar(10) DEFAULT '0',
  `is_notification` int(11) NOT NULL DEFAULT '0',
  `display_notification` int(11) NOT NULL DEFAULT '0',
  `display_sms` int(11) NOT NULL DEFAULT '1',
  `is_student_recipient` int(1) DEFAULT NULL,
  `is_guardian_recipient` int(1) DEFAULT NULL,
  `is_staff_recipient` int(1) DEFAULT NULL,
  `display_student_recipient` int(1) DEFAULT NULL,
  `display_guardian_recipient` int(1) DEFAULT NULL,
  `display_staff_recipient` int(1) DEFAULT NULL,
  `subject` varchar(255) NOT NULL,
  `template_id` varchar(100) NOT NULL,
  `template` longtext NOT NULL,
  `variables` text NOT NULL,
  `created_at` timestamp NOT NULL DEFAULT CURRENT_TIMESTAMP ON UPDATE CURRENT_TIMESTAMP,
  PRIMARY KEY (`id`)
) ENGINE=InnoDB AUTO_INCREMENT=19 DEFAULT CHARSET=utf8;

INSERT INTO `notification_setting` (`id`, `type`, `is_mail`, `is_sms`, `is_notification`, `display_notification`, `display_sms`, `is_student_recipient`, `is_guardian_recipient`, `is_staff_recipient`, `display_student_recipient`, `display_guardian_recipient`, `display_staff_recipient`, `subject`, `template_id`, `template`, `variables`, `created_at`) VALUES (1, 'student_admission', '1', '0', 0, 0, 1, 1, 1, NULL, 1, 1, NULL, 'Student Admission', '', 'Dear {{student_name}} your admission is confirm in Class: {{class}} Section:  {{section}} for Session: {{current_session_name}} for more \r\ndetail\r\n contact\r\n System\r\n Admin\r\n {{class}} {{section}} {{admission_no}} {{roll_no}} {{admission_date}} {{mobileno}} {{email}} {{dob}} {{guardian_name}} {{guardian_relation}} {{guardian_phone}} {{father_name}} {{father_phone}} {{blood_group}} {{mother_name}} {{gender}} {{guardian_email}}', '{{student_name}} {{class}}  {{section}}  {{admission_no}}  {{roll_no}}  {{admission_date}}   {{mobileno}}  {{email}}  {{dob}}  {{guardian_name}}  {{guardian_relation}}  {{guardian_phone}}  {{father_name}}  {{father_phone}}  {{blood_group}}  {{mother_name}}  {{gender}} {{guardian_email}} {{current_session_name}} ', '2022-12-28 15:22:24');
INSERT INTO `notification_setting` (`id`, `type`, `is_mail`, `is_sms`, `is_notification`, `display_notification`, `display_sms`, `is_student_recipient`, `is_guardian_recipient`, `is_staff_recipient`, `display_student_recipient`, `display_guardian_recipient`, `display_staff_recipient`, `subject`, `template_id`, `template`, `variables`, `created_at`) VALUES (2, 'exam_result', '1', '0', 0, 1, 1, 1, NULL, NULL, 1, 1, NULL, 'Exam Result', '', 'Dear {{student_name}} - {{exam_roll_no}}, your {{exam}} result has been published.', '{{student_name}} {{exam_roll_no}} {{exam}}', '2022-12-28 15:22:24');
INSERT INTO `notification_setting` (`id`, `type`, `is_mail`, `is_sms`, `is_notification`, `display_notification`, `display_sms`, `is_student_recipient`, `is_guardian_recipient`, `is_staff_recipient`, `display_student_recipient`, `display_guardian_recipient`, `display_staff_recipient`, `subject`, `template_id`, `template`, `variables`, `created_at`) VALUES (3, 'fee_submission', '1', '0', 0, 1, 1, 1, 1, NULL, 1, 1, NULL, 'Fee Submission', '', 'Dear parents, we have received Fees Amount {{fee_amount}} for  {{student_name}}  by Your School Name \r\n{{class}} {{section}} {{fine_type}} {{fine_percentage}} {{fine_amount}} {{fee_group_name}} {{type}} {{code}} {{email}} {{contact_no}} {{invoice_id}} {{sub_invoice_id}} {{due_date}} {{amount}} {{fee_amount}}', '{{student_name}} {{class}} {{section}} {{fine_type}} {{fine_percentage}} {{fine_amount}} {{fee_group_name}} {{type}} {{code}} {{email}} {{contact_no}} {{invoice_id}} {{sub_invoice_id}} {{due_date}} {{amount}} {{fee_amount}}', '2022-12-28 15:22:24');
INSERT INTO `notification_setting` (`id`, `type`, `is_mail`, `is_sms`, `is_notification`, `display_notification`, `display_sms`, `is_student_recipient`, `is_guardian_recipient`, `is_staff_recipient`, `display_student_recipient`, `display_guardian_recipient`, `display_staff_recipient`, `subject`, `template_id`, `template`, `variables`, `created_at`) VALUES (4, 'absent_attendence', '1', '0', 0, 1, 1, 1, 1, NULL, 1, 1, NULL, 'Absent Attendence', '', 'Absent Notice :{{student_name}}  was absent on date {{date}} in period {{subject_name}} {{subject_code}} {{subject_type}} from Your School Name', '{{student_name}} {{mobileno}} {{email}} {{father_name}} {{father_phone}} {{father_occupation}} {{mother_name}} {{mother_phone}} {{guardian_name}} {{guardian_phone}} {{guardian_occupation}} {{guardian_email}} {{date}} {{current_session_name}} {{time_from}} {{time_to}} {{subject_name}} {{subject_code}} {{subject_type}}  ', '2022-12-28 15:22:24');
INSERT INTO `notification_setting` (`id`, `type`, `is_mail`, `is_sms`, `is_notification`, `display_notification`, `display_sms`, `is_student_recipient`, `is_guardian_recipient`, `is_staff_recipient`, `display_student_recipient`, `display_guardian_recipient`, `display_staff_recipient`, `subject`, `template_id`, `template`, `variables`, `created_at`) VALUES (6, 'homework', '1', '0', 0, 1, 1, 1, NULL, NULL, 1, 1, NULL, 'Homework', '', 'New Homework has been created for \r\n{{student_name}} at\r\n\r\n\r\n\r\n{{homework_date}} for the class {{class}} {{section}} {{subject}}. kindly submit your\r\n\r\n\r\n homework before {{submit_date}} .Thank you', '{{homework_date}} {{submit_date}} {{class}} {{section}} {{subject}} {{student_name}} {{admission_no}} ', '2022-12-28 15:22:24');
INSERT INTO `notification_setting` (`id`, `type`, `is_mail`, `is_sms`, `is_notification`, `display_notification`, `display_sms`, `is_student_recipient`, `is_guardian_recipient`, `is_staff_recipient`, `display_student_recipient`, `display_guardian_recipient`, `display_staff_recipient`, `subject`, `template_id`, `template`, `variables`, `created_at`) VALUES (7, 'fees_reminder', '1', '0', 0, 1, 1, 1, 1, NULL, 1, 1, NULL, 'Fees Reminder', '', 'Dear parents, please pay fee amount Rs.{{due_amount}} of {{fee_type}} before {{due_date}} for {{student_name}}  from smart school (ignore if you already paid)', '{{fee_type}}{{fee_code}}{{due_date}}{{student_name}}{{school_name}}{{fee_amount}}{{due_amount}}{{deposit_amount}} ', '2022-12-28 15:22:24');
INSERT INTO `notification_setting` (`id`, `type`, `is_mail`, `is_sms`, `is_notification`, `display_notification`, `display_sms`, `is_student_recipient`, `is_guardian_recipient`, `is_staff_recipient`, `display_student_recipient`, `display_guardian_recipient`, `display_staff_recipient`, `subject`, `template_id`, `template`, `variables`, `created_at`) VALUES (8, 'forgot_password', '1', '0', 0, 0, 0, 1, 1, 1, 1, 1, 1, 'Forgot Password', '', 'Dear  {{name}} , \r\n    Recently a request was submitted to reset password for your account. If you didn\'t make the request, just ignore this email. Otherwise you can reset your password using this link <a href=\'{{resetPassLink}}\'>Click here to reset your password</a>,\r\nif you\'re having trouble clicking the password reset button, copy and paste the URL below into your web browser. your username {{username}}\r\n{{resetPassLink}}\r\n Regards,\r\n {{school_name}}', '{{school_name}}{{name}}{{username}}{{resetPassLink}} ', '2022-12-28 15:22:24');
INSERT INTO `notification_setting` (`id`, `type`, `is_mail`, `is_sms`, `is_notification`, `display_notification`, `display_sms`, `is_student_recipient`, `is_guardian_recipient`, `is_staff_recipient`, `display_student_recipient`, `display_guardian_recipient`, `display_staff_recipient`, `subject`, `template_id`, `template`, `variables`, `created_at`) VALUES (9, 'online_examination_publish_exam', '1', '0', 0, 1, 1, 1, NULL, NULL, 1, 1, NULL, 'Online Examination Publish Exam', '', 'A new exam {{exam_title}} has been created for  duration: {{time_duration}} min, which will be available from:  {{exam_from}} to  {{exam_to}}.', '{{exam_title}} {{exam_from}} {{exam_to}} {{time_duration}} {{attempt}} {{passing_percentage}}', '2022-12-28 15:22:24');
INSERT INTO `notification_setting` (`id`, `type`, `is_mail`, `is_sms`, `is_notification`, `display_notification`, `display_sms`, `is_student_recipient`, `is_guardian_recipient`, `is_staff_recipient`, `display_student_recipient`, `display_guardian_recipient`, `display_staff_recipient`, `subject`, `template_id`, `template`, `variables`, `created_at`) VALUES (10, 'online_examination_publish_result', '1', '0', 0, 1, 1, 1, NULL, NULL, 1, 1, NULL, 'Online Examination Publish Result', '', 'Exam {{exam_title}} result has been declared which was conducted between  {{exam_from}} to   {{exam_to}}, for more details, please check your student portal.', '{{exam_title}} {{exam_from}} {{exam_to}} {{time_duration}} {{attempt}} {{passing_percentage}}', '2022-12-28 15:22:24');
INSERT INTO `notification_setting` (`id`, `type`, `is_mail`, `is_sms`, `is_notification`, `display_notification`, `display_sms`, `is_student_recipient`, `is_guardian_recipient`, `is_staff_recipient`, `display_student_recipient`, `display_guardian_recipient`, `display_staff_recipient`, `subject`, `template_id`, `template`, `variables`, `created_at`) VALUES (11, 'online_admission_form_submission', '1', '0', 0, 1, 1, 1, 1, NULL, 1, 1, NULL, 'Online Admission Form Submission', '', 'Dear {{firstname}}  {{lastname}} your online admission form is Submitted successfully  on date {{date}}. Your Reference number is {{reference_no}}. Please remember your reference number for further process.', ' {{firstname}} {{lastname}} {{date}} {{reference_no}}', '2022-12-28 15:22:24');
INSERT INTO `notification_setting` (`id`, `type`, `is_mail`, `is_sms`, `is_notification`, `display_notification`, `display_sms`, `is_student_recipient`, `is_guardian_recipient`, `is_staff_recipient`, `display_student_recipient`, `display_guardian_recipient`, `display_staff_recipient`, `subject`, `template_id`, `template`, `variables`, `created_at`) VALUES (12, 'online_admission_fees_submission', '0', '0', 0, 1, 1, 1, 1, NULL, 1, 1, NULL, 'Online Admission Fees Submission', '', 'Dear {{firstname}}  {{lastname}} your online admission form is Submitted successfully and the payment of {{paid_amount}} has recieved successfully on date {{date}}. Your Reference number is {{reference_no}}. Please remember your reference number for further process.', ' {{firstname}} {{lastname}} {{date}} {{paid_amount}} {{reference_no}}', '2022-12-28 15:22:24');
INSERT INTO `notification_setting` (`id`, `type`, `is_mail`, `is_sms`, `is_notification`, `display_notification`, `display_sms`, `is_student_recipient`, `is_guardian_recipient`, `is_staff_recipient`, `display_student_recipient`, `display_guardian_recipient`, `display_staff_recipient`, `subject`, `template_id`, `template`, `variables`, `created_at`) VALUES (13, 'student_login_credential', '1', '1', 0, 0, 1, 1, 1, 0, 1, 1, NULL, 'Student Login Credential', '1707163291685208209', 'Hello {{display_name}} your login details for Url: {{url}} Username: {{username}}  Password: {{password}} admission No: {{admission_no}}', '{{url}} {{display_name}} {{username}} {{password}} {{admission_no}}', '2022-08-06 11:04:41');
INSERT INTO `notification_setting` (`id`, `type`, `is_mail`, `is_sms`, `is_notification`, `display_notification`, `display_sms`, `is_student_recipient`, `is_guardian_recipient`, `is_staff_recipient`, `display_student_recipient`, `display_guardian_recipient`, `display_staff_recipient`, `subject`, `template_id`, `template`, `variables`, `created_at`) VALUES (14, 'staff_login_credential', '1', '1', 0, 0, 1, 0, 0, 1, NULL, NULL, 1, 'Staff Login Credential', '1707163291685208209', 'Hello {{first_name}} {{last_name}} your login details for Url: {{url}} Username: {{username}}  Password: {{password}} Employee ID: {{employee_id}}', '{{url}} {{first_name}} {{last_name}} {{username}} {{password}} {{employee_id}}', '2021-12-23 17:29:13');
INSERT INTO `notification_setting` (`id`, `type`, `is_mail`, `is_sms`, `is_notification`, `display_notification`, `display_sms`, `is_student_recipient`, `is_guardian_recipient`, `is_staff_recipient`, `display_student_recipient`, `display_guardian_recipient`, `display_staff_recipient`, `subject`, `template_id`, `template`, `variables`, `created_at`) VALUES (15, 'fee_processing', '1', '1', 1, 1, 1, 1, 1, 0, 1, 1, NULL, 'Fee processing', '1707163291301326898', 'Dear parents, we have received Fees Amount {{fee_amount}} for  {{student_name}}  by Your School Name \r\n{{class}} {{section}} {{email}} {{contact_no}}\r\n\r\n{{student_name}} {{class}} {{section}} {{email}} {{contact_no}} transaction_id :{{transaction_id}} {{fee_amount}}', '{{student_name}} {{class}} {{section}} {{email}} {{contact_no}} {{transaction_id}} {{fee_amount}}', '2021-12-22 15:45:42');
INSERT INTO `notification_setting` (`id`, `type`, `is_mail`, `is_sms`, `is_notification`, `display_notification`, `display_sms`, `is_student_recipient`, `is_guardian_recipient`, `is_staff_recipient`, `display_student_recipient`, `display_guardian_recipient`, `display_staff_recipient`, `subject`, `template_id`, `template`, `variables`, `created_at`) VALUES (16, 'online_admission_fees_processing', '1', '1', 1, 1, 1, 1, 1, 0, 1, 1, NULL, 'Online Admission Fees Processing', '', 'Dear {{firstname}}  {{lastname}} your online admission form is Submitted successfully and the payment of {{paid_amount}} has processing on date {{date}}. Your Reference number is {{reference_no}} and your transaction id {{transaction_id}}. Please remember your reference number for further process.', ' {{firstname}} {{lastname}} {{date}} {{paid_amount}} {{reference_no}} {{transaction_id}}', '2022-08-06 16:39:47');
INSERT INTO `notification_setting` (`id`, `type`, `is_mail`, `is_sms`, `is_notification`, `display_notification`, `display_sms`, `is_student_recipient`, `is_guardian_recipient`, `is_staff_recipient`, `display_student_recipient`, `display_guardian_recipient`, `display_staff_recipient`, `subject`, `template_id`, `template`, `variables`, `created_at`) VALUES (17, 'student_apply_leave', '1', '1', 0, 0, 1, 0, 1, 1, NULL, 1, 1, 'Student Apply Leave ( {{student_name}} - {{admission_no}} )', '', 'My Name is {{student_name}} Class {{class}} section {{section}}. I have to apply leave on {{apply_date}}and from {{from_date}} to {{to_date}}. {{message}} please provide.', '{{message}} {{apply_date}} {{from_date}} {{to_date}} {{student_name}} {{class}} {{section}}', '2022-03-12 17:28:37');
INSERT INTO `notification_setting` (`id`, `type`, `is_mail`, `is_sms`, `is_notification`, `display_notification`, `display_sms`, `is_student_recipient`, `is_guardian_recipient`, `is_staff_recipient`, `display_student_recipient`, `display_guardian_recipient`, `display_staff_recipient`, `subject`, `template_id`, `template`, `variables`, `created_at`) VALUES (18, 'email_pdf_exam_marksheet', '1', '0', 0, 0, 0, 1, 1, 0, 1, 1, NULL, 'Email PDF Exam Marksheet ( {{student_name}} - {{admission_no}} )', '', 'Dear {{student_name}} ({{admission_no}}) {{class}} Section {{section}}. We have mailed you the marksheet of Exam {{exam}} Roll no.{{roll_no}}', '{{student_name}} {{class}}  {{section}}  {{admission_no}}  {{roll_no}} {{exam}} {{admit_card_roll_no}} ', '2022-03-12 17:54:42');


#
# TABLE STRUCTURE FOR: offline_fees_payments
#

DROP TABLE IF EXISTS `offline_fees_payments`;

CREATE TABLE `offline_fees_payments` (
  `id` int(11) NOT NULL AUTO_INCREMENT,
  `invoice_id` varchar(50) DEFAULT NULL,
  `student_session_id` int(11) DEFAULT NULL,
  `student_fees_master_id` int(11) DEFAULT NULL,
  `fee_groups_feetype_id` int(11) DEFAULT NULL,
  `student_transport_fee_id` int(11) DEFAULT NULL,
  `payment_date` date DEFAULT NULL,
  `bank_from` varchar(200) DEFAULT NULL,
  `bank_account_transferred` varchar(200) DEFAULT NULL,
  `reference` varchar(200) DEFAULT NULL,
  `amount` float(10,2) DEFAULT NULL,
  `submit_date` datetime DEFAULT NULL,
  `approve_date` datetime DEFAULT NULL,
  `attachment` text,
  `reply` text,
  `approved_by` int(11) DEFAULT NULL,
  `is_active` varchar(1) DEFAULT '0',
  `created_at` timestamp NOT NULL DEFAULT CURRENT_TIMESTAMP ON UPDATE CURRENT_TIMESTAMP,
  PRIMARY KEY (`id`),
  KEY `student_fees_master_id` (`student_fees_master_id`),
  KEY `fee_groups_feetype_id` (`fee_groups_feetype_id`),
  KEY `student_transport_fee_id` (`student_transport_fee_id`),
  KEY `offline_fees_payments_ibfk_4` (`approved_by`),
  KEY `student_session_id` (`student_session_id`),
  CONSTRAINT `offline_fees_payments_ibfk_1` FOREIGN KEY (`student_fees_master_id`) REFERENCES `student_fees_master` (`id`) ON DELETE CASCADE,
  CONSTRAINT `offline_fees_payments_ibfk_2` FOREIGN KEY (`fee_groups_feetype_id`) REFERENCES `fee_groups_feetype` (`id`) ON DELETE CASCADE,
  CONSTRAINT `offline_fees_payments_ibfk_3` FOREIGN KEY (`student_transport_fee_id`) REFERENCES `student_transport_fees` (`id`) ON DELETE CASCADE,
  CONSTRAINT `offline_fees_payments_ibfk_4` FOREIGN KEY (`approved_by`) REFERENCES `staff` (`id`) ON DELETE CASCADE,
  CONSTRAINT `offline_fees_payments_ibfk_5` FOREIGN KEY (`student_session_id`) REFERENCES `student_session` (`id`) ON DELETE CASCADE
) ENGINE=InnoDB DEFAULT CHARSET=utf8;

#
# TABLE STRUCTURE FOR: online_admission_custom_field_value
#

DROP TABLE IF EXISTS `online_admission_custom_field_value`;

CREATE TABLE `online_admission_custom_field_value` (
  `id` int(11) NOT NULL AUTO_INCREMENT,
  `belong_table_id` int(11) DEFAULT NULL,
  `custom_field_id` int(11) DEFAULT NULL,
  `field_value` longtext NOT NULL,
  `created_at` timestamp NOT NULL DEFAULT CURRENT_TIMESTAMP ON UPDATE CURRENT_TIMESTAMP,
  `updated_at` date DEFAULT NULL,
  PRIMARY KEY (`id`),
  KEY `custom_field_id` (`custom_field_id`),
  CONSTRAINT `online_admission_custom_field_value_ibfk_1` FOREIGN KEY (`custom_field_id`) REFERENCES `custom_fields` (`id`) ON DELETE CASCADE
) ENGINE=InnoDB DEFAULT CHARSET=utf8;

#
# TABLE STRUCTURE FOR: online_admission_fields
#

DROP TABLE IF EXISTS `online_admission_fields`;

CREATE TABLE `online_admission_fields` (
  `id` int(11) NOT NULL AUTO_INCREMENT,
  `name` varchar(250) DEFAULT NULL,
  `status` int(1) DEFAULT NULL,
  `created_at` timestamp NOT NULL DEFAULT CURRENT_TIMESTAMP ON UPDATE CURRENT_TIMESTAMP,
  PRIMARY KEY (`id`)
) ENGINE=InnoDB AUTO_INCREMENT=42 DEFAULT CHARSET=utf8;

INSERT INTO `online_admission_fields` (`id`, `name`, `status`, `created_at`) VALUES (1, 'middlename', 0, '2021-05-28 15:59:23');
INSERT INTO `online_admission_fields` (`id`, `name`, `status`, `created_at`) VALUES (2, 'lastname', 0, '2023-09-02 19:31:14');
INSERT INTO `online_admission_fields` (`id`, `name`, `status`, `created_at`) VALUES (3, 'category', 0, '2021-06-02 10:18:35');
INSERT INTO `online_admission_fields` (`id`, `name`, `status`, `created_at`) VALUES (4, 'religion', 0, '2021-06-02 10:18:35');
INSERT INTO `online_admission_fields` (`id`, `name`, `status`, `created_at`) VALUES (5, 'cast', 0, '2021-06-02 10:18:35');
INSERT INTO `online_admission_fields` (`id`, `name`, `status`, `created_at`) VALUES (6, 'mobile_no', 1, '2021-06-02 10:20:24');
INSERT INTO `online_admission_fields` (`id`, `name`, `status`, `created_at`) VALUES (7, 'admission_date', 0, '2021-06-02 10:18:35');
INSERT INTO `online_admission_fields` (`id`, `name`, `status`, `created_at`) VALUES (8, 'student_photo', 0, '2021-06-02 10:18:35');
INSERT INTO `online_admission_fields` (`id`, `name`, `status`, `created_at`) VALUES (9, 'is_student_house', 0, '2021-05-29 18:52:53');
INSERT INTO `online_admission_fields` (`id`, `name`, `status`, `created_at`) VALUES (10, 'is_blood_group', 0, '2021-06-02 10:18:35');
INSERT INTO `online_admission_fields` (`id`, `name`, `status`, `created_at`) VALUES (11, 'student_height', 0, '2021-06-02 10:18:35');
INSERT INTO `online_admission_fields` (`id`, `name`, `status`, `created_at`) VALUES (12, 'student_weight', 0, '2021-06-02 10:18:35');
INSERT INTO `online_admission_fields` (`id`, `name`, `status`, `created_at`) VALUES (13, 'father_name', 0, '2021-06-02 10:18:35');
INSERT INTO `online_admission_fields` (`id`, `name`, `status`, `created_at`) VALUES (14, 'father_phone', 0, '2021-06-02 10:18:35');
INSERT INTO `online_admission_fields` (`id`, `name`, `status`, `created_at`) VALUES (15, 'father_occupation', 0, '2021-06-02 10:18:35');
INSERT INTO `online_admission_fields` (`id`, `name`, `status`, `created_at`) VALUES (16, 'father_pic', 0, '2021-06-02 10:18:35');
INSERT INTO `online_admission_fields` (`id`, `name`, `status`, `created_at`) VALUES (17, 'mother_name', 0, '2021-06-02 10:18:35');
INSERT INTO `online_admission_fields` (`id`, `name`, `status`, `created_at`) VALUES (18, 'mother_phone', 0, '2021-06-02 10:18:35');
INSERT INTO `online_admission_fields` (`id`, `name`, `status`, `created_at`) VALUES (19, 'mother_occupation', 0, '2021-06-02 10:18:35');
INSERT INTO `online_admission_fields` (`id`, `name`, `status`, `created_at`) VALUES (20, 'mother_pic', 0, '2021-06-02 10:18:35');
INSERT INTO `online_admission_fields` (`id`, `name`, `status`, `created_at`) VALUES (21, 'guardian_name', 1, '2021-06-02 10:20:54');
INSERT INTO `online_admission_fields` (`id`, `name`, `status`, `created_at`) VALUES (22, 'guardian_phone', 1, '2021-06-02 10:20:54');
INSERT INTO `online_admission_fields` (`id`, `name`, `status`, `created_at`) VALUES (23, 'if_guardian_is', 1, '2021-06-02 10:20:54');
INSERT INTO `online_admission_fields` (`id`, `name`, `status`, `created_at`) VALUES (24, 'guardian_relation', 1, '2021-06-02 10:20:54');
INSERT INTO `online_admission_fields` (`id`, `name`, `status`, `created_at`) VALUES (25, 'guardian_email', 1, '2021-06-02 10:21:35');
INSERT INTO `online_admission_fields` (`id`, `name`, `status`, `created_at`) VALUES (26, 'guardian_occupation', 1, '2021-06-02 10:21:26');
INSERT INTO `online_admission_fields` (`id`, `name`, `status`, `created_at`) VALUES (27, 'guardian_address', 1, '2021-06-02 10:21:31');
INSERT INTO `online_admission_fields` (`id`, `name`, `status`, `created_at`) VALUES (28, 'bank_account_no', 0, '2021-06-02 10:18:35');
INSERT INTO `online_admission_fields` (`id`, `name`, `status`, `created_at`) VALUES (29, 'bank_name', 0, '2021-06-02 10:18:35');
INSERT INTO `online_admission_fields` (`id`, `name`, `status`, `created_at`) VALUES (30, 'ifsc_code', 0, '2021-06-02 10:18:35');
INSERT INTO `online_admission_fields` (`id`, `name`, `status`, `created_at`) VALUES (31, 'national_identification_no', 0, '2021-06-02 10:18:35');
INSERT INTO `online_admission_fields` (`id`, `name`, `status`, `created_at`) VALUES (32, 'local_identification_no', 0, '2021-06-02 10:18:35');
INSERT INTO `online_admission_fields` (`id`, `name`, `status`, `created_at`) VALUES (33, 'rte', 0, '2021-06-02 10:18:35');
INSERT INTO `online_admission_fields` (`id`, `name`, `status`, `created_at`) VALUES (34, 'previous_school_details', 0, '2021-06-02 10:18:35');
INSERT INTO `online_admission_fields` (`id`, `name`, `status`, `created_at`) VALUES (35, 'guardian_photo', 1, '2021-06-02 10:21:29');
INSERT INTO `online_admission_fields` (`id`, `name`, `status`, `created_at`) VALUES (36, 'student_note', 0, '2021-06-02 10:25:08');
INSERT INTO `online_admission_fields` (`id`, `name`, `status`, `created_at`) VALUES (37, 'measurement_date', 0, '2021-06-02 10:18:35');
INSERT INTO `online_admission_fields` (`id`, `name`, `status`, `created_at`) VALUES (38, 'student_email', 1, '2021-06-02 10:19:38');
INSERT INTO `online_admission_fields` (`id`, `name`, `status`, `created_at`) VALUES (39, 'current_address', 0, '2021-06-02 10:18:35');
INSERT INTO `online_admission_fields` (`id`, `name`, `status`, `created_at`) VALUES (40, 'permanent_address', 0, '2021-06-02 10:18:35');
INSERT INTO `online_admission_fields` (`id`, `name`, `status`, `created_at`) VALUES (41, 'upload_documents', 1, '2022-09-20 13:30:32');


#
# TABLE STRUCTURE FOR: online_admission_payment
#

DROP TABLE IF EXISTS `online_admission_payment`;

CREATE TABLE `online_admission_payment` (
  `id` int(11) NOT NULL AUTO_INCREMENT,
  `online_admission_id` int(11) NOT NULL,
  `paid_amount` float(10,2) NOT NULL,
  `payment_mode` varchar(50) NOT NULL,
  `payment_type` varchar(100) NOT NULL,
  `transaction_id` varchar(100) NOT NULL,
  `note` varchar(100) NOT NULL,
  `date` datetime NOT NULL,
  PRIMARY KEY (`id`),
  KEY `online_admission_id` (`online_admission_id`),
  CONSTRAINT `online_admission_payment_ibfk_1` FOREIGN KEY (`online_admission_id`) REFERENCES `online_admissions` (`id`) ON DELETE CASCADE
) ENGINE=InnoDB DEFAULT CHARSET=utf8;

#
# TABLE STRUCTURE FOR: online_admissions
#

DROP TABLE IF EXISTS `online_admissions`;

CREATE TABLE `online_admissions` (
  `id` int(11) NOT NULL AUTO_INCREMENT,
  `admission_no` varchar(100) DEFAULT NULL,
  `roll_no` varchar(100) DEFAULT NULL,
  `reference_no` varchar(50) NOT NULL,
  `admission_date` date DEFAULT NULL,
  `firstname` varchar(100) DEFAULT NULL,
  `middlename` varchar(255) NOT NULL,
  `lastname` varchar(100) DEFAULT NULL,
  `rte` varchar(20) NOT NULL DEFAULT 'No',
  `image` varchar(255) DEFAULT NULL,
  `mobileno` varchar(100) DEFAULT NULL,
  `email` varchar(100) DEFAULT NULL,
  `state` varchar(100) DEFAULT NULL,
  `city` varchar(100) DEFAULT NULL,
  `pincode` varchar(100) DEFAULT NULL,
  `religion` varchar(100) DEFAULT NULL,
  `cast` varchar(50) NOT NULL,
  `dob` date DEFAULT NULL,
  `gender` varchar(100) DEFAULT NULL,
  `current_address` text,
  `permanent_address` text,
  `category_id` int(11) DEFAULT NULL,
  `class_section_id` int(11) DEFAULT NULL,
  `route_id` int(11) NOT NULL,
  `school_house_id` int(11) DEFAULT NULL,
  `blood_group` varchar(200) NOT NULL,
  `vehroute_id` int(11) NOT NULL,
  `hostel_room_id` int(11) DEFAULT NULL,
  `adhar_no` varchar(100) DEFAULT NULL,
  `samagra_id` varchar(100) DEFAULT NULL,
  `bank_account_no` varchar(100) DEFAULT NULL,
  `bank_name` varchar(100) DEFAULT NULL,
  `ifsc_code` varchar(100) DEFAULT NULL,
  `guardian_is` varchar(100) NOT NULL,
  `father_name` varchar(100) DEFAULT NULL,
  `father_phone` varchar(100) DEFAULT NULL,
  `father_occupation` varchar(100) DEFAULT NULL,
  `mother_name` varchar(100) DEFAULT NULL,
  `mother_phone` varchar(100) DEFAULT NULL,
  `mother_occupation` varchar(100) DEFAULT NULL,
  `guardian_name` varchar(100) DEFAULT NULL,
  `guardian_relation` varchar(100) DEFAULT NULL,
  `guardian_phone` varchar(100) DEFAULT NULL,
  `guardian_occupation` varchar(150) NOT NULL,
  `guardian_address` text,
  `guardian_email` varchar(100) NOT NULL,
  `father_pic` varchar(255) NOT NULL,
  `mother_pic` varchar(255) NOT NULL,
  `guardian_pic` varchar(255) NOT NULL,
  `is_enroll` int(255) DEFAULT '0',
  `previous_school` text,
  `height` varchar(100) NOT NULL,
  `weight` varchar(100) NOT NULL,
  `note` text NOT NULL,
  `form_status` int(11) NOT NULL,
  `paid_status` int(11) NOT NULL,
  `measurement_date` date DEFAULT NULL,
  `app_key` text,
  `document` text,
  `submit_date` date DEFAULT NULL,
  `disable_at` date DEFAULT NULL,
  `created_at` timestamp NOT NULL DEFAULT CURRENT_TIMESTAMP ON UPDATE CURRENT_TIMESTAMP,
  `updated_at` date DEFAULT NULL,
  PRIMARY KEY (`id`),
  KEY `class_section_id` (`class_section_id`),
  KEY `category_id` (`category_id`),
  KEY `hostel_room_id` (`hostel_room_id`),
  KEY `school_house_id` (`school_house_id`),
  CONSTRAINT `online_admissions_ibfk_1` FOREIGN KEY (`class_section_id`) REFERENCES `class_sections` (`id`) ON DELETE CASCADE,
  CONSTRAINT `online_admissions_ibfk_2` FOREIGN KEY (`category_id`) REFERENCES `categories` (`id`) ON DELETE CASCADE,
  CONSTRAINT `online_admissions_ibfk_3` FOREIGN KEY (`hostel_room_id`) REFERENCES `hostel_rooms` (`id`) ON DELETE CASCADE,
  CONSTRAINT `online_admissions_ibfk_4` FOREIGN KEY (`school_house_id`) REFERENCES `school_houses` (`id`) ON DELETE CASCADE
) ENGINE=InnoDB AUTO_INCREMENT=3 DEFAULT CHARSET=utf8;

INSERT INTO `online_admissions` (`id`, `admission_no`, `roll_no`, `reference_no`, `admission_date`, `firstname`, `middlename`, `lastname`, `rte`, `image`, `mobileno`, `email`, `state`, `city`, `pincode`, `religion`, `cast`, `dob`, `gender`, `current_address`, `permanent_address`, `category_id`, `class_section_id`, `route_id`, `school_house_id`, `blood_group`, `vehroute_id`, `hostel_room_id`, `adhar_no`, `samagra_id`, `bank_account_no`, `bank_name`, `ifsc_code`, `guardian_is`, `father_name`, `father_phone`, `father_occupation`, `mother_name`, `mother_phone`, `mother_occupation`, `guardian_name`, `guardian_relation`, `guardian_phone`, `guardian_occupation`, `guardian_address`, `guardian_email`, `father_pic`, `mother_pic`, `guardian_pic`, `is_enroll`, `previous_school`, `height`, `weight`, `note`, `form_status`, `paid_status`, `measurement_date`, `app_key`, `document`, `submit_date`, `disable_at`, `created_at`, `updated_at`) VALUES (1, NULL, NULL, '156246', NULL, 'poiuyt', '', 'edfghjk', 'No', NULL, '9638527410', 'gmail@gmail.com', NULL, NULL, NULL, NULL, '', '2005-11-08', 'Male', NULL, NULL, NULL, 10, 0, NULL, '', 0, NULL, NULL, NULL, NULL, NULL, NULL, 'father', NULL, NULL, NULL, NULL, NULL, NULL, 'wefghj', 'Father', '', '', '', 'asdfg@gmail.com', '', '', '', 0, NULL, '', '', '', 0, 0, NULL, NULL, NULL, NULL, NULL, '2023-08-30 14:12:04', NULL);
INSERT INTO `online_admissions` (`id`, `admission_no`, `roll_no`, `reference_no`, `admission_date`, `firstname`, `middlename`, `lastname`, `rte`, `image`, `mobileno`, `email`, `state`, `city`, `pincode`, `religion`, `cast`, `dob`, `gender`, `current_address`, `permanent_address`, `category_id`, `class_section_id`, `route_id`, `school_house_id`, `blood_group`, `vehroute_id`, `hostel_room_id`, `adhar_no`, `samagra_id`, `bank_account_no`, `bank_name`, `ifsc_code`, `guardian_is`, `father_name`, `father_phone`, `father_occupation`, `mother_name`, `mother_phone`, `mother_occupation`, `guardian_name`, `guardian_relation`, `guardian_phone`, `guardian_occupation`, `guardian_address`, `guardian_email`, `father_pic`, `mother_pic`, `guardian_pic`, `is_enroll`, `previous_school`, `height`, `weight`, `note`, `form_status`, `paid_status`, `measurement_date`, `app_key`, `document`, `submit_date`, `disable_at`, `created_at`, `updated_at`) VALUES (2, NULL, NULL, '940324', NULL, 'sdfghj', '', 'asdfghj', 'No', NULL, '7410852963', 'qwerty@gmail.com', NULL, NULL, NULL, NULL, '', '2010-02-16', 'Male', NULL, NULL, NULL, 14, 0, NULL, '', 0, NULL, NULL, NULL, NULL, NULL, NULL, 'father', NULL, NULL, NULL, NULL, NULL, NULL, 'asdfghjk', 'Father', '', '', '', 'qwerty@gmail.com', '', '', '', 0, NULL, '', '', '', 0, 0, NULL, NULL, NULL, NULL, NULL, '2023-08-30 14:13:04', NULL);


#
# TABLE STRUCTURE FOR: onlineexam
#

DROP TABLE IF EXISTS `onlineexam`;

CREATE TABLE `onlineexam` (
  `id` int(11) NOT NULL AUTO_INCREMENT,
  `session_id` int(11) DEFAULT NULL,
  `exam` text,
  `attempt` int(11) NOT NULL,
  `exam_from` datetime DEFAULT NULL,
  `exam_to` datetime DEFAULT NULL,
  `is_quiz` int(11) NOT NULL DEFAULT '0',
  `auto_publish_date` datetime DEFAULT NULL,
  `time_from` time DEFAULT NULL,
  `time_to` time DEFAULT NULL,
  `duration` time NOT NULL,
  `passing_percentage` float NOT NULL DEFAULT '0',
  `description` text,
  `publish_result` int(11) NOT NULL DEFAULT '0',
  `answer_word_count` int(11) NOT NULL DEFAULT '-1',
  `is_active` varchar(1) DEFAULT '0',
  `is_marks_display` int(11) NOT NULL DEFAULT '0',
  `is_neg_marking` int(11) NOT NULL DEFAULT '0',
  `is_random_question` int(11) NOT NULL DEFAULT '0',
  `is_rank_generated` int(1) NOT NULL DEFAULT '0',
  `publish_exam_notification` int(1) NOT NULL,
  `publish_result_notification` int(1) NOT NULL,
  `created_at` timestamp NOT NULL DEFAULT CURRENT_TIMESTAMP ON UPDATE CURRENT_TIMESTAMP,
  `updated_at` date DEFAULT NULL,
  PRIMARY KEY (`id`),
  KEY `session_id` (`session_id`),
  CONSTRAINT `onlineexam_ibfk_1` FOREIGN KEY (`session_id`) REFERENCES `sessions` (`id`) ON DELETE CASCADE
) ENGINE=InnoDB AUTO_INCREMENT=6 DEFAULT CHARSET=utf8;

INSERT INTO `onlineexam` (`id`, `session_id`, `exam`, `attempt`, `exam_from`, `exam_to`, `is_quiz`, `auto_publish_date`, `time_from`, `time_to`, `duration`, `passing_percentage`, `description`, `publish_result`, `answer_word_count`, `is_active`, `is_marks_display`, `is_neg_marking`, `is_random_question`, `is_rank_generated`, `publish_exam_notification`, `publish_result_notification`, `created_at`, `updated_at`) VALUES (1, 18, 'Online Practice Quiz', 10, '2023-08-24 07:34:00', '2023-08-24 07:34:00', 1, NULL, NULL, NULL, '01:00:00', '35', '<span style=\"color: rgb(68, 68, 68); font-family: Roboto, sans-serif; font-size: 13.3333px; background-color: rgb(245, 245, 245);\">Instructions to Students:&nbsp;<br />\r\nFill up your personal details carefully.</span><br style=\"box-sizing: border-box; color: rgb(68, 68, 68); font-family: Roboto, sans-serif; font-size: 13.3333px;\" />\r\n<span style=\"color: rgb(68, 68, 68); font-family: Roboto, sans-serif; font-size: 13.3333px; background-color: rgb(245, 245, 245);\">Make every question clear and concise for easy understanding.</span>', 0, 10, '1', 1, 1, 0, 0, 0, 0, '2023-08-24 07:35:49', NULL);
INSERT INTO `onlineexam` (`id`, `session_id`, `exam`, `attempt`, `exam_from`, `exam_to`, `is_quiz`, `auto_publish_date`, `time_from`, `time_to`, `duration`, `passing_percentage`, `description`, `publish_result`, `answer_word_count`, `is_active`, `is_marks_display`, `is_neg_marking`, `is_random_question`, `is_rank_generated`, `publish_exam_notification`, `publish_result_notification`, `created_at`, `updated_at`) VALUES (2, 18, 'Monthly Test(AUGUST-2023)', 10, '2023-08-24 07:34:00', '2023-08-24 07:34:00', 0, NULL, NULL, NULL, '01:00:00', '50', '<span style=\"color: rgb(68, 68, 68); font-family: Roboto, sans-serif; font-size: 13.3333px; background-color: rgb(245, 245, 245);\">Instructions to Students:&nbsp;<br />\r\nFill up your personal details carefully.</span><br style=\"box-sizing: border-box; color: rgb(68, 68, 68); font-family: Roboto, sans-serif; font-size: 13.3333px;\" />\r\n<span style=\"color: rgb(68, 68, 68); font-family: Roboto, sans-serif; font-size: 13.3333px; background-color: rgb(245, 245, 245);\">Make every question clear and concise for easy understanding.</span>', 0, 50, '1', 1, 1, 0, 0, 0, 0, '2023-08-24 07:37:17', NULL);
INSERT INTO `onlineexam` (`id`, `session_id`, `exam`, `attempt`, `exam_from`, `exam_to`, `is_quiz`, `auto_publish_date`, `time_from`, `time_to`, `duration`, `passing_percentage`, `description`, `publish_result`, `answer_word_count`, `is_active`, `is_marks_display`, `is_neg_marking`, `is_random_question`, `is_rank_generated`, `publish_exam_notification`, `publish_result_notification`, `created_at`, `updated_at`) VALUES (3, 18, 'eghjk', 1, '2023-08-07 10:42:00', '2023-08-31 10:42:00', 0, '2023-09-19 10:42:00', NULL, NULL, '02:00:00', '50', 'demo', 0, 1, '0', 0, 0, 0, 0, 0, 0, '2023-08-27 10:42:39', NULL);
INSERT INTO `onlineexam` (`id`, `session_id`, `exam`, `attempt`, `exam_from`, `exam_to`, `is_quiz`, `auto_publish_date`, `time_from`, `time_to`, `duration`, `passing_percentage`, `description`, `publish_result`, `answer_word_count`, `is_active`, `is_marks_display`, `is_neg_marking`, `is_random_question`, `is_rank_generated`, `publish_exam_notification`, `publish_result_notification`, `created_at`, `updated_at`) VALUES (4, 18, 'sdfghjkl', 2, '2023-07-04 17:01:00', '2023-08-01 17:01:00', 0, '2023-08-30 17:01:00', NULL, NULL, '02:00:00', '50', 'aqsdfghjm,', 1, -1, '1', 0, 1, 0, 0, 0, 0, '2023-08-30 17:02:16', NULL);
INSERT INTO `onlineexam` (`id`, `session_id`, `exam`, `attempt`, `exam_from`, `exam_to`, `is_quiz`, `auto_publish_date`, `time_from`, `time_to`, `duration`, `passing_percentage`, `description`, `publish_result`, `answer_word_count`, `is_active`, `is_marks_display`, `is_neg_marking`, `is_random_question`, `is_rank_generated`, `publish_exam_notification`, `publish_result_notification`, `created_at`, `updated_at`) VALUES (5, 18, 'lkjhgfd', 2, '2023-09-08 17:01:00', '2023-09-30 17:01:00', 0, '2023-10-01 17:01:00', NULL, NULL, '02:00:00', '50', 'sdfghjkl;&#39;', 1, -1, '1', 0, 1, 0, 0, 0, 0, '2023-08-30 17:03:47', NULL);


#
# TABLE STRUCTURE FOR: onlineexam_attempts
#

DROP TABLE IF EXISTS `onlineexam_attempts`;

CREATE TABLE `onlineexam_attempts` (
  `id` int(11) NOT NULL AUTO_INCREMENT,
  `onlineexam_student_id` int(11) NOT NULL,
  `created_at` timestamp NOT NULL DEFAULT CURRENT_TIMESTAMP ON UPDATE CURRENT_TIMESTAMP,
  `updated_at` date DEFAULT NULL,
  PRIMARY KEY (`id`),
  KEY `onlineexam_student_id` (`onlineexam_student_id`),
  CONSTRAINT `onlineexam_attempts_ibfk_1` FOREIGN KEY (`onlineexam_student_id`) REFERENCES `onlineexam_students` (`id`) ON DELETE CASCADE
) ENGINE=InnoDB DEFAULT CHARSET=utf8;

#
# TABLE STRUCTURE FOR: onlineexam_questions
#

DROP TABLE IF EXISTS `onlineexam_questions`;

CREATE TABLE `onlineexam_questions` (
  `id` int(11) NOT NULL AUTO_INCREMENT,
  `question_id` int(11) DEFAULT NULL,
  `onlineexam_id` int(11) DEFAULT NULL,
  `session_id` int(11) DEFAULT NULL,
  `marks` float(10,2) NOT NULL DEFAULT '0.00',
  `neg_marks` float(10,2) DEFAULT '0.00',
  `is_active` varchar(1) DEFAULT '0',
  `created_at` timestamp NOT NULL DEFAULT CURRENT_TIMESTAMP ON UPDATE CURRENT_TIMESTAMP,
  `updated_at` date DEFAULT NULL,
  PRIMARY KEY (`id`),
  KEY `onlineexam_id` (`onlineexam_id`),
  KEY `question_id` (`question_id`),
  KEY `session_id` (`session_id`),
  CONSTRAINT `onlineexam_questions_ibfk_1` FOREIGN KEY (`onlineexam_id`) REFERENCES `onlineexam` (`id`) ON DELETE CASCADE,
  CONSTRAINT `onlineexam_questions_ibfk_2` FOREIGN KEY (`question_id`) REFERENCES `questions` (`id`) ON DELETE CASCADE,
  CONSTRAINT `onlineexam_questions_ibfk_3` FOREIGN KEY (`session_id`) REFERENCES `sessions` (`id`) ON DELETE CASCADE
) ENGINE=InnoDB DEFAULT CHARSET=utf8;

#
# TABLE STRUCTURE FOR: onlineexam_student_results
#

DROP TABLE IF EXISTS `onlineexam_student_results`;

CREATE TABLE `onlineexam_student_results` (
  `id` int(11) NOT NULL AUTO_INCREMENT,
  `onlineexam_student_id` int(11) NOT NULL,
  `onlineexam_question_id` int(11) NOT NULL,
  `select_option` longtext,
  `marks` float(10,2) NOT NULL DEFAULT '0.00',
  `remark` text,
  `attachment_name` text,
  `attachment_upload_name` varchar(250) DEFAULT NULL,
  `created_at` timestamp NOT NULL DEFAULT CURRENT_TIMESTAMP ON UPDATE CURRENT_TIMESTAMP,
  `updated_at` date DEFAULT NULL,
  PRIMARY KEY (`id`),
  KEY `onlineexam_student_id` (`onlineexam_student_id`),
  KEY `onlineexam_question_id` (`onlineexam_question_id`),
  CONSTRAINT `onlineexam_student_results_ibfk_1` FOREIGN KEY (`onlineexam_student_id`) REFERENCES `onlineexam_students` (`id`) ON DELETE CASCADE,
  CONSTRAINT `onlineexam_student_results_ibfk_2` FOREIGN KEY (`onlineexam_question_id`) REFERENCES `onlineexam_questions` (`id`) ON DELETE CASCADE
) ENGINE=InnoDB DEFAULT CHARSET=utf8;

#
# TABLE STRUCTURE FOR: onlineexam_students
#

DROP TABLE IF EXISTS `onlineexam_students`;

CREATE TABLE `onlineexam_students` (
  `id` int(11) NOT NULL AUTO_INCREMENT,
  `onlineexam_id` int(11) DEFAULT NULL,
  `student_session_id` int(11) DEFAULT NULL,
  `is_attempted` int(1) NOT NULL DEFAULT '0',
  `rank` int(1) DEFAULT '0',
  `quiz_attempted` int(11) NOT NULL DEFAULT '0',
  `created_at` timestamp NOT NULL DEFAULT CURRENT_TIMESTAMP ON UPDATE CURRENT_TIMESTAMP,
  `updated_at` date DEFAULT NULL,
  PRIMARY KEY (`id`),
  KEY `onlineexam_id` (`onlineexam_id`),
  KEY `student_session_id` (`student_session_id`),
  CONSTRAINT `onlineexam_students_ibfk_1` FOREIGN KEY (`onlineexam_id`) REFERENCES `onlineexam` (`id`) ON DELETE CASCADE,
  CONSTRAINT `onlineexam_students_ibfk_2` FOREIGN KEY (`student_session_id`) REFERENCES `student_session` (`id`) ON DELETE CASCADE
) ENGINE=InnoDB AUTO_INCREMENT=2 DEFAULT CHARSET=utf8;

#
# TABLE STRUCTURE FOR: payment_settings
#

DROP TABLE IF EXISTS `payment_settings`;

CREATE TABLE `payment_settings` (
  `id` int(11) NOT NULL AUTO_INCREMENT,
  `payment_type` varchar(200) NOT NULL,
  `api_username` varchar(200) DEFAULT NULL,
  `api_secret_key` varchar(200) NOT NULL,
  `salt` varchar(200) NOT NULL,
  `api_publishable_key` varchar(200) NOT NULL,
  `api_password` varchar(200) DEFAULT NULL,
  `api_signature` varchar(200) DEFAULT NULL,
  `api_email` varchar(200) DEFAULT NULL,
  `paypal_demo` varchar(100) NOT NULL,
  `account_no` varchar(200) NOT NULL,
  `is_active` varchar(255) DEFAULT 'no',
  `gateway_mode` int(11) NOT NULL COMMENT '0 Testing, 1 live',
  `paytm_website` varchar(255) NOT NULL,
  `paytm_industrytype` varchar(255) NOT NULL,
  `created_at` timestamp NOT NULL DEFAULT CURRENT_TIMESTAMP ON UPDATE CURRENT_TIMESTAMP,
  `updated_at` date DEFAULT NULL,
  PRIMARY KEY (`id`)
) ENGINE=InnoDB AUTO_INCREMENT=2 DEFAULT CHARSET=utf8;

INSERT INTO `payment_settings` (`id`, `payment_type`, `api_username`, `api_secret_key`, `salt`, `api_publishable_key`, `api_password`, `api_signature`, `api_email`, `paypal_demo`, `account_no`, `is_active`, `gateway_mode`, `paytm_website`, `paytm_industrytype`, `created_at`, `updated_at`) VALUES (1, 'razorpay', NULL, 'qwertyuiopzxcfghjkl', '', 'qwertyuio7418528952', NULL, NULL, NULL, '', '', 'yes', 0, '', '', '2023-08-27 11:44:09', NULL);


#
# TABLE STRUCTURE FOR: payslip_allowance
#

DROP TABLE IF EXISTS `payslip_allowance`;

CREATE TABLE `payslip_allowance` (
  `id` int(11) NOT NULL AUTO_INCREMENT,
  `payslip_id` int(11) NOT NULL,
  `allowance_type` varchar(200) NOT NULL,
  `amount` float NOT NULL,
  `staff_id` int(11) NOT NULL,
  `cal_type` varchar(100) NOT NULL,
  PRIMARY KEY (`id`),
  KEY `staff_id` (`staff_id`),
  KEY `payslip_id` (`payslip_id`),
  CONSTRAINT `payslip_allowance_ibfk_1` FOREIGN KEY (`staff_id`) REFERENCES `staff` (`id`) ON DELETE CASCADE,
  CONSTRAINT `payslip_allowance_ibfk_2` FOREIGN KEY (`payslip_id`) REFERENCES `staff_payslip` (`id`) ON DELETE CASCADE
) ENGINE=InnoDB AUTO_INCREMENT=3 DEFAULT CHARSET=utf8;

INSERT INTO `payslip_allowance` (`id`, `payslip_id`, `allowance_type`, `amount`, `staff_id`, `cal_type`) VALUES (1, 1, '', '0', 2, 'positive');
INSERT INTO `payslip_allowance` (`id`, `payslip_id`, `allowance_type`, `amount`, `staff_id`, `cal_type`) VALUES (2, 1, '', '0', 2, 'negative');


#
# TABLE STRUCTURE FOR: permission_category
#

DROP TABLE IF EXISTS `permission_category`;

CREATE TABLE `permission_category` (
  `id` int(11) NOT NULL AUTO_INCREMENT,
  `perm_group_id` int(11) DEFAULT NULL,
  `name` varchar(100) DEFAULT NULL,
  `short_code` varchar(100) DEFAULT NULL,
  `enable_view` int(11) DEFAULT '0',
  `enable_add` int(11) DEFAULT '0',
  `enable_edit` int(11) DEFAULT '0',
  `enable_delete` int(11) DEFAULT '0',
  `created_at` timestamp NOT NULL DEFAULT CURRENT_TIMESTAMP ON UPDATE CURRENT_TIMESTAMP,
  PRIMARY KEY (`id`),
  KEY `idx_short_code` (`short_code`),
  KEY `perm_group_id` (`perm_group_id`),
  CONSTRAINT `permission_category_ibfk_1` FOREIGN KEY (`perm_group_id`) REFERENCES `permission_group` (`id`) ON DELETE CASCADE
) ENGINE=InnoDB AUTO_INCREMENT=10008 DEFAULT CHARSET=utf8;

INSERT INTO `permission_category` (`id`, `perm_group_id`, `name`, `short_code`, `enable_view`, `enable_add`, `enable_edit`, `enable_delete`, `created_at`) VALUES (1, 1, 'Student', 'student', 1, 1, 1, 1, '2019-10-24 11:12:03');
INSERT INTO `permission_category` (`id`, `perm_group_id`, `name`, `short_code`, `enable_view`, `enable_add`, `enable_edit`, `enable_delete`, `created_at`) VALUES (2, 1, 'Import Student', 'import_student', 1, 0, 0, 0, '2018-06-22 15:47:19');
INSERT INTO `permission_category` (`id`, `perm_group_id`, `name`, `short_code`, `enable_view`, `enable_add`, `enable_edit`, `enable_delete`, `created_at`) VALUES (3, 1, 'Student Categories', 'student_categories', 1, 1, 1, 1, '2018-06-22 15:47:36');
INSERT INTO `permission_category` (`id`, `perm_group_id`, `name`, `short_code`, `enable_view`, `enable_add`, `enable_edit`, `enable_delete`, `created_at`) VALUES (4, 1, 'Student Houses', 'student_houses', 1, 1, 1, 1, '2018-06-22 15:47:53');
INSERT INTO `permission_category` (`id`, `perm_group_id`, `name`, `short_code`, `enable_view`, `enable_add`, `enable_edit`, `enable_delete`, `created_at`) VALUES (5, 2, 'Collect Fees', 'collect_fees', 1, 1, 0, 1, '2018-06-22 15:51:03');
INSERT INTO `permission_category` (`id`, `perm_group_id`, `name`, `short_code`, `enable_view`, `enable_add`, `enable_edit`, `enable_delete`, `created_at`) VALUES (6, 2, 'Fees Carry Forward', 'fees_carry_forward', 1, 0, 0, 0, '2018-06-27 05:48:15');
INSERT INTO `permission_category` (`id`, `perm_group_id`, `name`, `short_code`, `enable_view`, `enable_add`, `enable_edit`, `enable_delete`, `created_at`) VALUES (7, 2, 'Fees Master', 'fees_master', 1, 1, 1, 1, '2018-06-27 05:48:57');
INSERT INTO `permission_category` (`id`, `perm_group_id`, `name`, `short_code`, `enable_view`, `enable_add`, `enable_edit`, `enable_delete`, `created_at`) VALUES (8, 2, 'Fees Group', 'fees_group', 1, 1, 1, 1, '2018-06-22 15:51:46');
INSERT INTO `permission_category` (`id`, `perm_group_id`, `name`, `short_code`, `enable_view`, `enable_add`, `enable_edit`, `enable_delete`, `created_at`) VALUES (9, 3, 'Income', 'income', 1, 1, 1, 1, '2018-06-22 15:53:21');
INSERT INTO `permission_category` (`id`, `perm_group_id`, `name`, `short_code`, `enable_view`, `enable_add`, `enable_edit`, `enable_delete`, `created_at`) VALUES (10, 3, 'Income Head', 'income_head', 1, 1, 1, 1, '2018-06-22 15:52:44');
INSERT INTO `permission_category` (`id`, `perm_group_id`, `name`, `short_code`, `enable_view`, `enable_add`, `enable_edit`, `enable_delete`, `created_at`) VALUES (11, 3, 'Search Income', 'search_income', 1, 0, 0, 0, '2018-06-22 15:53:00');
INSERT INTO `permission_category` (`id`, `perm_group_id`, `name`, `short_code`, `enable_view`, `enable_add`, `enable_edit`, `enable_delete`, `created_at`) VALUES (12, 4, 'Expense', 'expense', 1, 1, 1, 1, '2018-06-22 15:54:06');
INSERT INTO `permission_category` (`id`, `perm_group_id`, `name`, `short_code`, `enable_view`, `enable_add`, `enable_edit`, `enable_delete`, `created_at`) VALUES (13, 4, 'Expense Head', 'expense_head', 1, 1, 1, 1, '2018-06-22 15:53:47');
INSERT INTO `permission_category` (`id`, `perm_group_id`, `name`, `short_code`, `enable_view`, `enable_add`, `enable_edit`, `enable_delete`, `created_at`) VALUES (14, 4, 'Search Expense', 'search_expense', 1, 0, 0, 0, '2018-06-22 15:54:13');
INSERT INTO `permission_category` (`id`, `perm_group_id`, `name`, `short_code`, `enable_view`, `enable_add`, `enable_edit`, `enable_delete`, `created_at`) VALUES (15, 5, 'Student / Period Attendance', 'student_attendance', 1, 1, 1, 0, '2019-11-29 06:49:05');
INSERT INTO `permission_category` (`id`, `perm_group_id`, `name`, `short_code`, `enable_view`, `enable_add`, `enable_edit`, `enable_delete`, `created_at`) VALUES (20, 6, 'Marks Grade', 'marks_grade', 1, 1, 1, 1, '2018-06-22 15:55:25');
INSERT INTO `permission_category` (`id`, `perm_group_id`, `name`, `short_code`, `enable_view`, `enable_add`, `enable_edit`, `enable_delete`, `created_at`) VALUES (21, 7, 'Class Timetable', 'class_timetable', 1, 0, 1, 0, '2019-11-24 08:35:17');
INSERT INTO `permission_category` (`id`, `perm_group_id`, `name`, `short_code`, `enable_view`, `enable_add`, `enable_edit`, `enable_delete`, `created_at`) VALUES (23, 7, 'Subject', 'subject', 1, 1, 1, 1, '2018-06-22 16:02:17');
INSERT INTO `permission_category` (`id`, `perm_group_id`, `name`, `short_code`, `enable_view`, `enable_add`, `enable_edit`, `enable_delete`, `created_at`) VALUES (24, 7, 'Class', 'class', 1, 1, 1, 1, '2018-06-22 16:02:35');
INSERT INTO `permission_category` (`id`, `perm_group_id`, `name`, `short_code`, `enable_view`, `enable_add`, `enable_edit`, `enable_delete`, `created_at`) VALUES (25, 7, 'Section', 'section', 1, 1, 1, 1, '2018-06-22 16:01:10');
INSERT INTO `permission_category` (`id`, `perm_group_id`, `name`, `short_code`, `enable_view`, `enable_add`, `enable_edit`, `enable_delete`, `created_at`) VALUES (26, 7, 'Promote Student', 'promote_student', 1, 0, 0, 0, '2018-06-22 16:02:47');
INSERT INTO `permission_category` (`id`, `perm_group_id`, `name`, `short_code`, `enable_view`, `enable_add`, `enable_edit`, `enable_delete`, `created_at`) VALUES (27, 8, 'Upload Content', 'upload_content', 1, 1, 0, 1, '2018-06-22 16:03:19');
INSERT INTO `permission_category` (`id`, `perm_group_id`, `name`, `short_code`, `enable_view`, `enable_add`, `enable_edit`, `enable_delete`, `created_at`) VALUES (28, 9, 'Books List', 'books', 1, 1, 1, 1, '2019-11-24 06:07:12');
INSERT INTO `permission_category` (`id`, `perm_group_id`, `name`, `short_code`, `enable_view`, `enable_add`, `enable_edit`, `enable_delete`, `created_at`) VALUES (29, 9, 'Issue Return', 'issue_return', 1, 0, 0, 0, '2019-11-24 06:07:18');
INSERT INTO `permission_category` (`id`, `perm_group_id`, `name`, `short_code`, `enable_view`, `enable_add`, `enable_edit`, `enable_delete`, `created_at`) VALUES (30, 9, 'Add Staff Member', 'add_staff_member', 1, 0, 0, 0, '2018-07-02 17:07:00');
INSERT INTO `permission_category` (`id`, `perm_group_id`, `name`, `short_code`, `enable_view`, `enable_add`, `enable_edit`, `enable_delete`, `created_at`) VALUES (31, 10, 'Issue Item', 'issue_item', 1, 1, 1, 1, '2019-11-29 12:09:27');
INSERT INTO `permission_category` (`id`, `perm_group_id`, `name`, `short_code`, `enable_view`, `enable_add`, `enable_edit`, `enable_delete`, `created_at`) VALUES (32, 10, 'Add Item Stock', 'item_stock', 1, 1, 1, 1, '2019-11-24 06:09:17');
INSERT INTO `permission_category` (`id`, `perm_group_id`, `name`, `short_code`, `enable_view`, `enable_add`, `enable_edit`, `enable_delete`, `created_at`) VALUES (33, 10, 'Add Item', 'item', 1, 1, 1, 1, '2019-11-24 06:09:39');
INSERT INTO `permission_category` (`id`, `perm_group_id`, `name`, `short_code`, `enable_view`, `enable_add`, `enable_edit`, `enable_delete`, `created_at`) VALUES (34, 10, 'Item Store', 'store', 1, 1, 1, 1, '2019-11-24 06:10:41');
INSERT INTO `permission_category` (`id`, `perm_group_id`, `name`, `short_code`, `enable_view`, `enable_add`, `enable_edit`, `enable_delete`, `created_at`) VALUES (35, 10, 'Item Supplier', 'supplier', 1, 1, 1, 1, '2019-11-24 06:10:49');
INSERT INTO `permission_category` (`id`, `perm_group_id`, `name`, `short_code`, `enable_view`, `enable_add`, `enable_edit`, `enable_delete`, `created_at`) VALUES (37, 11, 'Routes', 'routes', 1, 1, 1, 1, '2018-06-22 16:09:17');
INSERT INTO `permission_category` (`id`, `perm_group_id`, `name`, `short_code`, `enable_view`, `enable_add`, `enable_edit`, `enable_delete`, `created_at`) VALUES (38, 11, 'Vehicle', 'vehicle', 1, 1, 1, 1, '2018-06-22 16:09:36');
INSERT INTO `permission_category` (`id`, `perm_group_id`, `name`, `short_code`, `enable_view`, `enable_add`, `enable_edit`, `enable_delete`, `created_at`) VALUES (39, 11, 'Assign Vehicle', 'assign_vehicle', 1, 1, 1, 1, '2018-06-27 10:09:20');
INSERT INTO `permission_category` (`id`, `perm_group_id`, `name`, `short_code`, `enable_view`, `enable_add`, `enable_edit`, `enable_delete`, `created_at`) VALUES (40, 12, 'Hostel', 'hostel', 1, 1, 1, 1, '2018-06-22 16:10:49');
INSERT INTO `permission_category` (`id`, `perm_group_id`, `name`, `short_code`, `enable_view`, `enable_add`, `enable_edit`, `enable_delete`, `created_at`) VALUES (41, 12, 'Room Type', 'room_type', 1, 1, 1, 1, '2018-06-22 16:10:27');
INSERT INTO `permission_category` (`id`, `perm_group_id`, `name`, `short_code`, `enable_view`, `enable_add`, `enable_edit`, `enable_delete`, `created_at`) VALUES (42, 12, 'Hostel Rooms', 'hostel_rooms', 1, 1, 1, 1, '2018-06-25 11:53:03');
INSERT INTO `permission_category` (`id`, `perm_group_id`, `name`, `short_code`, `enable_view`, `enable_add`, `enable_edit`, `enable_delete`, `created_at`) VALUES (43, 13, 'Notice Board', 'notice_board', 1, 1, 1, 1, '2018-06-22 16:11:17');
INSERT INTO `permission_category` (`id`, `perm_group_id`, `name`, `short_code`, `enable_view`, `enable_add`, `enable_edit`, `enable_delete`, `created_at`) VALUES (44, 13, 'Email', 'email', 1, 0, 0, 0, '2019-11-26 10:50:37');
INSERT INTO `permission_category` (`id`, `perm_group_id`, `name`, `short_code`, `enable_view`, `enable_add`, `enable_edit`, `enable_delete`, `created_at`) VALUES (46, 13, 'Email / SMS Log', 'email_sms_log', 1, 0, 0, 0, '2018-06-22 16:11:23');
INSERT INTO `permission_category` (`id`, `perm_group_id`, `name`, `short_code`, `enable_view`, `enable_add`, `enable_edit`, `enable_delete`, `created_at`) VALUES (53, 15, 'Languages', 'languages', 0, 1, 0, 1, '2021-01-23 12:39:32');
INSERT INTO `permission_category` (`id`, `perm_group_id`, `name`, `short_code`, `enable_view`, `enable_add`, `enable_edit`, `enable_delete`, `created_at`) VALUES (54, 15, 'General Setting', 'general_setting', 1, 0, 1, 0, '2018-07-05 14:38:35');
INSERT INTO `permission_category` (`id`, `perm_group_id`, `name`, `short_code`, `enable_view`, `enable_add`, `enable_edit`, `enable_delete`, `created_at`) VALUES (55, 15, 'Session Setting', 'session_setting', 1, 1, 1, 1, '2018-06-22 16:14:15');
INSERT INTO `permission_category` (`id`, `perm_group_id`, `name`, `short_code`, `enable_view`, `enable_add`, `enable_edit`, `enable_delete`, `created_at`) VALUES (56, 15, 'Notification Setting', 'notification_setting', 1, 0, 1, 0, '2018-07-05 14:38:41');
INSERT INTO `permission_category` (`id`, `perm_group_id`, `name`, `short_code`, `enable_view`, `enable_add`, `enable_edit`, `enable_delete`, `created_at`) VALUES (57, 15, 'SMS Setting', 'sms_setting', 1, 0, 1, 0, '2018-07-05 14:38:47');
INSERT INTO `permission_category` (`id`, `perm_group_id`, `name`, `short_code`, `enable_view`, `enable_add`, `enable_edit`, `enable_delete`, `created_at`) VALUES (58, 15, 'Email Setting', 'email_setting', 1, 0, 1, 0, '2018-07-05 14:38:51');
INSERT INTO `permission_category` (`id`, `perm_group_id`, `name`, `short_code`, `enable_view`, `enable_add`, `enable_edit`, `enable_delete`, `created_at`) VALUES (59, 15, 'Front CMS Setting', 'front_cms_setting', 1, 0, 1, 0, '2018-07-05 14:38:55');
INSERT INTO `permission_category` (`id`, `perm_group_id`, `name`, `short_code`, `enable_view`, `enable_add`, `enable_edit`, `enable_delete`, `created_at`) VALUES (60, 15, 'Payment Methods', 'payment_methods', 1, 0, 1, 0, '2018-07-05 14:38:59');
INSERT INTO `permission_category` (`id`, `perm_group_id`, `name`, `short_code`, `enable_view`, `enable_add`, `enable_edit`, `enable_delete`, `created_at`) VALUES (61, 16, 'Menus', 'menus', 1, 1, 0, 1, '2018-07-09 09:20:06');
INSERT INTO `permission_category` (`id`, `perm_group_id`, `name`, `short_code`, `enable_view`, `enable_add`, `enable_edit`, `enable_delete`, `created_at`) VALUES (62, 16, 'Media Manager', 'media_manager', 1, 1, 0, 1, '2018-07-09 09:20:26');
INSERT INTO `permission_category` (`id`, `perm_group_id`, `name`, `short_code`, `enable_view`, `enable_add`, `enable_edit`, `enable_delete`, `created_at`) VALUES (63, 16, 'Banner Images', 'banner_images', 1, 1, 0, 1, '2018-06-22 16:16:02');
INSERT INTO `permission_category` (`id`, `perm_group_id`, `name`, `short_code`, `enable_view`, `enable_add`, `enable_edit`, `enable_delete`, `created_at`) VALUES (64, 16, 'Pages', 'pages', 1, 1, 1, 1, '2018-06-22 16:16:21');
INSERT INTO `permission_category` (`id`, `perm_group_id`, `name`, `short_code`, `enable_view`, `enable_add`, `enable_edit`, `enable_delete`, `created_at`) VALUES (65, 16, 'Gallery', 'gallery', 1, 1, 1, 1, '2018-06-22 16:17:02');
INSERT INTO `permission_category` (`id`, `perm_group_id`, `name`, `short_code`, `enable_view`, `enable_add`, `enable_edit`, `enable_delete`, `created_at`) VALUES (66, 16, 'Event', 'event', 1, 1, 1, 1, '2018-06-22 16:17:20');
INSERT INTO `permission_category` (`id`, `perm_group_id`, `name`, `short_code`, `enable_view`, `enable_add`, `enable_edit`, `enable_delete`, `created_at`) VALUES (67, 16, 'News', 'notice', 1, 1, 1, 1, '2018-07-03 14:09:34');
INSERT INTO `permission_category` (`id`, `perm_group_id`, `name`, `short_code`, `enable_view`, `enable_add`, `enable_edit`, `enable_delete`, `created_at`) VALUES (68, 2, 'Fees Group Assign', 'fees_group_assign', 1, 0, 0, 0, '2018-06-22 15:50:42');
INSERT INTO `permission_category` (`id`, `perm_group_id`, `name`, `short_code`, `enable_view`, `enable_add`, `enable_edit`, `enable_delete`, `created_at`) VALUES (69, 2, 'Fees Type', 'fees_type', 1, 1, 1, 1, '2018-06-22 15:49:34');
INSERT INTO `permission_category` (`id`, `perm_group_id`, `name`, `short_code`, `enable_view`, `enable_add`, `enable_edit`, `enable_delete`, `created_at`) VALUES (70, 2, 'Fees Discount', 'fees_discount', 1, 1, 1, 1, '2018-06-22 15:50:10');
INSERT INTO `permission_category` (`id`, `perm_group_id`, `name`, `short_code`, `enable_view`, `enable_add`, `enable_edit`, `enable_delete`, `created_at`) VALUES (71, 2, 'Fees Discount Assign', 'fees_discount_assign', 1, 0, 0, 0, '2018-06-22 15:50:17');
INSERT INTO `permission_category` (`id`, `perm_group_id`, `name`, `short_code`, `enable_view`, `enable_add`, `enable_edit`, `enable_delete`, `created_at`) VALUES (73, 2, 'Search Fees Payment', 'search_fees_payment', 1, 0, 0, 0, '2018-06-22 15:50:27');
INSERT INTO `permission_category` (`id`, `perm_group_id`, `name`, `short_code`, `enable_view`, `enable_add`, `enable_edit`, `enable_delete`, `created_at`) VALUES (74, 2, 'Search Due Fees', 'search_due_fees', 1, 0, 0, 0, '2018-06-22 15:50:35');
INSERT INTO `permission_category` (`id`, `perm_group_id`, `name`, `short_code`, `enable_view`, `enable_add`, `enable_edit`, `enable_delete`, `created_at`) VALUES (77, 7, 'Assign Class Teacher', 'assign_class_teacher', 1, 1, 1, 1, '2018-06-22 16:00:52');
INSERT INTO `permission_category` (`id`, `perm_group_id`, `name`, `short_code`, `enable_view`, `enable_add`, `enable_edit`, `enable_delete`, `created_at`) VALUES (78, 17, 'Admission Enquiry', 'admission_enquiry', 1, 1, 1, 1, '2018-06-22 16:21:24');
INSERT INTO `permission_category` (`id`, `perm_group_id`, `name`, `short_code`, `enable_view`, `enable_add`, `enable_edit`, `enable_delete`, `created_at`) VALUES (79, 17, 'Follow Up Admission Enquiry', 'follow_up_admission_enquiry', 1, 1, 0, 1, '2018-06-22 16:21:39');
INSERT INTO `permission_category` (`id`, `perm_group_id`, `name`, `short_code`, `enable_view`, `enable_add`, `enable_edit`, `enable_delete`, `created_at`) VALUES (80, 17, 'Visitor Book', 'visitor_book', 1, 1, 1, 1, '2018-06-22 16:18:58');
INSERT INTO `permission_category` (`id`, `perm_group_id`, `name`, `short_code`, `enable_view`, `enable_add`, `enable_edit`, `enable_delete`, `created_at`) VALUES (81, 17, 'Phone Call Log', 'phone_call_log', 1, 1, 1, 1, '2018-06-22 16:20:57');
INSERT INTO `permission_category` (`id`, `perm_group_id`, `name`, `short_code`, `enable_view`, `enable_add`, `enable_edit`, `enable_delete`, `created_at`) VALUES (82, 17, 'Postal Dispatch', 'postal_dispatch', 1, 1, 1, 1, '2018-06-22 16:20:21');
INSERT INTO `permission_category` (`id`, `perm_group_id`, `name`, `short_code`, `enable_view`, `enable_add`, `enable_edit`, `enable_delete`, `created_at`) VALUES (83, 17, 'Postal Receive', 'postal_receive', 1, 1, 1, 1, '2018-06-22 16:20:04');
INSERT INTO `permission_category` (`id`, `perm_group_id`, `name`, `short_code`, `enable_view`, `enable_add`, `enable_edit`, `enable_delete`, `created_at`) VALUES (84, 17, 'Complain', 'complaint', 1, 1, 1, 1, '2018-07-03 14:10:55');
INSERT INTO `permission_category` (`id`, `perm_group_id`, `name`, `short_code`, `enable_view`, `enable_add`, `enable_edit`, `enable_delete`, `created_at`) VALUES (85, 17, 'Setup Font Office', 'setup_font_office', 1, 1, 1, 1, '2018-06-22 16:19:24');
INSERT INTO `permission_category` (`id`, `perm_group_id`, `name`, `short_code`, `enable_view`, `enable_add`, `enable_edit`, `enable_delete`, `created_at`) VALUES (86, 18, 'Staff', 'staff', 1, 1, 1, 1, '2018-06-22 16:23:31');
INSERT INTO `permission_category` (`id`, `perm_group_id`, `name`, `short_code`, `enable_view`, `enable_add`, `enable_edit`, `enable_delete`, `created_at`) VALUES (87, 18, 'Disable Staff', 'disable_staff', 1, 0, 0, 0, '2018-06-22 16:23:12');
INSERT INTO `permission_category` (`id`, `perm_group_id`, `name`, `short_code`, `enable_view`, `enable_add`, `enable_edit`, `enable_delete`, `created_at`) VALUES (88, 18, 'Staff Attendance', 'staff_attendance', 1, 1, 1, 0, '2018-06-22 16:23:10');
INSERT INTO `permission_category` (`id`, `perm_group_id`, `name`, `short_code`, `enable_view`, `enable_add`, `enable_edit`, `enable_delete`, `created_at`) VALUES (90, 18, 'Staff Payroll', 'staff_payroll', 1, 1, 0, 1, '2018-06-22 16:22:51');
INSERT INTO `permission_category` (`id`, `perm_group_id`, `name`, `short_code`, `enable_view`, `enable_add`, `enable_edit`, `enable_delete`, `created_at`) VALUES (93, 19, 'Homework', 'homework', 1, 1, 1, 1, '2018-06-22 16:23:50');
INSERT INTO `permission_category` (`id`, `perm_group_id`, `name`, `short_code`, `enable_view`, `enable_add`, `enable_edit`, `enable_delete`, `created_at`) VALUES (94, 19, 'Homework Evaluation', 'homework_evaluation', 1, 1, 0, 0, '2018-06-27 08:37:21');
INSERT INTO `permission_category` (`id`, `perm_group_id`, `name`, `short_code`, `enable_view`, `enable_add`, `enable_edit`, `enable_delete`, `created_at`) VALUES (96, 20, 'Student Certificate', 'student_certificate', 1, 1, 1, 1, '2018-07-06 16:11:07');
INSERT INTO `permission_category` (`id`, `perm_group_id`, `name`, `short_code`, `enable_view`, `enable_add`, `enable_edit`, `enable_delete`, `created_at`) VALUES (97, 20, 'Generate Certificate', 'generate_certificate', 1, 0, 0, 0, '2018-07-06 16:07:16');
INSERT INTO `permission_category` (`id`, `perm_group_id`, `name`, `short_code`, `enable_view`, `enable_add`, `enable_edit`, `enable_delete`, `created_at`) VALUES (98, 20, 'Student ID Card', 'student_id_card', 1, 1, 1, 1, '2018-07-06 16:11:28');
INSERT INTO `permission_category` (`id`, `perm_group_id`, `name`, `short_code`, `enable_view`, `enable_add`, `enable_edit`, `enable_delete`, `created_at`) VALUES (99, 20, 'Generate ID Card', 'generate_id_card', 1, 0, 0, 0, '2018-07-06 16:11:49');
INSERT INTO `permission_category` (`id`, `perm_group_id`, `name`, `short_code`, `enable_view`, `enable_add`, `enable_edit`, `enable_delete`, `created_at`) VALUES (102, 21, 'Calendar To Do List', 'calendar_to_do_list', 1, 1, 1, 1, '2018-06-22 16:24:41');
INSERT INTO `permission_category` (`id`, `perm_group_id`, `name`, `short_code`, `enable_view`, `enable_add`, `enable_edit`, `enable_delete`, `created_at`) VALUES (104, 10, 'Item Category', 'item_category', 1, 1, 1, 1, '2018-06-22 16:04:33');
INSERT INTO `permission_category` (`id`, `perm_group_id`, `name`, `short_code`, `enable_view`, `enable_add`, `enable_edit`, `enable_delete`, `created_at`) VALUES (106, 22, 'Quick Session Change', 'quick_session_change', 1, 0, 0, 0, '2018-06-22 16:24:45');
INSERT INTO `permission_category` (`id`, `perm_group_id`, `name`, `short_code`, `enable_view`, `enable_add`, `enable_edit`, `enable_delete`, `created_at`) VALUES (107, 1, 'Disable Student', 'disable_student', 1, 0, 0, 0, '2018-06-25 11:51:34');
INSERT INTO `permission_category` (`id`, `perm_group_id`, `name`, `short_code`, `enable_view`, `enable_add`, `enable_edit`, `enable_delete`, `created_at`) VALUES (108, 18, ' Approve Leave Request', 'approve_leave_request', 1, 0, 1, 1, '2020-10-05 14:26:27');
INSERT INTO `permission_category` (`id`, `perm_group_id`, `name`, `short_code`, `enable_view`, `enable_add`, `enable_edit`, `enable_delete`, `created_at`) VALUES (109, 18, 'Apply Leave', 'apply_leave', 1, 1, 0, 0, '2019-11-29 05:17:46');
INSERT INTO `permission_category` (`id`, `perm_group_id`, `name`, `short_code`, `enable_view`, `enable_add`, `enable_edit`, `enable_delete`, `created_at`) VALUES (110, 18, 'Leave Types ', 'leave_types', 1, 1, 1, 1, '2018-07-02 15:47:56');
INSERT INTO `permission_category` (`id`, `perm_group_id`, `name`, `short_code`, `enable_view`, `enable_add`, `enable_edit`, `enable_delete`, `created_at`) VALUES (111, 18, 'Department', 'department', 1, 1, 1, 1, '2018-06-26 09:27:07');
INSERT INTO `permission_category` (`id`, `perm_group_id`, `name`, `short_code`, `enable_view`, `enable_add`, `enable_edit`, `enable_delete`, `created_at`) VALUES (112, 18, 'Designation', 'designation', 1, 1, 1, 1, '2018-06-26 09:27:07');
INSERT INTO `permission_category` (`id`, `perm_group_id`, `name`, `short_code`, `enable_view`, `enable_add`, `enable_edit`, `enable_delete`, `created_at`) VALUES (113, 22, 'Fees Collection And Expense Monthly Chart', 'fees_collection_and_expense_monthly_chart', 1, 0, 0, 0, '2018-07-03 12:38:15');
INSERT INTO `permission_category` (`id`, `perm_group_id`, `name`, `short_code`, `enable_view`, `enable_add`, `enable_edit`, `enable_delete`, `created_at`) VALUES (114, 22, 'Fees Collection And Expense Yearly Chart', 'fees_collection_and_expense_yearly_chart', 1, 0, 0, 0, '2018-07-03 12:38:15');
INSERT INTO `permission_category` (`id`, `perm_group_id`, `name`, `short_code`, `enable_view`, `enable_add`, `enable_edit`, `enable_delete`, `created_at`) VALUES (115, 22, 'Monthly Fees Collection Widget', 'Monthly fees_collection_widget', 1, 0, 0, 0, '2018-07-03 12:43:35');
INSERT INTO `permission_category` (`id`, `perm_group_id`, `name`, `short_code`, `enable_view`, `enable_add`, `enable_edit`, `enable_delete`, `created_at`) VALUES (116, 22, 'Monthly Expense Widget', 'monthly_expense_widget', 1, 0, 0, 0, '2018-07-03 12:43:35');
INSERT INTO `permission_category` (`id`, `perm_group_id`, `name`, `short_code`, `enable_view`, `enable_add`, `enable_edit`, `enable_delete`, `created_at`) VALUES (117, 22, 'Student Count Widget', 'student_count_widget', 1, 0, 0, 0, '2018-07-03 12:43:35');
INSERT INTO `permission_category` (`id`, `perm_group_id`, `name`, `short_code`, `enable_view`, `enable_add`, `enable_edit`, `enable_delete`, `created_at`) VALUES (118, 22, 'Staff Role Count Widget', 'staff_role_count_widget', 1, 0, 0, 0, '2018-07-03 12:43:35');
INSERT INTO `permission_category` (`id`, `perm_group_id`, `name`, `short_code`, `enable_view`, `enable_add`, `enable_edit`, `enable_delete`, `created_at`) VALUES (122, 5, 'Attendance By Date', 'attendance_by_date', 1, 0, 0, 0, '2018-07-03 14:12:29');
INSERT INTO `permission_category` (`id`, `perm_group_id`, `name`, `short_code`, `enable_view`, `enable_add`, `enable_edit`, `enable_delete`, `created_at`) VALUES (123, 9, 'Add Student', 'add_student', 1, 0, 0, 0, '2018-07-03 14:12:29');
INSERT INTO `permission_category` (`id`, `perm_group_id`, `name`, `short_code`, `enable_view`, `enable_add`, `enable_edit`, `enable_delete`, `created_at`) VALUES (126, 15, 'User Status', 'user_status', 1, 0, 0, 0, '2018-07-03 14:12:29');
INSERT INTO `permission_category` (`id`, `perm_group_id`, `name`, `short_code`, `enable_view`, `enable_add`, `enable_edit`, `enable_delete`, `created_at`) VALUES (127, 18, 'Can See Other Users Profile', 'can_see_other_users_profile', 1, 0, 0, 0, '2018-07-03 14:12:29');
INSERT INTO `permission_category` (`id`, `perm_group_id`, `name`, `short_code`, `enable_view`, `enable_add`, `enable_edit`, `enable_delete`, `created_at`) VALUES (128, 1, 'Student Timeline', 'student_timeline', 1, 1, 1, 1, '2022-12-28 15:22:24');
INSERT INTO `permission_category` (`id`, `perm_group_id`, `name`, `short_code`, `enable_view`, `enable_add`, `enable_edit`, `enable_delete`, `created_at`) VALUES (129, 18, 'Staff Timeline', 'staff_timeline', 1, 1, 1, 1, '2022-12-28 15:22:24');
INSERT INTO `permission_category` (`id`, `perm_group_id`, `name`, `short_code`, `enable_view`, `enable_add`, `enable_edit`, `enable_delete`, `created_at`) VALUES (130, 15, 'Backup', 'backup', 1, 1, 0, 1, '2018-07-09 09:47:17');
INSERT INTO `permission_category` (`id`, `perm_group_id`, `name`, `short_code`, `enable_view`, `enable_add`, `enable_edit`, `enable_delete`, `created_at`) VALUES (131, 15, 'Restore', 'restore', 1, 0, 0, 0, '2018-07-09 09:47:17');
INSERT INTO `permission_category` (`id`, `perm_group_id`, `name`, `short_code`, `enable_view`, `enable_add`, `enable_edit`, `enable_delete`, `created_at`) VALUES (134, 1, 'Disable Reason', 'disable_reason', 1, 1, 1, 1, '2019-11-27 12:09:21');
INSERT INTO `permission_category` (`id`, `perm_group_id`, `name`, `short_code`, `enable_view`, `enable_add`, `enable_edit`, `enable_delete`, `created_at`) VALUES (135, 2, 'Fees Reminder', 'fees_reminder', 1, 0, 1, 0, '2019-10-25 06:09:49');
INSERT INTO `permission_category` (`id`, `perm_group_id`, `name`, `short_code`, `enable_view`, `enable_add`, `enable_edit`, `enable_delete`, `created_at`) VALUES (136, 5, 'Approve Leave', 'approve_leave', 1, 1, 1, 1, '2022-12-28 15:22:24');
INSERT INTO `permission_category` (`id`, `perm_group_id`, `name`, `short_code`, `enable_view`, `enable_add`, `enable_edit`, `enable_delete`, `created_at`) VALUES (137, 6, 'Exam Group', 'exam_group', 1, 1, 1, 1, '2019-10-25 06:32:34');
INSERT INTO `permission_category` (`id`, `perm_group_id`, `name`, `short_code`, `enable_view`, `enable_add`, `enable_edit`, `enable_delete`, `created_at`) VALUES (141, 6, 'Design Admit Card', 'design_admit_card', 1, 1, 1, 1, '2019-10-25 06:36:59');
INSERT INTO `permission_category` (`id`, `perm_group_id`, `name`, `short_code`, `enable_view`, `enable_add`, `enable_edit`, `enable_delete`, `created_at`) VALUES (142, 6, 'Print Admit Card', 'print_admit_card', 1, 0, 0, 0, '2019-11-24 05:27:51');
INSERT INTO `permission_category` (`id`, `perm_group_id`, `name`, `short_code`, `enable_view`, `enable_add`, `enable_edit`, `enable_delete`, `created_at`) VALUES (143, 6, 'Design Marksheet', 'design_marksheet', 1, 1, 1, 1, '2019-10-25 06:40:25');
INSERT INTO `permission_category` (`id`, `perm_group_id`, `name`, `short_code`, `enable_view`, `enable_add`, `enable_edit`, `enable_delete`, `created_at`) VALUES (144, 6, 'Print Marksheet', 'print_marksheet', 1, 0, 0, 0, '2019-10-25 06:41:02');
INSERT INTO `permission_category` (`id`, `perm_group_id`, `name`, `short_code`, `enable_view`, `enable_add`, `enable_edit`, `enable_delete`, `created_at`) VALUES (145, 7, 'Teachers Timetable', 'teachers_time_table', 1, 0, 0, 0, '2019-11-30 08:22:21');
INSERT INTO `permission_category` (`id`, `perm_group_id`, `name`, `short_code`, `enable_view`, `enable_add`, `enable_edit`, `enable_delete`, `created_at`) VALUES (146, 14, 'Student Report', 'student_report', 1, 0, 0, 0, '2019-10-25 06:57:00');
INSERT INTO `permission_category` (`id`, `perm_group_id`, `name`, `short_code`, `enable_view`, `enable_add`, `enable_edit`, `enable_delete`, `created_at`) VALUES (147, 14, 'Guardian Report', 'guardian_report', 1, 0, 0, 0, '2019-10-25 07:00:27');
INSERT INTO `permission_category` (`id`, `perm_group_id`, `name`, `short_code`, `enable_view`, `enable_add`, `enable_edit`, `enable_delete`, `created_at`) VALUES (148, 14, 'Student History', 'student_history', 1, 0, 0, 0, '2019-10-25 07:09:07');
INSERT INTO `permission_category` (`id`, `perm_group_id`, `name`, `short_code`, `enable_view`, `enable_add`, `enable_edit`, `enable_delete`, `created_at`) VALUES (149, 14, 'Student Login Credential Report', 'student_login_credential_report', 1, 0, 0, 0, '2019-10-25 07:09:07');
INSERT INTO `permission_category` (`id`, `perm_group_id`, `name`, `short_code`, `enable_view`, `enable_add`, `enable_edit`, `enable_delete`, `created_at`) VALUES (150, 14, 'Class Subject Report', 'class_subject_report', 1, 0, 0, 0, '2019-10-25 07:09:07');
INSERT INTO `permission_category` (`id`, `perm_group_id`, `name`, `short_code`, `enable_view`, `enable_add`, `enable_edit`, `enable_delete`, `created_at`) VALUES (151, 14, 'Admission Report', 'admission_report', 1, 0, 0, 0, '2019-10-25 07:09:07');
INSERT INTO `permission_category` (`id`, `perm_group_id`, `name`, `short_code`, `enable_view`, `enable_add`, `enable_edit`, `enable_delete`, `created_at`) VALUES (152, 14, 'Sibling Report', 'sibling_report', 1, 0, 0, 0, '2019-10-25 07:09:07');
INSERT INTO `permission_category` (`id`, `perm_group_id`, `name`, `short_code`, `enable_view`, `enable_add`, `enable_edit`, `enable_delete`, `created_at`) VALUES (153, 14, 'Homework Evaluation Report', 'homehork_evaluation_report', 1, 0, 0, 0, '2019-11-24 06:34:24');
INSERT INTO `permission_category` (`id`, `perm_group_id`, `name`, `short_code`, `enable_view`, `enable_add`, `enable_edit`, `enable_delete`, `created_at`) VALUES (154, 14, 'Student Profile', 'student_profile', 1, 0, 0, 0, '2019-10-25 07:09:07');
INSERT INTO `permission_category` (`id`, `perm_group_id`, `name`, `short_code`, `enable_view`, `enable_add`, `enable_edit`, `enable_delete`, `created_at`) VALUES (155, 14, 'Fees Statement', 'fees_statement', 1, 0, 0, 0, '2019-10-25 07:25:52');
INSERT INTO `permission_category` (`id`, `perm_group_id`, `name`, `short_code`, `enable_view`, `enable_add`, `enable_edit`, `enable_delete`, `created_at`) VALUES (156, 14, 'Balance Fees Report', 'balance_fees_report', 1, 0, 0, 0, '2019-10-25 07:25:52');
INSERT INTO `permission_category` (`id`, `perm_group_id`, `name`, `short_code`, `enable_view`, `enable_add`, `enable_edit`, `enable_delete`, `created_at`) VALUES (157, 14, 'Fees Collection Report', 'fees_collection_report', 1, 0, 0, 0, '2019-10-25 07:25:52');
INSERT INTO `permission_category` (`id`, `perm_group_id`, `name`, `short_code`, `enable_view`, `enable_add`, `enable_edit`, `enable_delete`, `created_at`) VALUES (158, 14, 'Online Fees Collection Report', 'online_fees_collection_report', 1, 0, 0, 0, '2019-10-25 07:25:52');
INSERT INTO `permission_category` (`id`, `perm_group_id`, `name`, `short_code`, `enable_view`, `enable_add`, `enable_edit`, `enable_delete`, `created_at`) VALUES (159, 14, 'Income Report', 'income_report', 1, 0, 0, 0, '2019-10-25 07:25:52');
INSERT INTO `permission_category` (`id`, `perm_group_id`, `name`, `short_code`, `enable_view`, `enable_add`, `enable_edit`, `enable_delete`, `created_at`) VALUES (160, 14, 'Expense Report', 'expense_report', 1, 0, 0, 0, '2019-10-25 07:25:52');
INSERT INTO `permission_category` (`id`, `perm_group_id`, `name`, `short_code`, `enable_view`, `enable_add`, `enable_edit`, `enable_delete`, `created_at`) VALUES (161, 14, 'PayRoll Report', 'payroll_report', 1, 0, 0, 0, '2019-10-31 05:53:22');
INSERT INTO `permission_category` (`id`, `perm_group_id`, `name`, `short_code`, `enable_view`, `enable_add`, `enable_edit`, `enable_delete`, `created_at`) VALUES (162, 14, 'Income Group Report', 'income_group_report', 1, 0, 0, 0, '2019-10-25 07:25:52');
INSERT INTO `permission_category` (`id`, `perm_group_id`, `name`, `short_code`, `enable_view`, `enable_add`, `enable_edit`, `enable_delete`, `created_at`) VALUES (163, 14, 'Expense Group Report', 'expense_group_report', 1, 0, 0, 0, '2019-10-25 07:25:52');
INSERT INTO `permission_category` (`id`, `perm_group_id`, `name`, `short_code`, `enable_view`, `enable_add`, `enable_edit`, `enable_delete`, `created_at`) VALUES (164, 14, 'Attendance Report', 'attendance_report', 1, 0, 0, 0, '2019-10-25 07:38:06');
INSERT INTO `permission_category` (`id`, `perm_group_id`, `name`, `short_code`, `enable_view`, `enable_add`, `enable_edit`, `enable_delete`, `created_at`) VALUES (165, 14, 'Staff Attendance Report', 'staff_attendance_report', 1, 0, 0, 0, '2019-10-25 07:38:06');
INSERT INTO `permission_category` (`id`, `perm_group_id`, `name`, `short_code`, `enable_view`, `enable_add`, `enable_edit`, `enable_delete`, `created_at`) VALUES (174, 14, 'Transport Report', 'transport_report', 1, 0, 0, 0, '2019-10-25 07:43:56');
INSERT INTO `permission_category` (`id`, `perm_group_id`, `name`, `short_code`, `enable_view`, `enable_add`, `enable_edit`, `enable_delete`, `created_at`) VALUES (175, 14, 'Hostel Report', 'hostel_report', 1, 0, 0, 0, '2019-11-27 12:21:53');
INSERT INTO `permission_category` (`id`, `perm_group_id`, `name`, `short_code`, `enable_view`, `enable_add`, `enable_edit`, `enable_delete`, `created_at`) VALUES (176, 14, 'Audit Trail Report', 'audit_trail_report', 1, 0, 0, 0, '2019-10-25 07:46:39');
INSERT INTO `permission_category` (`id`, `perm_group_id`, `name`, `short_code`, `enable_view`, `enable_add`, `enable_edit`, `enable_delete`, `created_at`) VALUES (177, 14, 'User Log', 'user_log', 1, 0, 0, 0, '2019-10-25 07:49:27');
INSERT INTO `permission_category` (`id`, `perm_group_id`, `name`, `short_code`, `enable_view`, `enable_add`, `enable_edit`, `enable_delete`, `created_at`) VALUES (178, 14, 'Book Issue Report', 'book_issue_report', 1, 0, 0, 0, '2019-10-25 07:59:04');
INSERT INTO `permission_category` (`id`, `perm_group_id`, `name`, `short_code`, `enable_view`, `enable_add`, `enable_edit`, `enable_delete`, `created_at`) VALUES (179, 14, 'Book Due Report', 'book_due_report', 1, 0, 0, 0, '2019-10-25 07:59:04');
INSERT INTO `permission_category` (`id`, `perm_group_id`, `name`, `short_code`, `enable_view`, `enable_add`, `enable_edit`, `enable_delete`, `created_at`) VALUES (180, 14, 'Book Inventory Report', 'book_inventory_report', 1, 0, 0, 0, '2019-10-25 07:59:04');
INSERT INTO `permission_category` (`id`, `perm_group_id`, `name`, `short_code`, `enable_view`, `enable_add`, `enable_edit`, `enable_delete`, `created_at`) VALUES (181, 14, 'Stock Report', 'stock_report', 1, 0, 0, 0, '2019-10-25 08:01:28');
INSERT INTO `permission_category` (`id`, `perm_group_id`, `name`, `short_code`, `enable_view`, `enable_add`, `enable_edit`, `enable_delete`, `created_at`) VALUES (182, 14, 'Add Item Report', 'add_item_report', 1, 0, 0, 0, '2019-10-25 08:01:28');
INSERT INTO `permission_category` (`id`, `perm_group_id`, `name`, `short_code`, `enable_view`, `enable_add`, `enable_edit`, `enable_delete`, `created_at`) VALUES (183, 14, 'Issue Item Report', 'issue_item_report', 1, 0, 0, 0, '2019-11-29 09:18:06');
INSERT INTO `permission_category` (`id`, `perm_group_id`, `name`, `short_code`, `enable_view`, `enable_add`, `enable_edit`, `enable_delete`, `created_at`) VALUES (185, 23, 'Online Examination', 'online_examination', 1, 1, 1, 1, '2019-11-24 05:24:50');
INSERT INTO `permission_category` (`id`, `perm_group_id`, `name`, `short_code`, `enable_view`, `enable_add`, `enable_edit`, `enable_delete`, `created_at`) VALUES (186, 23, 'Question Bank', 'question_bank', 1, 1, 1, 1, '2019-11-24 05:25:18');
INSERT INTO `permission_category` (`id`, `perm_group_id`, `name`, `short_code`, `enable_view`, `enable_add`, `enable_edit`, `enable_delete`, `created_at`) VALUES (187, 6, 'Exam Result', 'exam_result', 1, 0, 0, 0, '2019-11-24 05:28:50');
INSERT INTO `permission_category` (`id`, `perm_group_id`, `name`, `short_code`, `enable_view`, `enable_add`, `enable_edit`, `enable_delete`, `created_at`) VALUES (188, 7, 'Subject Group', 'subject_group', 1, 1, 1, 1, '2019-11-24 06:04:32');
INSERT INTO `permission_category` (`id`, `perm_group_id`, `name`, `short_code`, `enable_view`, `enable_add`, `enable_edit`, `enable_delete`, `created_at`) VALUES (189, 18, 'Teachers Rating', 'teachers_rating', 1, 0, 1, 1, '2019-11-24 08:42:54');
INSERT INTO `permission_category` (`id`, `perm_group_id`, `name`, `short_code`, `enable_view`, `enable_add`, `enable_edit`, `enable_delete`, `created_at`) VALUES (190, 22, 'Fees Awaiting Payment Widegts', 'fees_awaiting_payment_widegts', 1, 0, 0, 0, '2019-11-24 06:22:51');
INSERT INTO `permission_category` (`id`, `perm_group_id`, `name`, `short_code`, `enable_view`, `enable_add`, `enable_edit`, `enable_delete`, `created_at`) VALUES (191, 22, 'Conveted Leads Widegts', 'conveted_leads_widegts', 1, 0, 0, 0, '2019-11-24 06:28:24');
INSERT INTO `permission_category` (`id`, `perm_group_id`, `name`, `short_code`, `enable_view`, `enable_add`, `enable_edit`, `enable_delete`, `created_at`) VALUES (192, 22, 'Fees Overview Widegts', 'fees_overview_widegts', 1, 0, 0, 0, '2019-11-24 06:27:41');
INSERT INTO `permission_category` (`id`, `perm_group_id`, `name`, `short_code`, `enable_view`, `enable_add`, `enable_edit`, `enable_delete`, `created_at`) VALUES (193, 22, 'Enquiry Overview Widegts', 'enquiry_overview_widegts', 1, 0, 0, 0, '2019-12-02 10:36:09');
INSERT INTO `permission_category` (`id`, `perm_group_id`, `name`, `short_code`, `enable_view`, `enable_add`, `enable_edit`, `enable_delete`, `created_at`) VALUES (194, 22, 'Library Overview Widegts', 'book_overview_widegts', 1, 0, 0, 0, '2019-12-01 06:43:04');
INSERT INTO `permission_category` (`id`, `perm_group_id`, `name`, `short_code`, `enable_view`, `enable_add`, `enable_edit`, `enable_delete`, `created_at`) VALUES (195, 22, 'Student Today Attendance Widegts', 'today_attendance_widegts', 1, 0, 0, 0, '2019-12-03 10:27:45');
INSERT INTO `permission_category` (`id`, `perm_group_id`, `name`, `short_code`, `enable_view`, `enable_add`, `enable_edit`, `enable_delete`, `created_at`) VALUES (196, 6, 'Marks Import', 'marks_import', 1, 0, 0, 0, '2019-11-24 06:32:11');
INSERT INTO `permission_category` (`id`, `perm_group_id`, `name`, `short_code`, `enable_view`, `enable_add`, `enable_edit`, `enable_delete`, `created_at`) VALUES (197, 14, 'Student Attendance Type Report', 'student_attendance_type_report', 1, 0, 0, 0, '2019-11-24 06:36:32');
INSERT INTO `permission_category` (`id`, `perm_group_id`, `name`, `short_code`, `enable_view`, `enable_add`, `enable_edit`, `enable_delete`, `created_at`) VALUES (198, 14, 'Exam Marks Report', 'exam_marks_report', 1, 0, 0, 0, '2019-11-24 06:41:15');
INSERT INTO `permission_category` (`id`, `perm_group_id`, `name`, `short_code`, `enable_view`, `enable_add`, `enable_edit`, `enable_delete`, `created_at`) VALUES (200, 14, 'Online Exam Wise Report', 'online_exam_wise_report', 1, 0, 0, 0, '2019-11-24 06:48:14');
INSERT INTO `permission_category` (`id`, `perm_group_id`, `name`, `short_code`, `enable_view`, `enable_add`, `enable_edit`, `enable_delete`, `created_at`) VALUES (201, 14, 'Online Exams Report', 'online_exams_report', 1, 0, 0, 0, '2019-11-29 08:18:05');
INSERT INTO `permission_category` (`id`, `perm_group_id`, `name`, `short_code`, `enable_view`, `enable_add`, `enable_edit`, `enable_delete`, `created_at`) VALUES (202, 14, 'Online Exams Attempt Report', 'online_exams_attempt_report', 1, 0, 0, 0, '2019-11-29 08:16:24');
INSERT INTO `permission_category` (`id`, `perm_group_id`, `name`, `short_code`, `enable_view`, `enable_add`, `enable_edit`, `enable_delete`, `created_at`) VALUES (203, 14, 'Online Exams Rank Report', 'online_exams_rank_report', 1, 0, 0, 0, '2019-11-24 06:52:25');
INSERT INTO `permission_category` (`id`, `perm_group_id`, `name`, `short_code`, `enable_view`, `enable_add`, `enable_edit`, `enable_delete`, `created_at`) VALUES (204, 14, 'Staff Report', 'staff_report', 1, 0, 0, 0, '2019-11-24 06:55:27');
INSERT INTO `permission_category` (`id`, `perm_group_id`, `name`, `short_code`, `enable_view`, `enable_add`, `enable_edit`, `enable_delete`, `created_at`) VALUES (205, 6, 'Exam', 'exam', 1, 1, 1, 1, '2019-11-24 10:25:48');
INSERT INTO `permission_category` (`id`, `perm_group_id`, `name`, `short_code`, `enable_view`, `enable_add`, `enable_edit`, `enable_delete`, `created_at`) VALUES (207, 6, 'Exam Publish', 'exam_publish', 1, 0, 0, 0, '2019-11-24 10:45:04');
INSERT INTO `permission_category` (`id`, `perm_group_id`, `name`, `short_code`, `enable_view`, `enable_add`, `enable_edit`, `enable_delete`, `created_at`) VALUES (208, 6, 'Link Exam', 'link_exam', 1, 0, 1, 0, '2019-11-24 10:45:04');
INSERT INTO `permission_category` (`id`, `perm_group_id`, `name`, `short_code`, `enable_view`, `enable_add`, `enable_edit`, `enable_delete`, `created_at`) VALUES (210, 6, 'Assign / View student', 'exam_assign_view_student', 1, 0, 1, 0, '2019-11-24 10:45:04');
INSERT INTO `permission_category` (`id`, `perm_group_id`, `name`, `short_code`, `enable_view`, `enable_add`, `enable_edit`, `enable_delete`, `created_at`) VALUES (211, 6, 'Exam Subject', 'exam_subject', 1, 0, 1, 0, '2019-11-24 10:45:04');
INSERT INTO `permission_category` (`id`, `perm_group_id`, `name`, `short_code`, `enable_view`, `enable_add`, `enable_edit`, `enable_delete`, `created_at`) VALUES (212, 6, 'Exam Marks', 'exam_marks', 1, 0, 1, 0, '2019-11-24 10:45:04');
INSERT INTO `permission_category` (`id`, `perm_group_id`, `name`, `short_code`, `enable_view`, `enable_add`, `enable_edit`, `enable_delete`, `created_at`) VALUES (213, 15, 'Language Switcher', 'language_switcher', 1, 0, 0, 0, '2019-11-24 10:47:11');
INSERT INTO `permission_category` (`id`, `perm_group_id`, `name`, `short_code`, `enable_view`, `enable_add`, `enable_edit`, `enable_delete`, `created_at`) VALUES (214, 23, 'Add Questions in Exam ', 'add_questions_in_exam', 1, 0, 1, 0, '2019-11-28 07:08:57');
INSERT INTO `permission_category` (`id`, `perm_group_id`, `name`, `short_code`, `enable_view`, `enable_add`, `enable_edit`, `enable_delete`, `created_at`) VALUES (215, 15, 'Custom Fields', 'custom_fields', 1, 0, 0, 0, '2019-11-29 09:38:35');
INSERT INTO `permission_category` (`id`, `perm_group_id`, `name`, `short_code`, `enable_view`, `enable_add`, `enable_edit`, `enable_delete`, `created_at`) VALUES (216, 15, 'System Fields', 'system_fields', 1, 0, 0, 0, '2019-11-25 05:45:01');
INSERT INTO `permission_category` (`id`, `perm_group_id`, `name`, `short_code`, `enable_view`, `enable_add`, `enable_edit`, `enable_delete`, `created_at`) VALUES (217, 13, 'SMS', 'sms', 1, 0, 0, 0, '2018-06-22 16:10:54');
INSERT INTO `permission_category` (`id`, `perm_group_id`, `name`, `short_code`, `enable_view`, `enable_add`, `enable_edit`, `enable_delete`, `created_at`) VALUES (219, 14, 'Student / Period Attendance Report', 'student_period_attendance_report', 1, 0, 0, 0, '2019-11-29 07:49:31');
INSERT INTO `permission_category` (`id`, `perm_group_id`, `name`, `short_code`, `enable_view`, `enable_add`, `enable_edit`, `enable_delete`, `created_at`) VALUES (220, 14, 'Biometric Attendance Log', 'biometric_attendance_log', 1, 0, 0, 0, '2019-11-27 11:29:16');
INSERT INTO `permission_category` (`id`, `perm_group_id`, `name`, `short_code`, `enable_view`, `enable_add`, `enable_edit`, `enable_delete`, `created_at`) VALUES (221, 14, 'Book Issue Return Report', 'book_issue_return_report', 1, 0, 0, 0, '2019-11-27 12:00:23');
INSERT INTO `permission_category` (`id`, `perm_group_id`, `name`, `short_code`, `enable_view`, `enable_add`, `enable_edit`, `enable_delete`, `created_at`) VALUES (222, 23, 'Assign / View Student', 'online_assign_view_student', 1, 0, 1, 0, '2019-11-28 09:50:22');
INSERT INTO `permission_category` (`id`, `perm_group_id`, `name`, `short_code`, `enable_view`, `enable_add`, `enable_edit`, `enable_delete`, `created_at`) VALUES (223, 14, 'Rank Report', 'rank_report', 1, 0, 0, 0, '2019-11-29 08:00:21');
INSERT INTO `permission_category` (`id`, `perm_group_id`, `name`, `short_code`, `enable_view`, `enable_add`, `enable_edit`, `enable_delete`, `created_at`) VALUES (224, 25, 'Chat', 'chat', 1, 0, 0, 0, '2019-11-29 09:40:28');
INSERT INTO `permission_category` (`id`, `perm_group_id`, `name`, `short_code`, `enable_view`, `enable_add`, `enable_edit`, `enable_delete`, `created_at`) VALUES (226, 22, 'Income Donut Graph', 'income_donut_graph', 1, 0, 0, 0, '2019-11-29 10:30:33');
INSERT INTO `permission_category` (`id`, `perm_group_id`, `name`, `short_code`, `enable_view`, `enable_add`, `enable_edit`, `enable_delete`, `created_at`) VALUES (227, 22, 'Expense Donut Graph', 'expense_donut_graph', 1, 0, 0, 0, '2019-11-29 10:31:10');
INSERT INTO `permission_category` (`id`, `perm_group_id`, `name`, `short_code`, `enable_view`, `enable_add`, `enable_edit`, `enable_delete`, `created_at`) VALUES (228, 9, 'Import Book', 'import_book', 1, 0, 0, 0, '2019-11-29 11:51:01');
INSERT INTO `permission_category` (`id`, `perm_group_id`, `name`, `short_code`, `enable_view`, `enable_add`, `enable_edit`, `enable_delete`, `created_at`) VALUES (229, 22, 'Staff Present Today Widegts', 'staff_present_today_widegts', 1, 0, 0, 0, '2019-11-29 12:18:00');
INSERT INTO `permission_category` (`id`, `perm_group_id`, `name`, `short_code`, `enable_view`, `enable_add`, `enable_edit`, `enable_delete`, `created_at`) VALUES (230, 22, 'Student Present Today Widegts', 'student_present_today_widegts', 1, 0, 0, 0, '2019-11-29 12:17:42');
INSERT INTO `permission_category` (`id`, `perm_group_id`, `name`, `short_code`, `enable_view`, `enable_add`, `enable_edit`, `enable_delete`, `created_at`) VALUES (231, 26, 'Multi Class Student', 'multi_class_student', 1, 1, 1, 1, '2020-10-05 14:26:27');
INSERT INTO `permission_category` (`id`, `perm_group_id`, `name`, `short_code`, `enable_view`, `enable_add`, `enable_edit`, `enable_delete`, `created_at`) VALUES (232, 27, 'Online Admission', 'online_admission', 1, 0, 1, 1, '2019-12-02 11:41:10');
INSERT INTO `permission_category` (`id`, `perm_group_id`, `name`, `short_code`, `enable_view`, `enable_add`, `enable_edit`, `enable_delete`, `created_at`) VALUES (233, 15, 'Print Header Footer', 'print_header_footer', 1, 0, 0, 0, '2020-02-12 07:32:02');
INSERT INTO `permission_category` (`id`, `perm_group_id`, `name`, `short_code`, `enable_view`, `enable_add`, `enable_edit`, `enable_delete`, `created_at`) VALUES (234, 28, 'Manage Alumni', 'manage_alumni', 1, 1, 1, 1, '2020-06-02 08:45:46');
INSERT INTO `permission_category` (`id`, `perm_group_id`, `name`, `short_code`, `enable_view`, `enable_add`, `enable_edit`, `enable_delete`, `created_at`) VALUES (235, 28, 'Events', 'events', 1, 1, 1, 1, '2020-05-29 03:18:52');
INSERT INTO `permission_category` (`id`, `perm_group_id`, `name`, `short_code`, `enable_view`, `enable_add`, `enable_edit`, `enable_delete`, `created_at`) VALUES (236, 29, 'Manage Lesson Plan', 'manage_lesson_plan', 1, 1, 1, 0, '2020-05-29 03:47:37');
INSERT INTO `permission_category` (`id`, `perm_group_id`, `name`, `short_code`, `enable_view`, `enable_add`, `enable_edit`, `enable_delete`, `created_at`) VALUES (237, 29, 'Manage Syllabus Status', 'manage_syllabus_status', 1, 0, 1, 0, '2020-05-29 03:50:11');
INSERT INTO `permission_category` (`id`, `perm_group_id`, `name`, `short_code`, `enable_view`, `enable_add`, `enable_edit`, `enable_delete`, `created_at`) VALUES (238, 29, 'Lesson', 'lesson', 1, 1, 1, 1, '2020-05-29 03:50:11');
INSERT INTO `permission_category` (`id`, `perm_group_id`, `name`, `short_code`, `enable_view`, `enable_add`, `enable_edit`, `enable_delete`, `created_at`) VALUES (239, 29, 'Topic', 'topic', 1, 1, 1, 1, '2020-05-29 03:50:11');
INSERT INTO `permission_category` (`id`, `perm_group_id`, `name`, `short_code`, `enable_view`, `enable_add`, `enable_edit`, `enable_delete`, `created_at`) VALUES (240, 14, 'Syllabus Status Report', 'syllabus_status_report', 1, 0, 0, 0, '2020-05-29 04:47:54');
INSERT INTO `permission_category` (`id`, `perm_group_id`, `name`, `short_code`, `enable_view`, `enable_add`, `enable_edit`, `enable_delete`, `created_at`) VALUES (241, 14, 'Teacher Syllabus Status Report', 'teacher_syllabus_status_report', 1, 0, 0, 0, '2020-05-29 04:47:54');
INSERT INTO `permission_category` (`id`, `perm_group_id`, `name`, `short_code`, `enable_view`, `enable_add`, `enable_edit`, `enable_delete`, `created_at`) VALUES (242, 14, 'Alumni Report', 'alumni_report', 1, 0, 0, 0, '2020-06-08 05:29:54');
INSERT INTO `permission_category` (`id`, `perm_group_id`, `name`, `short_code`, `enable_view`, `enable_add`, `enable_edit`, `enable_delete`, `created_at`) VALUES (243, 15, 'Student Profile Update', 'student_profile_update', 1, 0, 0, 0, '2020-08-21 11:06:33');
INSERT INTO `permission_category` (`id`, `perm_group_id`, `name`, `short_code`, `enable_view`, `enable_add`, `enable_edit`, `enable_delete`, `created_at`) VALUES (244, 14, 'Student Gender Ratio Report', 'student_gender_ratio_report', 1, 0, 0, 0, '2020-08-22 18:07:51');
INSERT INTO `permission_category` (`id`, `perm_group_id`, `name`, `short_code`, `enable_view`, `enable_add`, `enable_edit`, `enable_delete`, `created_at`) VALUES (245, 14, 'Student Teacher Ratio Report', 'student_teacher_ratio_report', 1, 0, 0, 0, '2020-08-22 18:12:27');
INSERT INTO `permission_category` (`id`, `perm_group_id`, `name`, `short_code`, `enable_view`, `enable_add`, `enable_edit`, `enable_delete`, `created_at`) VALUES (246, 14, 'Daily Attendance Report', 'daily_attendance_report', 1, 0, 0, 0, '2020-08-22 18:13:16');
INSERT INTO `permission_category` (`id`, `perm_group_id`, `name`, `short_code`, `enable_view`, `enable_add`, `enable_edit`, `enable_delete`, `created_at`) VALUES (247, 23, 'Import Question', 'import_question', 1, 0, 0, 0, '2019-11-23 23:55:18');
INSERT INTO `permission_category` (`id`, `perm_group_id`, `name`, `short_code`, `enable_view`, `enable_add`, `enable_edit`, `enable_delete`, `created_at`) VALUES (248, 20, 'Staff ID Card', 'staff_id_card', 1, 1, 1, 1, '2018-07-06 16:11:28');
INSERT INTO `permission_category` (`id`, `perm_group_id`, `name`, `short_code`, `enable_view`, `enable_add`, `enable_edit`, `enable_delete`, `created_at`) VALUES (249, 20, 'Generate Staff ID Card', 'generate_staff_id_card', 1, 0, 0, 0, '2018-07-06 16:11:49');
INSERT INTO `permission_category` (`id`, `perm_group_id`, `name`, `short_code`, `enable_view`, `enable_add`, `enable_edit`, `enable_delete`, `created_at`) VALUES (250, 19, 'Daily Assignment', 'daily_assignment', 1, 0, 0, 0, '2022-03-02 12:58:23');
INSERT INTO `permission_category` (`id`, `perm_group_id`, `name`, `short_code`, `enable_view`, `enable_add`, `enable_edit`, `enable_delete`, `created_at`) VALUES (251, 6, 'Marks Division', 'marks_division', 1, 1, 1, 1, '2022-07-01 20:54:16');
INSERT INTO `permission_category` (`id`, `perm_group_id`, `name`, `short_code`, `enable_view`, `enable_add`, `enable_edit`, `enable_delete`, `created_at`) VALUES (252, 13, 'Schedule Email SMS Log', 'schedule_email_sms_log', 1, 0, 1, 0, '2022-07-09 16:55:16');
INSERT INTO `permission_category` (`id`, `perm_group_id`, `name`, `short_code`, `enable_view`, `enable_add`, `enable_edit`, `enable_delete`, `created_at`) VALUES (253, 13, 'Login Credentials Send', 'login_credentials_send', 1, 0, 0, 0, '2022-07-01 21:16:10');
INSERT INTO `permission_category` (`id`, `perm_group_id`, `name`, `short_code`, `enable_view`, `enable_add`, `enable_edit`, `enable_delete`, `created_at`) VALUES (254, 13, 'Email Template', 'email_template', 1, 1, 1, 1, '2022-07-01 21:16:10');
INSERT INTO `permission_category` (`id`, `perm_group_id`, `name`, `short_code`, `enable_view`, `enable_add`, `enable_edit`, `enable_delete`, `created_at`) VALUES (255, 13, 'SMS Template', 'sms_template', 1, 1, 1, 1, '2022-07-01 21:16:10');
INSERT INTO `permission_category` (`id`, `perm_group_id`, `name`, `short_code`, `enable_view`, `enable_add`, `enable_edit`, `enable_delete`, `created_at`) VALUES (256, 14, 'Balance Fees Report With Remark', 'balance_fees_report_with_remark', 1, 0, 0, 0, '2019-10-25 07:25:52');
INSERT INTO `permission_category` (`id`, `perm_group_id`, `name`, `short_code`, `enable_view`, `enable_add`, `enable_edit`, `enable_delete`, `created_at`) VALUES (257, 14, 'Balance Fees Statement', 'balance_fees_statement', 1, 0, 0, 0, '2019-10-25 07:25:52');
INSERT INTO `permission_category` (`id`, `perm_group_id`, `name`, `short_code`, `enable_view`, `enable_add`, `enable_edit`, `enable_delete`, `created_at`) VALUES (258, 14, 'Daily Collection Report', 'daily_collection_report', 1, 0, 0, 0, '2019-10-25 07:25:52');
INSERT INTO `permission_category` (`id`, `perm_group_id`, `name`, `short_code`, `enable_view`, `enable_add`, `enable_edit`, `enable_delete`, `created_at`) VALUES (259, 11, 'Fees Master', 'transport_fees_master', 1, 0, 1, 0, '2022-07-05 14:59:19');
INSERT INTO `permission_category` (`id`, `perm_group_id`, `name`, `short_code`, `enable_view`, `enable_add`, `enable_edit`, `enable_delete`, `created_at`) VALUES (260, 11, 'Pickup Point', 'pickup_point', 1, 1, 1, 1, '2022-07-04 15:20:08');
INSERT INTO `permission_category` (`id`, `perm_group_id`, `name`, `short_code`, `enable_view`, `enable_add`, `enable_edit`, `enable_delete`, `created_at`) VALUES (261, 11, 'Route Pickup Point', 'route_pickup_point', 1, 1, 1, 1, '2022-07-04 15:20:08');
INSERT INTO `permission_category` (`id`, `perm_group_id`, `name`, `short_code`, `enable_view`, `enable_add`, `enable_edit`, `enable_delete`, `created_at`) VALUES (262, 11, 'Student Transport Fees', 'student_transport_fees', 1, 1, 1, 0, '2022-07-05 15:45:55');
INSERT INTO `permission_category` (`id`, `perm_group_id`, `name`, `short_code`, `enable_view`, `enable_add`, `enable_edit`, `enable_delete`, `created_at`) VALUES (263, 29, 'Comments', 'lesson_plan_comments', 1, 1, 0, 1, '2020-05-29 03:50:11');
INSERT INTO `permission_category` (`id`, `perm_group_id`, `name`, `short_code`, `enable_view`, `enable_add`, `enable_edit`, `enable_delete`, `created_at`) VALUES (264, 15, 'Sidebar Menu', 'sidebar_menu', 1, 0, 0, 0, '2022-07-11 17:31:17');
INSERT INTO `permission_category` (`id`, `perm_group_id`, `name`, `short_code`, `enable_view`, `enable_add`, `enable_edit`, `enable_delete`, `created_at`) VALUES (265, 15, 'Currency', 'currency', 1, 0, 0, 0, '2020-08-21 11:06:33');
INSERT INTO `permission_category` (`id`, `perm_group_id`, `name`, `short_code`, `enable_view`, `enable_add`, `enable_edit`, `enable_delete`, `created_at`) VALUES (266, 6, 'Exam Schedule', 'exam_schedule', 1, 0, 0, 0, '2019-11-24 05:28:50');
INSERT INTO `permission_category` (`id`, `perm_group_id`, `name`, `short_code`, `enable_view`, `enable_add`, `enable_edit`, `enable_delete`, `created_at`) VALUES (267, 6, 'Generate Rank', 'generate_rank', 1, 0, 0, 0, '2019-11-24 10:45:04');
INSERT INTO `permission_category` (`id`, `perm_group_id`, `name`, `short_code`, `enable_view`, `enable_add`, `enable_edit`, `enable_delete`, `created_at`) VALUES (268, 8, 'Content Type', 'content_type', 1, 1, 1, 1, '2022-07-08 10:48:54');
INSERT INTO `permission_category` (`id`, `perm_group_id`, `name`, `short_code`, `enable_view`, `enable_add`, `enable_edit`, `enable_delete`, `created_at`) VALUES (269, 8, 'Content Share List', 'content_share_list', 1, 0, 0, 1, '2022-07-08 10:48:58');
INSERT INTO `permission_category` (`id`, `perm_group_id`, `name`, `short_code`, `enable_view`, `enable_add`, `enable_edit`, `enable_delete`, `created_at`) VALUES (270, 8, 'Video Tutorial', 'video_tutorial', 1, 1, 1, 1, '2022-07-08 10:49:01');
INSERT INTO `permission_category` (`id`, `perm_group_id`, `name`, `short_code`, `enable_view`, `enable_add`, `enable_edit`, `enable_delete`, `created_at`) VALUES (271, 15, 'Currency Switcher', 'currency_switcher', 1, 0, 0, 0, '2019-11-24 10:47:11');
INSERT INTO `permission_category` (`id`, `perm_group_id`, `name`, `short_code`, `enable_view`, `enable_add`, `enable_edit`, `enable_delete`, `created_at`) VALUES (272, 2, 'Offline Bank Payments', 'offline_bank_payments', 1, 0, 0, 0, '2018-06-27 05:48:15');
INSERT INTO `permission_category` (`id`, `perm_group_id`, `name`, `short_code`, `enable_view`, `enable_add`, `enable_edit`, `enable_delete`, `created_at`) VALUES (273, 29, 'Copy Old Lessons', 'copy_old_lesson', 1, 0, 0, 0, '2020-05-29 03:50:11');
INSERT INTO `permission_category` (`id`, `perm_group_id`, `name`, `short_code`, `enable_view`, `enable_add`, `enable_edit`, `enable_delete`, `created_at`) VALUES (1011, 1010, 'Fee Discount Approval', 'fee_dis_appr_approval', 1, 0, 0, 0, '2022-11-15 05:07:36');
INSERT INTO `permission_category` (`id`, `perm_group_id`, `name`, `short_code`, `enable_view`, `enable_add`, `enable_edit`, `enable_delete`, `created_at`) VALUES (10001, 1000, 'Overview', 'multi_branch_overview', 1, 0, 0, 0, '2022-11-15 05:07:36');
INSERT INTO `permission_category` (`id`, `perm_group_id`, `name`, `short_code`, `enable_view`, `enable_add`, `enable_edit`, `enable_delete`, `created_at`) VALUES (10002, 1000, 'Daily Collection Report', 'multi_branch_daily_collection_report', 1, 0, 0, 0, '2022-11-15 04:57:02');
INSERT INTO `permission_category` (`id`, `perm_group_id`, `name`, `short_code`, `enable_view`, `enable_add`, `enable_edit`, `enable_delete`, `created_at`) VALUES (10003, 1000, 'Payroll Report', 'multi_branch_payroll', 1, 0, 0, 0, '2022-11-16 11:19:48');
INSERT INTO `permission_category` (`id`, `perm_group_id`, `name`, `short_code`, `enable_view`, `enable_add`, `enable_edit`, `enable_delete`, `created_at`) VALUES (10004, 1000, 'Income Report', 'multi_branch_income_report', 1, 0, 0, 0, '2022-11-15 05:07:36');
INSERT INTO `permission_category` (`id`, `perm_group_id`, `name`, `short_code`, `enable_view`, `enable_add`, `enable_edit`, `enable_delete`, `created_at`) VALUES (10005, 1000, 'Expense Report', 'multi_branch_expense_report', 1, 0, 0, 0, '2022-11-15 05:02:27');
INSERT INTO `permission_category` (`id`, `perm_group_id`, `name`, `short_code`, `enable_view`, `enable_add`, `enable_edit`, `enable_delete`, `created_at`) VALUES (10006, 1000, 'User Log Report', 'multi_branch_user_log_report', 1, 0, 0, 0, '2022-11-15 05:02:27');
INSERT INTO `permission_category` (`id`, `perm_group_id`, `name`, `short_code`, `enable_view`, `enable_add`, `enable_edit`, `enable_delete`, `created_at`) VALUES (10007, 1000, 'Setting', 'multi_branch_setting', 1, 0, 0, 0, '2022-11-15 05:07:36');


#
# TABLE STRUCTURE FOR: permission_group
#

DROP TABLE IF EXISTS `permission_group`;

CREATE TABLE `permission_group` (
  `id` int(11) NOT NULL AUTO_INCREMENT,
  `name` varchar(100) DEFAULT NULL,
  `short_code` varchar(100) NOT NULL,
  `is_active` int(11) DEFAULT '0',
  `system` int(11) NOT NULL,
  `created_at` timestamp NOT NULL DEFAULT CURRENT_TIMESTAMP ON UPDATE CURRENT_TIMESTAMP,
  PRIMARY KEY (`id`)
) ENGINE=InnoDB AUTO_INCREMENT=1011 DEFAULT CHARSET=utf8;

INSERT INTO `permission_group` (`id`, `name`, `short_code`, `is_active`, `system`, `created_at`) VALUES (1, 'Student Information', 'student_information', 1, 1, '2019-03-15 15:00:22');
INSERT INTO `permission_group` (`id`, `name`, `short_code`, `is_active`, `system`, `created_at`) VALUES (2, 'Fees Collection', 'fees_collection', 1, 0, '2020-06-11 06:21:35');
INSERT INTO `permission_group` (`id`, `name`, `short_code`, `is_active`, `system`, `created_at`) VALUES (3, 'Income', 'income', 1, 0, '2020-06-01 07:27:39');
INSERT INTO `permission_group` (`id`, `name`, `short_code`, `is_active`, `system`, `created_at`) VALUES (4, 'Expense', 'expense', 1, 0, '2019-03-15 14:36:22');
INSERT INTO `permission_group` (`id`, `name`, `short_code`, `is_active`, `system`, `created_at`) VALUES (5, 'Student Attendance', 'student_attendance', 1, 0, '2018-07-02 13:18:08');
INSERT INTO `permission_group` (`id`, `name`, `short_code`, `is_active`, `system`, `created_at`) VALUES (6, 'Examination', 'examination', 1, 0, '2018-07-11 08:19:08');
INSERT INTO `permission_group` (`id`, `name`, `short_code`, `is_active`, `system`, `created_at`) VALUES (7, 'Academics', 'academics', 1, 1, '2018-07-02 12:55:43');
INSERT INTO `permission_group` (`id`, `name`, `short_code`, `is_active`, `system`, `created_at`) VALUES (8, 'Download Center', 'download_center', 1, 0, '2018-07-02 13:19:29');
INSERT INTO `permission_group` (`id`, `name`, `short_code`, `is_active`, `system`, `created_at`) VALUES (9, 'Library', 'library', 1, 0, '2018-06-28 16:43:14');
INSERT INTO `permission_group` (`id`, `name`, `short_code`, `is_active`, `system`, `created_at`) VALUES (10, 'Inventory', 'inventory', 1, 0, '2018-06-27 06:18:58');
INSERT INTO `permission_group` (`id`, `name`, `short_code`, `is_active`, `system`, `created_at`) VALUES (11, 'Transport', 'transport', 1, 0, '2018-06-27 13:21:26');
INSERT INTO `permission_group` (`id`, `name`, `short_code`, `is_active`, `system`, `created_at`) VALUES (12, 'Hostel', 'hostel', 1, 0, '2018-07-02 13:19:32');
INSERT INTO `permission_group` (`id`, `name`, `short_code`, `is_active`, `system`, `created_at`) VALUES (13, 'Communicate', 'communicate', 1, 0, '2018-07-02 13:20:00');
INSERT INTO `permission_group` (`id`, `name`, `short_code`, `is_active`, `system`, `created_at`) VALUES (14, 'Reports', 'reports', 1, 1, '2018-06-27 09:10:22');
INSERT INTO `permission_group` (`id`, `name`, `short_code`, `is_active`, `system`, `created_at`) VALUES (15, 'System Settings', 'system_settings', 1, 1, '2018-06-27 09:10:28');
INSERT INTO `permission_group` (`id`, `name`, `short_code`, `is_active`, `system`, `created_at`) VALUES (16, 'Front CMS', 'front_cms', 1, 0, '2018-07-10 10:46:54');
INSERT INTO `permission_group` (`id`, `name`, `short_code`, `is_active`, `system`, `created_at`) VALUES (17, 'Front Office', 'front_office', 1, 0, '2018-06-27 09:15:30');
INSERT INTO `permission_group` (`id`, `name`, `short_code`, `is_active`, `system`, `created_at`) VALUES (18, 'Human Resource', 'human_resource', 1, 1, '2018-06-27 09:11:02');
INSERT INTO `permission_group` (`id`, `name`, `short_code`, `is_active`, `system`, `created_at`) VALUES (19, 'Homework', 'homework', 1, 0, '2018-06-27 06:19:38');
INSERT INTO `permission_group` (`id`, `name`, `short_code`, `is_active`, `system`, `created_at`) VALUES (20, 'Certificate', 'certificate', 1, 0, '2018-06-27 13:21:29');
INSERT INTO `permission_group` (`id`, `name`, `short_code`, `is_active`, `system`, `created_at`) VALUES (21, 'Calendar To Do List', 'calendar_to_do_list', 1, 0, '2019-03-15 14:36:25');
INSERT INTO `permission_group` (`id`, `name`, `short_code`, `is_active`, `system`, `created_at`) VALUES (22, 'Dashboard and Widgets', 'dashboard_and_widgets', 1, 1, '2018-06-27 09:11:17');
INSERT INTO `permission_group` (`id`, `name`, `short_code`, `is_active`, `system`, `created_at`) VALUES (23, 'Online Examination', 'online_examination', 1, 0, '2020-06-01 07:55:36');
INSERT INTO `permission_group` (`id`, `name`, `short_code`, `is_active`, `system`, `created_at`) VALUES (25, 'Chat', 'chat', 1, 0, '2019-11-24 05:24:04');
INSERT INTO `permission_group` (`id`, `name`, `short_code`, `is_active`, `system`, `created_at`) VALUES (26, 'Multi Class', 'multi_class', 1, 0, '2019-11-27 17:44:14');
INSERT INTO `permission_group` (`id`, `name`, `short_code`, `is_active`, `system`, `created_at`) VALUES (27, 'Online Admission', 'online_admission', 1, 0, '2019-11-27 08:12:13');
INSERT INTO `permission_group` (`id`, `name`, `short_code`, `is_active`, `system`, `created_at`) VALUES (28, 'Alumni', 'alumni', 1, 0, '2020-05-29 05:56:38');
INSERT INTO `permission_group` (`id`, `name`, `short_code`, `is_active`, `system`, `created_at`) VALUES (29, 'Lesson Plan', 'lesson_plan', 1, 0, '2020-06-07 11:08:30');
INSERT INTO `permission_group` (`id`, `name`, `short_code`, `is_active`, `system`, `created_at`) VALUES (1000, 'Multi Branch', 'multi_branch', 1, 0, '2022-11-17 10:53:36');
INSERT INTO `permission_group` (`id`, `name`, `short_code`, `is_active`, `system`, `created_at`) VALUES (1010, 'Fee Discount', 'fee_dis_appr', 1, 0, '2022-11-17 10:53:36');


#
# TABLE STRUCTURE FOR: permission_student
#

DROP TABLE IF EXISTS `permission_student`;

CREATE TABLE `permission_student` (
  `id` int(11) NOT NULL AUTO_INCREMENT,
  `name` varchar(100) DEFAULT NULL,
  `short_code` varchar(100) NOT NULL,
  `system` int(11) NOT NULL,
  `student` int(11) NOT NULL,
  `parent` int(11) NOT NULL,
  `group_id` int(11) DEFAULT NULL,
  `created_at` timestamp NOT NULL DEFAULT CURRENT_TIMESTAMP ON UPDATE CURRENT_TIMESTAMP,
  PRIMARY KEY (`id`),
  KEY `group_id` (`group_id`),
  CONSTRAINT `permission_student_ibfk_1` FOREIGN KEY (`group_id`) REFERENCES `permission_group` (`id`) ON DELETE CASCADE
) ENGINE=InnoDB AUTO_INCREMENT=26 DEFAULT CHARSET=utf8;

INSERT INTO `permission_student` (`id`, `name`, `short_code`, `system`, `student`, `parent`, `group_id`, `created_at`) VALUES (1, 'Fees', 'fees', 0, 1, 1, 2, '2020-06-11 06:21:35');
INSERT INTO `permission_student` (`id`, `name`, `short_code`, `system`, `student`, `parent`, `group_id`, `created_at`) VALUES (2, 'Class Timetable', 'class_timetable', 1, 1, 1, 7, '2020-05-31 01:27:50');
INSERT INTO `permission_student` (`id`, `name`, `short_code`, `system`, `student`, `parent`, `group_id`, `created_at`) VALUES (3, 'Homework', 'homework', 0, 1, 1, 19, '2020-06-01 08:19:14');
INSERT INTO `permission_student` (`id`, `name`, `short_code`, `system`, `student`, `parent`, `group_id`, `created_at`) VALUES (4, 'Download Center', 'download_center', 0, 1, 1, 8, '2020-06-01 08:22:49');
INSERT INTO `permission_student` (`id`, `name`, `short_code`, `system`, `student`, `parent`, `group_id`, `created_at`) VALUES (5, 'Attendance', 'attendance', 0, 1, 1, 5, '2020-06-01 08:27:18');
INSERT INTO `permission_student` (`id`, `name`, `short_code`, `system`, `student`, `parent`, `group_id`, `created_at`) VALUES (7, 'Examinations', 'examinations', 0, 1, 1, 6, '2020-06-01 08:29:50');
INSERT INTO `permission_student` (`id`, `name`, `short_code`, `system`, `student`, `parent`, `group_id`, `created_at`) VALUES (8, 'Notice Board', 'notice_board', 0, 1, 1, 13, '2020-06-01 08:30:35');
INSERT INTO `permission_student` (`id`, `name`, `short_code`, `system`, `student`, `parent`, `group_id`, `created_at`) VALUES (11, 'Library', 'library', 0, 1, 1, 9, '2020-06-01 08:32:37');
INSERT INTO `permission_student` (`id`, `name`, `short_code`, `system`, `student`, `parent`, `group_id`, `created_at`) VALUES (12, 'Transport Routes', 'transport_routes', 0, 1, 1, 11, '2020-06-01 09:21:30');
INSERT INTO `permission_student` (`id`, `name`, `short_code`, `system`, `student`, `parent`, `group_id`, `created_at`) VALUES (13, 'Hostel Rooms', 'hostel_rooms', 0, 1, 1, 12, '2020-06-01 09:22:27');
INSERT INTO `permission_student` (`id`, `name`, `short_code`, `system`, `student`, `parent`, `group_id`, `created_at`) VALUES (14, 'Calendar To Do List', 'calendar_to_do_list', 0, 1, 1, 21, '2020-06-01 09:23:18');
INSERT INTO `permission_student` (`id`, `name`, `short_code`, `system`, `student`, `parent`, `group_id`, `created_at`) VALUES (15, 'Online Examination', 'online_examination', 0, 1, 1, 23, '2020-06-11 10:50:01');
INSERT INTO `permission_student` (`id`, `name`, `short_code`, `system`, `student`, `parent`, `group_id`, `created_at`) VALUES (16, 'Teachers Rating', 'teachers_rating', 0, 1, 1, NULL, '2022-12-28 15:22:28');
INSERT INTO `permission_student` (`id`, `name`, `short_code`, `system`, `student`, `parent`, `group_id`, `created_at`) VALUES (17, 'Chat', 'chat', 0, 1, 1, 25, '2020-06-01 10:23:06');
INSERT INTO `permission_student` (`id`, `name`, `short_code`, `system`, `student`, `parent`, `group_id`, `created_at`) VALUES (18, 'Multi Class', 'multi_class', 1, 1, 1, 26, '2020-05-31 01:26:52');
INSERT INTO `permission_student` (`id`, `name`, `short_code`, `system`, `student`, `parent`, `group_id`, `created_at`) VALUES (19, 'Lesson Plan', 'lesson_plan', 0, 1, 1, 29, '2020-06-07 11:08:30');
INSERT INTO `permission_student` (`id`, `name`, `short_code`, `system`, `student`, `parent`, `group_id`, `created_at`) VALUES (20, 'Syllabus Status', 'syllabus_status', 0, 1, 1, 29, '2020-06-07 11:08:30');
INSERT INTO `permission_student` (`id`, `name`, `short_code`, `system`, `student`, `parent`, `group_id`, `created_at`) VALUES (23, 'Apply Leave', 'apply_leave', 0, 1, 1, NULL, '2022-12-28 15:22:28');
INSERT INTO `permission_student` (`id`, `name`, `short_code`, `system`, `student`, `parent`, `group_id`, `created_at`) VALUES (24, 'Visitor Book', 'visitor_book', 0, 1, 1, NULL, '2022-10-10 17:15:18');
INSERT INTO `permission_student` (`id`, `name`, `short_code`, `system`, `student`, `parent`, `group_id`, `created_at`) VALUES (25, 'Student Timeline', 'student_timeline', 0, 1, 1, NULL, '2022-10-11 10:20:29');


#
# TABLE STRUCTURE FOR: pickup_point
#

DROP TABLE IF EXISTS `pickup_point`;

CREATE TABLE `pickup_point` (
  `id` int(11) NOT NULL AUTO_INCREMENT,
  `name` varchar(255) NOT NULL,
  `latitude` varchar(100) DEFAULT NULL,
  `longitude` varchar(100) DEFAULT NULL,
  `created_at` timestamp NOT NULL DEFAULT CURRENT_TIMESTAMP ON UPDATE CURRENT_TIMESTAMP,
  PRIMARY KEY (`id`)
) ENGINE=InnoDB AUTO_INCREMENT=8 DEFAULT CHARSET=utf8;

INSERT INTO `pickup_point` (`id`, `name`, `latitude`, `longitude`, `created_at`) VALUES (1, 'Brooklyn North', '23.21953720694318,', '79.92068396109676', '2023-08-24 08:37:36');
INSERT INTO `pickup_point` (`id`, `name`, `latitude`, `longitude`, `created_at`) VALUES (2, 'Brooklyn West', '23.19324172886614', '79.91536320113687', '2023-08-24 08:38:35');
INSERT INTO `pickup_point` (`id`, `name`, `latitude`, `longitude`, `created_at`) VALUES (3, 'Brooklyn East', '23.193952567195506', '79.9243812546212', '2023-08-24 08:38:53');
INSERT INTO `pickup_point` (`id`, `name`, `latitude`, `longitude`, `created_at`) VALUES (4, 'Brooklyn South', '23.204781722973813', '79.89751486729702', '2023-08-24 08:39:22');
INSERT INTO `pickup_point` (`id`, `name`, `latitude`, `longitude`, `created_at`) VALUES (5, 'Brooklyn Central', '23.21230494959826', '79.92914139397962', '2023-08-24 08:39:49');
INSERT INTO `pickup_point` (`id`, `name`, `latitude`, `longitude`, `created_at`) VALUES (6, 'Manhattan', '23.2066336875236', '80.00451042401824', '2023-08-24 08:40:06');
INSERT INTO `pickup_point` (`id`, `name`, `latitude`, `longitude`, `created_at`) VALUES (7, 'civil Line', '23.166120045559563', '79.95531910260692', '2023-08-24 08:40:26');


#
# TABLE STRUCTURE FOR: print_headerfooter
#

DROP TABLE IF EXISTS `print_headerfooter`;

CREATE TABLE `print_headerfooter` (
  `id` int(11) NOT NULL AUTO_INCREMENT,
  `print_type` varchar(255) NOT NULL,
  `header_image` varchar(255) NOT NULL,
  `footer_content` text NOT NULL,
  `created_by` int(11) NOT NULL,
  `entry_date` timestamp NOT NULL DEFAULT CURRENT_TIMESTAMP ON UPDATE CURRENT_TIMESTAMP,
  `created_at` timestamp NOT NULL DEFAULT CURRENT_TIMESTAMP,
  PRIMARY KEY (`id`)
) ENGINE=InnoDB AUTO_INCREMENT=5 DEFAULT CHARSET=utf8;

INSERT INTO `print_headerfooter` (`id`, `print_type`, `header_image`, `footer_content`, `created_by`, `entry_date`, `created_at`) VALUES (1, 'staff_payslip', '1693948783-177779657664f79b6f5c88f!multi-colored-abstract-retro-line-shape-waves-header-1024x300.jpg', 'This payslip is computer generated hence no signature is required.', 1, '2023-09-06 02:49:43', '2022-12-28 15:22:24');
INSERT INTO `print_headerfooter` (`id`, `print_type`, `header_image`, `footer_content`, `created_by`, `entry_date`, `created_at`) VALUES (2, 'student_receipt', '1693948770-52317710064f79b625220e!multi-colored-abstract-retro-line-shape-waves-header-1024x300.jpg', 'This receipt is computer generated hence no signature is required.', 1, '2023-09-06 02:49:30', '2022-12-28 15:22:24');
INSERT INTO `print_headerfooter` (`id`, `print_type`, `header_image`, `footer_content`, `created_by`, `entry_date`, `created_at`) VALUES (3, 'online_admission_receipt', '1693948800-175188264964f79b80cfb7b!multi-colored-abstract-retro-line-shape-waves-header-1024x300.jpg', 'This receipt is for online admission  computer ffffffff generated hence no signature is required.', 1, '2023-09-06 02:50:00', '2022-12-28 15:22:24');
INSERT INTO `print_headerfooter` (`id`, `print_type`, `header_image`, `footer_content`, `created_by`, `entry_date`, `created_at`) VALUES (4, 'online_exam', '1693948814-152745200364f79b8e62f9d!multi-colored-abstract-retro-line-shape-waves-header-1024x300.jpg', 'This receipt is for online exam computer  generated hence no signature is required.', 1, '2023-09-06 02:50:14', '2022-09-08 22:58:34');


#
# TABLE STRUCTURE FOR: questions
#

DROP TABLE IF EXISTS `questions`;

CREATE TABLE `questions` (
  `id` int(11) NOT NULL AUTO_INCREMENT,
  `staff_id` int(11) DEFAULT NULL,
  `subject_id` int(11) DEFAULT NULL,
  `question_type` varchar(100) NOT NULL,
  `level` varchar(10) NOT NULL,
  `class_id` int(11) NOT NULL,
  `section_id` int(11) DEFAULT NULL,
  `class_section_id` int(11) DEFAULT NULL,
  `question` text,
  `opt_a` text,
  `opt_b` text,
  `opt_c` text,
  `opt_d` text,
  `opt_e` text,
  `correct` text,
  `descriptive_word_limit` int(11) NOT NULL,
  `created_at` timestamp NOT NULL DEFAULT CURRENT_TIMESTAMP ON UPDATE CURRENT_TIMESTAMP,
  `updated_at` date DEFAULT NULL,
  PRIMARY KEY (`id`),
  KEY `subject_id` (`subject_id`),
  KEY `staff_id` (`staff_id`),
  KEY `class_id` (`class_id`),
  KEY `section_id` (`section_id`),
  KEY `class_section_id` (`class_section_id`),
  CONSTRAINT `questions_ibfk_1` FOREIGN KEY (`subject_id`) REFERENCES `subjects` (`id`) ON DELETE CASCADE,
  CONSTRAINT `questions_ibfk_2` FOREIGN KEY (`staff_id`) REFERENCES `staff` (`id`) ON DELETE CASCADE,
  CONSTRAINT `questions_ibfk_3` FOREIGN KEY (`subject_id`) REFERENCES `subjects` (`id`) ON DELETE CASCADE,
  CONSTRAINT `questions_ibfk_4` FOREIGN KEY (`class_id`) REFERENCES `classes` (`id`) ON DELETE CASCADE,
  CONSTRAINT `questions_ibfk_5` FOREIGN KEY (`section_id`) REFERENCES `sections` (`id`) ON DELETE CASCADE,
  CONSTRAINT `questions_ibfk_6` FOREIGN KEY (`class_section_id`) REFERENCES `class_sections` (`id`) ON DELETE CASCADE
) ENGINE=InnoDB AUTO_INCREMENT=4 DEFAULT CHARSET=utf8;

INSERT INTO `questions` (`id`, `staff_id`, `subject_id`, `question_type`, `level`, `class_id`, `section_id`, `class_section_id`, `question`, `opt_a`, `opt_b`, `opt_c`, `opt_d`, `opt_e`, `correct`, `descriptive_word_limit`, `created_at`, `updated_at`) VALUES (1, 1, 11, 'descriptive', 'high', 3, 1, NULL, 'question testttt 2', '', '', '', '', '', '', 0, '2023-08-24 07:40:21', NULL);
INSERT INTO `questions` (`id`, `staff_id`, `subject_id`, `question_type`, `level`, `class_id`, `section_id`, `class_section_id`, `question`, `opt_a`, `opt_b`, `opt_c`, `opt_d`, `opt_e`, `correct`, `descriptive_word_limit`, `created_at`, `updated_at`) VALUES (2, 1, 11, 'true_false', 'medium', 2, 3, NULL, 'question testttt 1', '', '', '', '', '', 'true', 0, '2023-08-24 07:41:09', NULL);
INSERT INTO `questions` (`id`, `staff_id`, `subject_id`, `question_type`, `level`, `class_id`, `section_id`, `class_section_id`, `question`, `opt_a`, `opt_b`, `opt_c`, `opt_d`, `opt_e`, `correct`, `descriptive_word_limit`, `created_at`, `updated_at`) VALUES (3, 1, 8, 'singlechoice', 'low', 2, 1, NULL, 'What Is Metal And Non Metal?', 'An Object', 'A Gas', 'A Liquid', 'a solid material which is typically hard, shiny, malleable, fusible, and ductile, with good electrical and thermal conductivity and nonmetal is a chemical element that mostly lacks the characteristics of a metal. Physically, a nonmetal tends to have a relatively low melting point, boiling point, and density.', 'none of these', 'opt_c', 0, '2023-08-24 07:42:34', NULL);


#
# TABLE STRUCTURE FOR: read_notification
#

DROP TABLE IF EXISTS `read_notification`;

CREATE TABLE `read_notification` (
  `id` int(11) NOT NULL AUTO_INCREMENT,
  `student_id` int(11) DEFAULT NULL,
  `parent_id` int(10) DEFAULT NULL,
  `staff_id` int(11) DEFAULT NULL,
  `notification_id` int(11) DEFAULT NULL,
  `is_active` varchar(255) DEFAULT 'no',
  `created_at` timestamp NOT NULL DEFAULT CURRENT_TIMESTAMP ON UPDATE CURRENT_TIMESTAMP,
  `updated_at` date DEFAULT NULL,
  PRIMARY KEY (`id`),
  KEY `notification_id` (`notification_id`),
  KEY `staff_id` (`staff_id`),
  KEY `student_id` (`student_id`),
  CONSTRAINT `read_notification_ibfk_1` FOREIGN KEY (`notification_id`) REFERENCES `send_notification` (`id`) ON DELETE CASCADE,
  CONSTRAINT `read_notification_ibfk_2` FOREIGN KEY (`staff_id`) REFERENCES `staff` (`id`) ON DELETE CASCADE,
  CONSTRAINT `read_notification_ibfk_3` FOREIGN KEY (`student_id`) REFERENCES `students` (`id`) ON DELETE CASCADE
) ENGINE=InnoDB AUTO_INCREMENT=3 DEFAULT CHARSET=utf8;

#
# TABLE STRUCTURE FOR: reference
#

DROP TABLE IF EXISTS `reference`;

CREATE TABLE `reference` (
  `id` int(11) NOT NULL AUTO_INCREMENT,
  `reference` varchar(100) NOT NULL,
  `description` text NOT NULL,
  PRIMARY KEY (`id`)
) ENGINE=InnoDB AUTO_INCREMENT=7 DEFAULT CHARSET=utf8;

INSERT INTO `reference` (`id`, `reference`, `description`) VALUES (1, 'Staff', '');
INSERT INTO `reference` (`id`, `reference`, `description`) VALUES (2, 'Parent', '');
INSERT INTO `reference` (`id`, `reference`, `description`) VALUES (3, 'Student', '');
INSERT INTO `reference` (`id`, `reference`, `description`) VALUES (4, 'Lower Wing	', '');
INSERT INTO `reference` (`id`, `reference`, `description`) VALUES (5, 'Partner School	', '');
INSERT INTO `reference` (`id`, `reference`, `description`) VALUES (6, 'Self', '');


#
# TABLE STRUCTURE FOR: roles
#

DROP TABLE IF EXISTS `roles`;

CREATE TABLE `roles` (
  `id` int(11) NOT NULL AUTO_INCREMENT,
  `name` varchar(100) DEFAULT NULL,
  `slug` varchar(150) DEFAULT NULL,
  `is_active` int(11) DEFAULT '0',
  `is_system` int(1) NOT NULL DEFAULT '0',
  `is_superadmin` int(11) NOT NULL DEFAULT '0',
  `created_at` timestamp NOT NULL DEFAULT CURRENT_TIMESTAMP ON UPDATE CURRENT_TIMESTAMP,
  `updated_at` date DEFAULT NULL,
  PRIMARY KEY (`id`)
) ENGINE=InnoDB AUTO_INCREMENT=8 DEFAULT CHARSET=utf8;

INSERT INTO `roles` (`id`, `name`, `slug`, `is_active`, `is_system`, `is_superadmin`, `created_at`, `updated_at`) VALUES (1, 'Admin', NULL, 0, 1, 0, '2018-06-30 21:09:11', '0000-00-00');
INSERT INTO `roles` (`id`, `name`, `slug`, `is_active`, `is_system`, `is_superadmin`, `created_at`, `updated_at`) VALUES (2, 'Teacher', NULL, 0, 1, 0, '2018-06-30 21:09:14', '0000-00-00');
INSERT INTO `roles` (`id`, `name`, `slug`, `is_active`, `is_system`, `is_superadmin`, `created_at`, `updated_at`) VALUES (3, 'Accountant', NULL, 0, 1, 0, '2018-06-30 21:09:17', '0000-00-00');
INSERT INTO `roles` (`id`, `name`, `slug`, `is_active`, `is_system`, `is_superadmin`, `created_at`, `updated_at`) VALUES (4, 'Librarian', NULL, 0, 1, 0, '2018-06-30 21:09:21', '0000-00-00');
INSERT INTO `roles` (`id`, `name`, `slug`, `is_active`, `is_system`, `is_superadmin`, `created_at`, `updated_at`) VALUES (6, 'Receptionist', NULL, 0, 1, 0, '2018-07-02 11:09:03', '0000-00-00');
INSERT INTO `roles` (`id`, `name`, `slug`, `is_active`, `is_system`, `is_superadmin`, `created_at`, `updated_at`) VALUES (7, 'Super Admin', NULL, 0, 1, 1, '2018-07-11 19:41:29', '0000-00-00');


#
# TABLE STRUCTURE FOR: roles_permissions
#

DROP TABLE IF EXISTS `roles_permissions`;

CREATE TABLE `roles_permissions` (
  `id` int(11) NOT NULL AUTO_INCREMENT,
  `role_id` int(11) DEFAULT NULL,
  `perm_cat_id` int(11) DEFAULT NULL,
  `can_view` int(11) DEFAULT NULL,
  `can_add` int(11) DEFAULT NULL,
  `can_edit` int(11) DEFAULT NULL,
  `can_delete` int(11) DEFAULT NULL,
  `created_at` timestamp NOT NULL DEFAULT CURRENT_TIMESTAMP ON UPDATE CURRENT_TIMESTAMP,
  PRIMARY KEY (`id`),
  KEY `role_id` (`role_id`),
  KEY `perm_cat_id` (`perm_cat_id`),
  CONSTRAINT `roles_permissions_ibfk_1` FOREIGN KEY (`role_id`) REFERENCES `roles` (`id`) ON DELETE CASCADE,
  CONSTRAINT `roles_permissions_ibfk_2` FOREIGN KEY (`perm_cat_id`) REFERENCES `permission_category` (`id`) ON DELETE CASCADE
) ENGINE=InnoDB AUTO_INCREMENT=1489 DEFAULT CHARSET=utf8;

INSERT INTO `roles_permissions` (`id`, `role_id`, `perm_cat_id`, `can_view`, `can_add`, `can_edit`, `can_delete`, `created_at`) VALUES (11, 1, 78, 1, 1, 1, 1, '2018-07-03 06:19:43');
INSERT INTO `roles_permissions` (`id`, `role_id`, `perm_cat_id`, `can_view`, `can_add`, `can_edit`, `can_delete`, `created_at`) VALUES (23, 1, 12, 1, 1, 1, 1, '2018-07-06 15:15:38');
INSERT INTO `roles_permissions` (`id`, `role_id`, `perm_cat_id`, `can_view`, `can_add`, `can_edit`, `can_delete`, `created_at`) VALUES (24, 1, 13, 1, 1, 1, 1, '2018-07-06 15:18:28');
INSERT INTO `roles_permissions` (`id`, `role_id`, `perm_cat_id`, `can_view`, `can_add`, `can_edit`, `can_delete`, `created_at`) VALUES (26, 1, 15, 1, 1, 1, 0, '2019-11-28 05:17:28');
INSERT INTO `roles_permissions` (`id`, `role_id`, `perm_cat_id`, `can_view`, `can_add`, `can_edit`, `can_delete`, `created_at`) VALUES (31, 1, 21, 1, 0, 1, 0, '2019-11-26 10:21:15');
INSERT INTO `roles_permissions` (`id`, `role_id`, `perm_cat_id`, `can_view`, `can_add`, `can_edit`, `can_delete`, `created_at`) VALUES (34, 1, 24, 1, 1, 1, 1, '2019-11-28 12:05:20');
INSERT INTO `roles_permissions` (`id`, `role_id`, `perm_cat_id`, `can_view`, `can_add`, `can_edit`, `can_delete`, `created_at`) VALUES (43, 1, 32, 1, 1, 1, 1, '2018-07-06 15:52:05');
INSERT INTO `roles_permissions` (`id`, `role_id`, `perm_cat_id`, `can_view`, `can_add`, `can_edit`, `can_delete`, `created_at`) VALUES (44, 1, 33, 1, 1, 1, 1, '2018-07-06 15:52:29');
INSERT INTO `roles_permissions` (`id`, `role_id`, `perm_cat_id`, `can_view`, `can_add`, `can_edit`, `can_delete`, `created_at`) VALUES (45, 1, 34, 1, 1, 1, 1, '2018-07-06 15:53:59');
INSERT INTO `roles_permissions` (`id`, `role_id`, `perm_cat_id`, `can_view`, `can_add`, `can_edit`, `can_delete`, `created_at`) VALUES (46, 1, 35, 1, 1, 1, 1, '2018-07-06 15:54:34');
INSERT INTO `roles_permissions` (`id`, `role_id`, `perm_cat_id`, `can_view`, `can_add`, `can_edit`, `can_delete`, `created_at`) VALUES (47, 1, 104, 1, 1, 1, 1, '2018-07-06 15:53:08');
INSERT INTO `roles_permissions` (`id`, `role_id`, `perm_cat_id`, `can_view`, `can_add`, `can_edit`, `can_delete`, `created_at`) VALUES (48, 1, 37, 1, 1, 1, 1, '2018-07-06 15:55:30');
INSERT INTO `roles_permissions` (`id`, `role_id`, `perm_cat_id`, `can_view`, `can_add`, `can_edit`, `can_delete`, `created_at`) VALUES (49, 1, 38, 1, 1, 1, 1, '2018-07-09 10:45:27');
INSERT INTO `roles_permissions` (`id`, `role_id`, `perm_cat_id`, `can_view`, `can_add`, `can_edit`, `can_delete`, `created_at`) VALUES (61, 1, 55, 1, 1, 1, 1, '2018-07-02 14:54:16');
INSERT INTO `roles_permissions` (`id`, `role_id`, `perm_cat_id`, `can_view`, `can_add`, `can_edit`, `can_delete`, `created_at`) VALUES (67, 1, 61, 1, 1, 0, 1, '2018-07-09 11:29:19');
INSERT INTO `roles_permissions` (`id`, `role_id`, `perm_cat_id`, `can_view`, `can_add`, `can_edit`, `can_delete`, `created_at`) VALUES (68, 1, 62, 1, 1, 0, 1, '2018-07-09 11:29:19');
INSERT INTO `roles_permissions` (`id`, `role_id`, `perm_cat_id`, `can_view`, `can_add`, `can_edit`, `can_delete`, `created_at`) VALUES (69, 1, 63, 1, 1, 0, 1, '2018-07-09 09:21:38');
INSERT INTO `roles_permissions` (`id`, `role_id`, `perm_cat_id`, `can_view`, `can_add`, `can_edit`, `can_delete`, `created_at`) VALUES (70, 1, 64, 1, 1, 1, 1, '2018-07-09 08:32:19');
INSERT INTO `roles_permissions` (`id`, `role_id`, `perm_cat_id`, `can_view`, `can_add`, `can_edit`, `can_delete`, `created_at`) VALUES (71, 1, 65, 1, 1, 1, 1, '2018-07-09 08:41:21');
INSERT INTO `roles_permissions` (`id`, `role_id`, `perm_cat_id`, `can_view`, `can_add`, `can_edit`, `can_delete`, `created_at`) VALUES (72, 1, 66, 1, 1, 1, 1, '2018-07-09 08:43:09');
INSERT INTO `roles_permissions` (`id`, `role_id`, `perm_cat_id`, `can_view`, `can_add`, `can_edit`, `can_delete`, `created_at`) VALUES (73, 1, 67, 1, 1, 1, 1, '2018-07-09 08:44:47');
INSERT INTO `roles_permissions` (`id`, `role_id`, `perm_cat_id`, `can_view`, `can_add`, `can_edit`, `can_delete`, `created_at`) VALUES (74, 1, 79, 1, 1, 0, 1, '2019-11-30 07:02:51');
INSERT INTO `roles_permissions` (`id`, `role_id`, `perm_cat_id`, `can_view`, `can_add`, `can_edit`, `can_delete`, `created_at`) VALUES (75, 1, 80, 1, 1, 1, 1, '2018-07-06 15:11:23');
INSERT INTO `roles_permissions` (`id`, `role_id`, `perm_cat_id`, `can_view`, `can_add`, `can_edit`, `can_delete`, `created_at`) VALUES (76, 1, 81, 1, 1, 1, 1, '2018-07-06 15:11:23');
INSERT INTO `roles_permissions` (`id`, `role_id`, `perm_cat_id`, `can_view`, `can_add`, `can_edit`, `can_delete`, `created_at`) VALUES (78, 1, 83, 1, 1, 1, 1, '2018-07-06 15:11:23');
INSERT INTO `roles_permissions` (`id`, `role_id`, `perm_cat_id`, `can_view`, `can_add`, `can_edit`, `can_delete`, `created_at`) VALUES (79, 1, 84, 1, 1, 1, 1, '2018-07-06 15:11:23');
INSERT INTO `roles_permissions` (`id`, `role_id`, `perm_cat_id`, `can_view`, `can_add`, `can_edit`, `can_delete`, `created_at`) VALUES (80, 1, 85, 1, 1, 1, 1, '2018-07-12 05:46:00');
INSERT INTO `roles_permissions` (`id`, `role_id`, `perm_cat_id`, `can_view`, `can_add`, `can_edit`, `can_delete`, `created_at`) VALUES (94, 1, 82, 1, 1, 1, 1, '2018-07-06 15:11:23');
INSERT INTO `roles_permissions` (`id`, `role_id`, `perm_cat_id`, `can_view`, `can_add`, `can_edit`, `can_delete`, `created_at`) VALUES (120, 1, 39, 1, 1, 1, 1, '2018-07-06 15:56:28');
INSERT INTO `roles_permissions` (`id`, `role_id`, `perm_cat_id`, `can_view`, `can_add`, `can_edit`, `can_delete`, `created_at`) VALUES (156, 1, 9, 1, 1, 1, 1, '2019-11-28 05:15:46');
INSERT INTO `roles_permissions` (`id`, `role_id`, `perm_cat_id`, `can_view`, `can_add`, `can_edit`, `can_delete`, `created_at`) VALUES (157, 1, 10, 1, 1, 1, 1, '2019-11-28 05:15:46');
INSERT INTO `roles_permissions` (`id`, `role_id`, `perm_cat_id`, `can_view`, `can_add`, `can_edit`, `can_delete`, `created_at`) VALUES (159, 1, 40, 1, 1, 1, 1, '2019-11-30 06:19:39');
INSERT INTO `roles_permissions` (`id`, `role_id`, `perm_cat_id`, `can_view`, `can_add`, `can_edit`, `can_delete`, `created_at`) VALUES (160, 1, 41, 1, 1, 1, 1, '2019-12-02 11:13:41');
INSERT INTO `roles_permissions` (`id`, `role_id`, `perm_cat_id`, `can_view`, `can_add`, `can_edit`, `can_delete`, `created_at`) VALUES (161, 1, 42, 1, 1, 1, 1, '2019-11-30 06:19:39');
INSERT INTO `roles_permissions` (`id`, `role_id`, `perm_cat_id`, `can_view`, `can_add`, `can_edit`, `can_delete`, `created_at`) VALUES (169, 1, 27, 1, 1, 0, 1, '2019-11-29 11:45:37');
INSERT INTO `roles_permissions` (`id`, `role_id`, `perm_cat_id`, `can_view`, `can_add`, `can_edit`, `can_delete`, `created_at`) VALUES (178, 1, 54, 1, 0, 1, 0, '2018-07-05 14:39:22');
INSERT INTO `roles_permissions` (`id`, `role_id`, `perm_cat_id`, `can_view`, `can_add`, `can_edit`, `can_delete`, `created_at`) VALUES (179, 1, 56, 1, 0, 1, 0, '2019-11-30 06:19:54');
INSERT INTO `roles_permissions` (`id`, `role_id`, `perm_cat_id`, `can_view`, `can_add`, `can_edit`, `can_delete`, `created_at`) VALUES (180, 1, 57, 1, 0, 1, 0, '2019-11-30 07:02:51');
INSERT INTO `roles_permissions` (`id`, `role_id`, `perm_cat_id`, `can_view`, `can_add`, `can_edit`, `can_delete`, `created_at`) VALUES (181, 1, 58, 1, 0, 1, 0, '2019-11-30 07:02:51');
INSERT INTO `roles_permissions` (`id`, `role_id`, `perm_cat_id`, `can_view`, `can_add`, `can_edit`, `can_delete`, `created_at`) VALUES (182, 1, 59, 1, 0, 1, 0, '2019-11-30 07:02:51');
INSERT INTO `roles_permissions` (`id`, `role_id`, `perm_cat_id`, `can_view`, `can_add`, `can_edit`, `can_delete`, `created_at`) VALUES (183, 1, 60, 1, 0, 1, 0, '2019-11-30 06:29:57');
INSERT INTO `roles_permissions` (`id`, `role_id`, `perm_cat_id`, `can_view`, `can_add`, `can_edit`, `can_delete`, `created_at`) VALUES (201, 1, 14, 1, 0, 0, 0, '2018-07-02 16:52:03');
INSERT INTO `roles_permissions` (`id`, `role_id`, `perm_cat_id`, `can_view`, `can_add`, `can_edit`, `can_delete`, `created_at`) VALUES (204, 1, 26, 1, 0, 0, 0, '2018-07-02 17:02:05');
INSERT INTO `roles_permissions` (`id`, `role_id`, `perm_cat_id`, `can_view`, `can_add`, `can_edit`, `can_delete`, `created_at`) VALUES (206, 1, 29, 1, 0, 0, 0, '2018-07-02 17:13:54');
INSERT INTO `roles_permissions` (`id`, `role_id`, `perm_cat_id`, `can_view`, `can_add`, `can_edit`, `can_delete`, `created_at`) VALUES (207, 1, 30, 1, 0, 0, 0, '2018-07-02 17:13:54');
INSERT INTO `roles_permissions` (`id`, `role_id`, `perm_cat_id`, `can_view`, `can_add`, `can_edit`, `can_delete`, `created_at`) VALUES (208, 1, 31, 1, 1, 1, 1, '2019-11-30 07:02:51');
INSERT INTO `roles_permissions` (`id`, `role_id`, `perm_cat_id`, `can_view`, `can_add`, `can_edit`, `can_delete`, `created_at`) VALUES (222, 1, 1, 1, 1, 1, 1, '2019-11-28 04:25:06');
INSERT INTO `roles_permissions` (`id`, `role_id`, `perm_cat_id`, `can_view`, `can_add`, `can_edit`, `can_delete`, `created_at`) VALUES (307, 1, 126, 1, 0, 0, 0, '2018-07-03 14:56:13');
INSERT INTO `roles_permissions` (`id`, `role_id`, `perm_cat_id`, `can_view`, `can_add`, `can_edit`, `can_delete`, `created_at`) VALUES (315, 1, 123, 1, 0, 0, 0, '2018-07-03 15:57:03');
INSERT INTO `roles_permissions` (`id`, `role_id`, `perm_cat_id`, `can_view`, `can_add`, `can_edit`, `can_delete`, `created_at`) VALUES (369, 1, 102, 1, 1, 1, 1, '2019-12-02 10:32:15');
INSERT INTO `roles_permissions` (`id`, `role_id`, `perm_cat_id`, `can_view`, `can_add`, `can_edit`, `can_delete`, `created_at`) VALUES (435, 1, 96, 1, 1, 1, 1, '2018-07-09 06:33:54');
INSERT INTO `roles_permissions` (`id`, `role_id`, `perm_cat_id`, `can_view`, `can_add`, `can_edit`, `can_delete`, `created_at`) VALUES (461, 1, 97, 1, 0, 0, 0, '2018-07-09 06:30:16');
INSERT INTO `roles_permissions` (`id`, `role_id`, `perm_cat_id`, `can_view`, `can_add`, `can_edit`, `can_delete`, `created_at`) VALUES (464, 1, 86, 1, 1, 1, 1, '2019-11-28 12:09:19');
INSERT INTO `roles_permissions` (`id`, `role_id`, `perm_cat_id`, `can_view`, `can_add`, `can_edit`, `can_delete`, `created_at`) VALUES (474, 1, 130, 1, 1, 0, 1, '2018-07-09 16:26:36');
INSERT INTO `roles_permissions` (`id`, `role_id`, `perm_cat_id`, `can_view`, `can_add`, `can_edit`, `can_delete`, `created_at`) VALUES (476, 1, 131, 1, 0, 0, 0, '2018-07-09 10:23:32');
INSERT INTO `roles_permissions` (`id`, `role_id`, `perm_cat_id`, `can_view`, `can_add`, `can_edit`, `can_delete`, `created_at`) VALUES (557, 6, 82, 1, 1, 1, 1, '2019-12-01 07:18:28');
INSERT INTO `roles_permissions` (`id`, `role_id`, `perm_cat_id`, `can_view`, `can_add`, `can_edit`, `can_delete`, `created_at`) VALUES (558, 6, 83, 1, 1, 1, 1, '2019-12-01 07:19:08');
INSERT INTO `roles_permissions` (`id`, `role_id`, `perm_cat_id`, `can_view`, `can_add`, `can_edit`, `can_delete`, `created_at`) VALUES (559, 6, 84, 1, 1, 1, 1, '2019-12-01 07:19:59');
INSERT INTO `roles_permissions` (`id`, `role_id`, `perm_cat_id`, `can_view`, `can_add`, `can_edit`, `can_delete`, `created_at`) VALUES (575, 6, 44, 1, 0, 0, 0, '2018-07-10 13:05:33');
INSERT INTO `roles_permissions` (`id`, `role_id`, `perm_cat_id`, `can_view`, `can_add`, `can_edit`, `can_delete`, `created_at`) VALUES (576, 6, 46, 1, 0, 0, 0, '2018-07-10 13:05:33');
INSERT INTO `roles_permissions` (`id`, `role_id`, `perm_cat_id`, `can_view`, `can_add`, `can_edit`, `can_delete`, `created_at`) VALUES (578, 6, 102, 1, 1, 1, 1, '2019-12-01 07:22:27');
INSERT INTO `roles_permissions` (`id`, `role_id`, `perm_cat_id`, `can_view`, `can_add`, `can_edit`, `can_delete`, `created_at`) VALUES (625, 1, 28, 1, 1, 1, 1, '2019-11-29 11:49:18');
INSERT INTO `roles_permissions` (`id`, `role_id`, `perm_cat_id`, `can_view`, `can_add`, `can_edit`, `can_delete`, `created_at`) VALUES (634, 4, 102, 1, 1, 1, 1, '2019-12-01 06:33:00');
INSERT INTO `roles_permissions` (`id`, `role_id`, `perm_cat_id`, `can_view`, `can_add`, `can_edit`, `can_delete`, `created_at`) VALUES (669, 1, 145, 1, 0, 0, 0, '2019-11-26 10:21:15');
INSERT INTO `roles_permissions` (`id`, `role_id`, `perm_cat_id`, `can_view`, `can_add`, `can_edit`, `can_delete`, `created_at`) VALUES (677, 1, 153, 1, 0, 0, 0, '2019-11-01 07:58:24');
INSERT INTO `roles_permissions` (`id`, `role_id`, `perm_cat_id`, `can_view`, `can_add`, `can_edit`, `can_delete`, `created_at`) VALUES (720, 1, 216, 1, 0, 0, 0, '2019-11-26 10:54:12');
INSERT INTO `roles_permissions` (`id`, `role_id`, `perm_cat_id`, `can_view`, `can_add`, `can_edit`, `can_delete`, `created_at`) VALUES (728, 1, 185, 1, 1, 1, 1, '2019-11-28 08:20:33');
INSERT INTO `roles_permissions` (`id`, `role_id`, `perm_cat_id`, `can_view`, `can_add`, `can_edit`, `can_delete`, `created_at`) VALUES (729, 1, 186, 1, 1, 1, 1, '2019-11-28 08:19:07');
INSERT INTO `roles_permissions` (`id`, `role_id`, `perm_cat_id`, `can_view`, `can_add`, `can_edit`, `can_delete`, `created_at`) VALUES (730, 1, 214, 1, 0, 1, 0, '2019-11-28 07:17:53');
INSERT INTO `roles_permissions` (`id`, `role_id`, `perm_cat_id`, `can_view`, `can_add`, `can_edit`, `can_delete`, `created_at`) VALUES (732, 1, 198, 1, 0, 0, 0, '2019-11-26 10:54:30');
INSERT INTO `roles_permissions` (`id`, `role_id`, `perm_cat_id`, `can_view`, `can_add`, `can_edit`, `can_delete`, `created_at`) VALUES (734, 1, 200, 1, 0, 0, 0, '2019-11-26 10:54:30');
INSERT INTO `roles_permissions` (`id`, `role_id`, `perm_cat_id`, `can_view`, `can_add`, `can_edit`, `can_delete`, `created_at`) VALUES (735, 1, 201, 1, 0, 0, 0, '2019-11-26 10:54:30');
INSERT INTO `roles_permissions` (`id`, `role_id`, `perm_cat_id`, `can_view`, `can_add`, `can_edit`, `can_delete`, `created_at`) VALUES (736, 1, 202, 1, 0, 0, 0, '2019-11-26 10:54:30');
INSERT INTO `roles_permissions` (`id`, `role_id`, `perm_cat_id`, `can_view`, `can_add`, `can_edit`, `can_delete`, `created_at`) VALUES (737, 1, 203, 1, 0, 0, 0, '2019-11-26 10:54:30');
INSERT INTO `roles_permissions` (`id`, `role_id`, `perm_cat_id`, `can_view`, `can_add`, `can_edit`, `can_delete`, `created_at`) VALUES (747, 1, 2, 1, 0, 0, 0, '2019-11-28 04:26:08');
INSERT INTO `roles_permissions` (`id`, `role_id`, `perm_cat_id`, `can_view`, `can_add`, `can_edit`, `can_delete`, `created_at`) VALUES (748, 1, 3, 1, 1, 1, 1, '2019-11-28 04:26:32');
INSERT INTO `roles_permissions` (`id`, `role_id`, `perm_cat_id`, `can_view`, `can_add`, `can_edit`, `can_delete`, `created_at`) VALUES (749, 1, 4, 1, 1, 1, 1, '2019-11-28 04:26:48');
INSERT INTO `roles_permissions` (`id`, `role_id`, `perm_cat_id`, `can_view`, `can_add`, `can_edit`, `can_delete`, `created_at`) VALUES (751, 1, 128, 0, 1, 0, 1, '2019-11-28 04:27:01');
INSERT INTO `roles_permissions` (`id`, `role_id`, `perm_cat_id`, `can_view`, `can_add`, `can_edit`, `can_delete`, `created_at`) VALUES (754, 1, 134, 1, 1, 1, 1, '2019-11-28 04:48:21');
INSERT INTO `roles_permissions` (`id`, `role_id`, `perm_cat_id`, `can_view`, `can_add`, `can_edit`, `can_delete`, `created_at`) VALUES (755, 1, 5, 1, 1, 0, 1, '2019-11-28 05:05:07');
INSERT INTO `roles_permissions` (`id`, `role_id`, `perm_cat_id`, `can_view`, `can_add`, `can_edit`, `can_delete`, `created_at`) VALUES (756, 1, 6, 1, 0, 0, 0, '2019-11-28 05:05:25');
INSERT INTO `roles_permissions` (`id`, `role_id`, `perm_cat_id`, `can_view`, `can_add`, `can_edit`, `can_delete`, `created_at`) VALUES (757, 1, 7, 1, 1, 1, 1, '2019-11-28 05:06:35');
INSERT INTO `roles_permissions` (`id`, `role_id`, `perm_cat_id`, `can_view`, `can_add`, `can_edit`, `can_delete`, `created_at`) VALUES (758, 1, 8, 1, 1, 1, 1, '2019-11-28 05:07:27');
INSERT INTO `roles_permissions` (`id`, `role_id`, `perm_cat_id`, `can_view`, `can_add`, `can_edit`, `can_delete`, `created_at`) VALUES (760, 1, 68, 1, 0, 0, 0, '2019-11-28 05:08:06');
INSERT INTO `roles_permissions` (`id`, `role_id`, `perm_cat_id`, `can_view`, `can_add`, `can_edit`, `can_delete`, `created_at`) VALUES (761, 1, 69, 1, 1, 1, 1, '2019-11-28 05:09:06');
INSERT INTO `roles_permissions` (`id`, `role_id`, `perm_cat_id`, `can_view`, `can_add`, `can_edit`, `can_delete`, `created_at`) VALUES (762, 1, 70, 1, 1, 1, 1, '2019-11-28 05:09:41');
INSERT INTO `roles_permissions` (`id`, `role_id`, `perm_cat_id`, `can_view`, `can_add`, `can_edit`, `can_delete`, `created_at`) VALUES (763, 1, 71, 1, 0, 0, 0, '2019-11-28 05:09:59');
INSERT INTO `roles_permissions` (`id`, `role_id`, `perm_cat_id`, `can_view`, `can_add`, `can_edit`, `can_delete`, `created_at`) VALUES (765, 1, 73, 1, 0, 0, 0, '2019-11-28 05:13:15');
INSERT INTO `roles_permissions` (`id`, `role_id`, `perm_cat_id`, `can_view`, `can_add`, `can_edit`, `can_delete`, `created_at`) VALUES (766, 1, 74, 1, 0, 0, 0, '2019-11-28 05:13:55');
INSERT INTO `roles_permissions` (`id`, `role_id`, `perm_cat_id`, `can_view`, `can_add`, `can_edit`, `can_delete`, `created_at`) VALUES (768, 1, 11, 1, 0, 0, 0, '2019-11-28 05:15:46');
INSERT INTO `roles_permissions` (`id`, `role_id`, `perm_cat_id`, `can_view`, `can_add`, `can_edit`, `can_delete`, `created_at`) VALUES (769, 1, 122, 1, 0, 0, 0, '2019-11-28 05:22:43');
INSERT INTO `roles_permissions` (`id`, `role_id`, `perm_cat_id`, `can_view`, `can_add`, `can_edit`, `can_delete`, `created_at`) VALUES (771, 1, 136, 1, 0, 0, 0, '2019-11-28 05:25:36');
INSERT INTO `roles_permissions` (`id`, `role_id`, `perm_cat_id`, `can_view`, `can_add`, `can_edit`, `can_delete`, `created_at`) VALUES (772, 1, 20, 1, 1, 1, 1, '2019-11-28 09:36:44');
INSERT INTO `roles_permissions` (`id`, `role_id`, `perm_cat_id`, `can_view`, `can_add`, `can_edit`, `can_delete`, `created_at`) VALUES (773, 1, 137, 1, 1, 1, 1, '2019-11-28 06:16:14');
INSERT INTO `roles_permissions` (`id`, `role_id`, `perm_cat_id`, `can_view`, `can_add`, `can_edit`, `can_delete`, `created_at`) VALUES (774, 1, 141, 1, 1, 1, 1, '2019-11-28 06:29:42');
INSERT INTO `roles_permissions` (`id`, `role_id`, `perm_cat_id`, `can_view`, `can_add`, `can_edit`, `can_delete`, `created_at`) VALUES (775, 1, 142, 1, 0, 0, 0, '2019-11-28 05:26:12');
INSERT INTO `roles_permissions` (`id`, `role_id`, `perm_cat_id`, `can_view`, `can_add`, `can_edit`, `can_delete`, `created_at`) VALUES (776, 1, 143, 1, 1, 1, 1, '2019-11-28 06:29:42');
INSERT INTO `roles_permissions` (`id`, `role_id`, `perm_cat_id`, `can_view`, `can_add`, `can_edit`, `can_delete`, `created_at`) VALUES (777, 1, 144, 1, 0, 0, 0, '2019-11-28 05:26:12');
INSERT INTO `roles_permissions` (`id`, `role_id`, `perm_cat_id`, `can_view`, `can_add`, `can_edit`, `can_delete`, `created_at`) VALUES (778, 1, 187, 1, 0, 0, 0, '2019-11-28 05:26:12');
INSERT INTO `roles_permissions` (`id`, `role_id`, `perm_cat_id`, `can_view`, `can_add`, `can_edit`, `can_delete`, `created_at`) VALUES (779, 1, 196, 1, 0, 0, 0, '2019-11-28 05:26:12');
INSERT INTO `roles_permissions` (`id`, `role_id`, `perm_cat_id`, `can_view`, `can_add`, `can_edit`, `can_delete`, `created_at`) VALUES (781, 1, 207, 1, 0, 0, 0, '2019-11-28 05:26:12');
INSERT INTO `roles_permissions` (`id`, `role_id`, `perm_cat_id`, `can_view`, `can_add`, `can_edit`, `can_delete`, `created_at`) VALUES (782, 1, 208, 1, 0, 1, 0, '2019-11-28 05:40:22');
INSERT INTO `roles_permissions` (`id`, `role_id`, `perm_cat_id`, `can_view`, `can_add`, `can_edit`, `can_delete`, `created_at`) VALUES (783, 1, 210, 1, 0, 1, 0, '2019-11-28 06:04:40');
INSERT INTO `roles_permissions` (`id`, `role_id`, `perm_cat_id`, `can_view`, `can_add`, `can_edit`, `can_delete`, `created_at`) VALUES (784, 1, 211, 1, 0, 1, 0, '2019-11-28 06:08:23');
INSERT INTO `roles_permissions` (`id`, `role_id`, `perm_cat_id`, `can_view`, `can_add`, `can_edit`, `can_delete`, `created_at`) VALUES (785, 1, 212, 1, 0, 1, 0, '2019-11-28 06:12:15');
INSERT INTO `roles_permissions` (`id`, `role_id`, `perm_cat_id`, `can_view`, `can_add`, `can_edit`, `can_delete`, `created_at`) VALUES (786, 1, 205, 1, 1, 1, 1, '2019-11-28 06:12:15');
INSERT INTO `roles_permissions` (`id`, `role_id`, `perm_cat_id`, `can_view`, `can_add`, `can_edit`, `can_delete`, `created_at`) VALUES (787, 1, 222, 1, 0, 1, 0, '2019-11-28 07:06:36');
INSERT INTO `roles_permissions` (`id`, `role_id`, `perm_cat_id`, `can_view`, `can_add`, `can_edit`, `can_delete`, `created_at`) VALUES (788, 1, 77, 1, 1, 1, 1, '2019-11-28 11:52:10');
INSERT INTO `roles_permissions` (`id`, `role_id`, `perm_cat_id`, `can_view`, `can_add`, `can_edit`, `can_delete`, `created_at`) VALUES (789, 1, 188, 1, 1, 1, 1, '2019-11-28 11:56:16');
INSERT INTO `roles_permissions` (`id`, `role_id`, `perm_cat_id`, `can_view`, `can_add`, `can_edit`, `can_delete`, `created_at`) VALUES (790, 1, 23, 1, 1, 1, 1, '2019-11-28 12:04:20');
INSERT INTO `roles_permissions` (`id`, `role_id`, `perm_cat_id`, `can_view`, `can_add`, `can_edit`, `can_delete`, `created_at`) VALUES (791, 1, 25, 1, 1, 1, 1, '2019-11-28 12:06:20');
INSERT INTO `roles_permissions` (`id`, `role_id`, `perm_cat_id`, `can_view`, `can_add`, `can_edit`, `can_delete`, `created_at`) VALUES (792, 1, 127, 1, 0, 0, 0, '2019-11-28 12:11:25');
INSERT INTO `roles_permissions` (`id`, `role_id`, `perm_cat_id`, `can_view`, `can_add`, `can_edit`, `can_delete`, `created_at`) VALUES (794, 1, 88, 1, 1, 1, 0, '2019-11-28 12:13:04');
INSERT INTO `roles_permissions` (`id`, `role_id`, `perm_cat_id`, `can_view`, `can_add`, `can_edit`, `can_delete`, `created_at`) VALUES (795, 1, 90, 1, 1, 0, 1, '2019-11-28 12:16:22');
INSERT INTO `roles_permissions` (`id`, `role_id`, `perm_cat_id`, `can_view`, `can_add`, `can_edit`, `can_delete`, `created_at`) VALUES (796, 1, 108, 1, 0, 1, 1, '2021-01-23 12:39:32');
INSERT INTO `roles_permissions` (`id`, `role_id`, `perm_cat_id`, `can_view`, `can_add`, `can_edit`, `can_delete`, `created_at`) VALUES (797, 1, 109, 1, 1, 0, 0, '2019-11-29 05:08:11');
INSERT INTO `roles_permissions` (`id`, `role_id`, `perm_cat_id`, `can_view`, `can_add`, `can_edit`, `can_delete`, `created_at`) VALUES (798, 1, 110, 1, 1, 1, 1, '2019-11-29 05:19:29');
INSERT INTO `roles_permissions` (`id`, `role_id`, `perm_cat_id`, `can_view`, `can_add`, `can_edit`, `can_delete`, `created_at`) VALUES (799, 1, 111, 1, 1, 1, 1, '2019-11-29 05:19:57');
INSERT INTO `roles_permissions` (`id`, `role_id`, `perm_cat_id`, `can_view`, `can_add`, `can_edit`, `can_delete`, `created_at`) VALUES (800, 1, 112, 1, 1, 1, 1, '2019-11-29 05:19:57');
INSERT INTO `roles_permissions` (`id`, `role_id`, `perm_cat_id`, `can_view`, `can_add`, `can_edit`, `can_delete`, `created_at`) VALUES (801, 1, 129, 0, 1, 0, 1, '2019-11-29 05:19:57');
INSERT INTO `roles_permissions` (`id`, `role_id`, `perm_cat_id`, `can_view`, `can_add`, `can_edit`, `can_delete`, `created_at`) VALUES (802, 1, 189, 1, 0, 1, 1, '2019-11-29 05:29:22');
INSERT INTO `roles_permissions` (`id`, `role_id`, `perm_cat_id`, `can_view`, `can_add`, `can_edit`, `can_delete`, `created_at`) VALUES (810, 2, 1, 1, 1, 1, 1, '2019-11-30 08:24:16');
INSERT INTO `roles_permissions` (`id`, `role_id`, `perm_cat_id`, `can_view`, `can_add`, `can_edit`, `can_delete`, `created_at`) VALUES (817, 1, 93, 1, 1, 1, 1, '2019-11-29 06:26:14');
INSERT INTO `roles_permissions` (`id`, `role_id`, `perm_cat_id`, `can_view`, `can_add`, `can_edit`, `can_delete`, `created_at`) VALUES (825, 1, 87, 1, 0, 0, 0, '2019-11-29 06:26:14');
INSERT INTO `roles_permissions` (`id`, `role_id`, `perm_cat_id`, `can_view`, `can_add`, `can_edit`, `can_delete`, `created_at`) VALUES (829, 1, 94, 1, 1, 0, 0, '2019-11-29 06:27:57');
INSERT INTO `roles_permissions` (`id`, `role_id`, `perm_cat_id`, `can_view`, `can_add`, `can_edit`, `can_delete`, `created_at`) VALUES (836, 1, 146, 1, 0, 0, 0, '2019-11-29 06:43:28');
INSERT INTO `roles_permissions` (`id`, `role_id`, `perm_cat_id`, `can_view`, `can_add`, `can_edit`, `can_delete`, `created_at`) VALUES (837, 1, 147, 1, 0, 0, 0, '2019-11-29 06:43:28');
INSERT INTO `roles_permissions` (`id`, `role_id`, `perm_cat_id`, `can_view`, `can_add`, `can_edit`, `can_delete`, `created_at`) VALUES (838, 1, 148, 1, 0, 0, 0, '2019-11-29 06:43:28');
INSERT INTO `roles_permissions` (`id`, `role_id`, `perm_cat_id`, `can_view`, `can_add`, `can_edit`, `can_delete`, `created_at`) VALUES (839, 1, 149, 1, 0, 0, 0, '2019-11-29 06:43:28');
INSERT INTO `roles_permissions` (`id`, `role_id`, `perm_cat_id`, `can_view`, `can_add`, `can_edit`, `can_delete`, `created_at`) VALUES (840, 1, 150, 1, 0, 0, 0, '2019-11-29 06:43:28');
INSERT INTO `roles_permissions` (`id`, `role_id`, `perm_cat_id`, `can_view`, `can_add`, `can_edit`, `can_delete`, `created_at`) VALUES (841, 1, 151, 1, 0, 0, 0, '2019-11-29 06:43:28');
INSERT INTO `roles_permissions` (`id`, `role_id`, `perm_cat_id`, `can_view`, `can_add`, `can_edit`, `can_delete`, `created_at`) VALUES (842, 1, 152, 1, 0, 0, 0, '2019-11-29 06:43:28');
INSERT INTO `roles_permissions` (`id`, `role_id`, `perm_cat_id`, `can_view`, `can_add`, `can_edit`, `can_delete`, `created_at`) VALUES (843, 1, 154, 1, 0, 0, 0, '2019-11-29 06:43:28');
INSERT INTO `roles_permissions` (`id`, `role_id`, `perm_cat_id`, `can_view`, `can_add`, `can_edit`, `can_delete`, `created_at`) VALUES (862, 1, 155, 1, 0, 0, 0, '2019-11-29 07:37:30');
INSERT INTO `roles_permissions` (`id`, `role_id`, `perm_cat_id`, `can_view`, `can_add`, `can_edit`, `can_delete`, `created_at`) VALUES (863, 1, 156, 1, 0, 0, 0, '2019-11-29 07:37:52');
INSERT INTO `roles_permissions` (`id`, `role_id`, `perm_cat_id`, `can_view`, `can_add`, `can_edit`, `can_delete`, `created_at`) VALUES (864, 1, 157, 1, 0, 0, 0, '2019-11-29 07:38:05');
INSERT INTO `roles_permissions` (`id`, `role_id`, `perm_cat_id`, `can_view`, `can_add`, `can_edit`, `can_delete`, `created_at`) VALUES (874, 1, 158, 1, 0, 0, 0, '2019-11-29 07:44:03');
INSERT INTO `roles_permissions` (`id`, `role_id`, `perm_cat_id`, `can_view`, `can_add`, `can_edit`, `can_delete`, `created_at`) VALUES (875, 1, 159, 1, 0, 0, 0, '2019-11-29 07:44:31');
INSERT INTO `roles_permissions` (`id`, `role_id`, `perm_cat_id`, `can_view`, `can_add`, `can_edit`, `can_delete`, `created_at`) VALUES (876, 1, 160, 1, 0, 0, 0, '2019-11-29 07:44:44');
INSERT INTO `roles_permissions` (`id`, `role_id`, `perm_cat_id`, `can_view`, `can_add`, `can_edit`, `can_delete`, `created_at`) VALUES (878, 1, 162, 1, 0, 0, 0, '2019-11-29 07:45:58');
INSERT INTO `roles_permissions` (`id`, `role_id`, `perm_cat_id`, `can_view`, `can_add`, `can_edit`, `can_delete`, `created_at`) VALUES (879, 1, 163, 1, 0, 0, 0, '2019-11-29 07:46:19');
INSERT INTO `roles_permissions` (`id`, `role_id`, `perm_cat_id`, `can_view`, `can_add`, `can_edit`, `can_delete`, `created_at`) VALUES (882, 1, 164, 1, 0, 0, 0, '2019-11-29 07:55:17');
INSERT INTO `roles_permissions` (`id`, `role_id`, `perm_cat_id`, `can_view`, `can_add`, `can_edit`, `can_delete`, `created_at`) VALUES (884, 1, 165, 1, 0, 0, 0, '2019-11-29 07:55:30');
INSERT INTO `roles_permissions` (`id`, `role_id`, `perm_cat_id`, `can_view`, `can_add`, `can_edit`, `can_delete`, `created_at`) VALUES (886, 1, 197, 1, 0, 0, 0, '2019-11-29 07:55:48');
INSERT INTO `roles_permissions` (`id`, `role_id`, `perm_cat_id`, `can_view`, `can_add`, `can_edit`, `can_delete`, `created_at`) VALUES (887, 1, 219, 1, 0, 0, 0, '2019-11-29 07:56:05');
INSERT INTO `roles_permissions` (`id`, `role_id`, `perm_cat_id`, `can_view`, `can_add`, `can_edit`, `can_delete`, `created_at`) VALUES (889, 1, 220, 1, 0, 0, 0, '2019-11-29 07:56:22');
INSERT INTO `roles_permissions` (`id`, `role_id`, `perm_cat_id`, `can_view`, `can_add`, `can_edit`, `can_delete`, `created_at`) VALUES (932, 1, 204, 1, 0, 0, 0, '2019-11-29 09:13:27');
INSERT INTO `roles_permissions` (`id`, `role_id`, `perm_cat_id`, `can_view`, `can_add`, `can_edit`, `can_delete`, `created_at`) VALUES (933, 1, 221, 1, 0, 0, 0, '2019-11-29 09:15:04');
INSERT INTO `roles_permissions` (`id`, `role_id`, `perm_cat_id`, `can_view`, `can_add`, `can_edit`, `can_delete`, `created_at`) VALUES (934, 1, 178, 1, 0, 0, 0, '2019-11-29 09:15:16');
INSERT INTO `roles_permissions` (`id`, `role_id`, `perm_cat_id`, `can_view`, `can_add`, `can_edit`, `can_delete`, `created_at`) VALUES (935, 1, 179, 1, 0, 0, 0, '2019-11-29 09:15:33');
INSERT INTO `roles_permissions` (`id`, `role_id`, `perm_cat_id`, `can_view`, `can_add`, `can_edit`, `can_delete`, `created_at`) VALUES (936, 1, 161, 1, 0, 0, 0, '2019-11-29 09:15:48');
INSERT INTO `roles_permissions` (`id`, `role_id`, `perm_cat_id`, `can_view`, `can_add`, `can_edit`, `can_delete`, `created_at`) VALUES (937, 1, 180, 1, 0, 0, 0, '2019-11-29 09:15:48');
INSERT INTO `roles_permissions` (`id`, `role_id`, `perm_cat_id`, `can_view`, `can_add`, `can_edit`, `can_delete`, `created_at`) VALUES (938, 1, 181, 1, 0, 0, 0, '2019-11-29 09:19:33');
INSERT INTO `roles_permissions` (`id`, `role_id`, `perm_cat_id`, `can_view`, `can_add`, `can_edit`, `can_delete`, `created_at`) VALUES (939, 1, 182, 1, 0, 0, 0, '2019-11-29 09:19:45');
INSERT INTO `roles_permissions` (`id`, `role_id`, `perm_cat_id`, `can_view`, `can_add`, `can_edit`, `can_delete`, `created_at`) VALUES (940, 1, 183, 1, 0, 0, 0, '2019-11-29 09:19:56');
INSERT INTO `roles_permissions` (`id`, `role_id`, `perm_cat_id`, `can_view`, `can_add`, `can_edit`, `can_delete`, `created_at`) VALUES (941, 1, 174, 1, 0, 0, 0, '2019-11-29 09:20:53');
INSERT INTO `roles_permissions` (`id`, `role_id`, `perm_cat_id`, `can_view`, `can_add`, `can_edit`, `can_delete`, `created_at`) VALUES (943, 1, 176, 1, 0, 0, 0, '2019-11-29 09:22:10');
INSERT INTO `roles_permissions` (`id`, `role_id`, `perm_cat_id`, `can_view`, `can_add`, `can_edit`, `can_delete`, `created_at`) VALUES (944, 1, 177, 1, 0, 0, 0, '2019-11-29 09:22:22');
INSERT INTO `roles_permissions` (`id`, `role_id`, `perm_cat_id`, `can_view`, `can_add`, `can_edit`, `can_delete`, `created_at`) VALUES (945, 1, 53, 0, 1, 0, 1, '2021-01-23 12:39:32');
INSERT INTO `roles_permissions` (`id`, `role_id`, `perm_cat_id`, `can_view`, `can_add`, `can_edit`, `can_delete`, `created_at`) VALUES (946, 1, 215, 1, 0, 0, 0, '2019-11-29 09:31:37');
INSERT INTO `roles_permissions` (`id`, `role_id`, `perm_cat_id`, `can_view`, `can_add`, `can_edit`, `can_delete`, `created_at`) VALUES (947, 1, 213, 1, 0, 0, 0, '2019-11-29 09:37:45');
INSERT INTO `roles_permissions` (`id`, `role_id`, `perm_cat_id`, `can_view`, `can_add`, `can_edit`, `can_delete`, `created_at`) VALUES (974, 1, 224, 1, 0, 0, 0, '2019-11-29 10:02:52');
INSERT INTO `roles_permissions` (`id`, `role_id`, `perm_cat_id`, `can_view`, `can_add`, `can_edit`, `can_delete`, `created_at`) VALUES (1026, 1, 135, 1, 0, 1, 0, '2019-11-29 11:32:12');
INSERT INTO `roles_permissions` (`id`, `role_id`, `perm_cat_id`, `can_view`, `can_add`, `can_edit`, `can_delete`, `created_at`) VALUES (1031, 1, 228, 1, 0, 0, 0, '2019-11-29 11:51:16');
INSERT INTO `roles_permissions` (`id`, `role_id`, `perm_cat_id`, `can_view`, `can_add`, `can_edit`, `can_delete`, `created_at`) VALUES (1083, 1, 175, 1, 0, 0, 0, '2019-11-30 06:07:24');
INSERT INTO `roles_permissions` (`id`, `role_id`, `perm_cat_id`, `can_view`, `can_add`, `can_edit`, `can_delete`, `created_at`) VALUES (1086, 1, 43, 1, 1, 1, 1, '2019-11-30 06:19:39');
INSERT INTO `roles_permissions` (`id`, `role_id`, `perm_cat_id`, `can_view`, `can_add`, `can_edit`, `can_delete`, `created_at`) VALUES (1087, 1, 44, 1, 0, 0, 0, '2019-11-30 06:19:39');
INSERT INTO `roles_permissions` (`id`, `role_id`, `perm_cat_id`, `can_view`, `can_add`, `can_edit`, `can_delete`, `created_at`) VALUES (1088, 1, 46, 1, 0, 0, 0, '2019-11-30 06:19:39');
INSERT INTO `roles_permissions` (`id`, `role_id`, `perm_cat_id`, `can_view`, `can_add`, `can_edit`, `can_delete`, `created_at`) VALUES (1089, 1, 217, 1, 0, 0, 0, '2019-11-30 06:19:39');
INSERT INTO `roles_permissions` (`id`, `role_id`, `perm_cat_id`, `can_view`, `can_add`, `can_edit`, `can_delete`, `created_at`) VALUES (1090, 1, 98, 1, 1, 1, 1, '2019-11-30 07:02:51');
INSERT INTO `roles_permissions` (`id`, `role_id`, `perm_cat_id`, `can_view`, `can_add`, `can_edit`, `can_delete`, `created_at`) VALUES (1091, 1, 99, 1, 0, 0, 0, '2019-11-30 07:00:18');
INSERT INTO `roles_permissions` (`id`, `role_id`, `perm_cat_id`, `can_view`, `can_add`, `can_edit`, `can_delete`, `created_at`) VALUES (1092, 1, 223, 1, 0, 0, 0, '2019-11-30 07:02:51');
INSERT INTO `roles_permissions` (`id`, `role_id`, `perm_cat_id`, `can_view`, `can_add`, `can_edit`, `can_delete`, `created_at`) VALUES (1103, 2, 205, 1, 1, 1, 1, '2019-11-30 07:26:04');
INSERT INTO `roles_permissions` (`id`, `role_id`, `perm_cat_id`, `can_view`, `can_add`, `can_edit`, `can_delete`, `created_at`) VALUES (1105, 2, 23, 1, 0, 0, 0, '2019-11-30 07:26:04');
INSERT INTO `roles_permissions` (`id`, `role_id`, `perm_cat_id`, `can_view`, `can_add`, `can_edit`, `can_delete`, `created_at`) VALUES (1106, 2, 24, 1, 0, 0, 0, '2019-11-30 07:26:04');
INSERT INTO `roles_permissions` (`id`, `role_id`, `perm_cat_id`, `can_view`, `can_add`, `can_edit`, `can_delete`, `created_at`) VALUES (1107, 2, 25, 1, 0, 0, 0, '2019-11-30 07:26:04');
INSERT INTO `roles_permissions` (`id`, `role_id`, `perm_cat_id`, `can_view`, `can_add`, `can_edit`, `can_delete`, `created_at`) VALUES (1108, 2, 77, 1, 0, 0, 0, '2019-11-30 07:26:04');
INSERT INTO `roles_permissions` (`id`, `role_id`, `perm_cat_id`, `can_view`, `can_add`, `can_edit`, `can_delete`, `created_at`) VALUES (1119, 2, 117, 1, 0, 0, 0, '2019-11-30 07:26:04');
INSERT INTO `roles_permissions` (`id`, `role_id`, `perm_cat_id`, `can_view`, `can_add`, `can_edit`, `can_delete`, `created_at`) VALUES (1123, 3, 8, 1, 1, 1, 1, '2019-11-30 12:16:18');
INSERT INTO `roles_permissions` (`id`, `role_id`, `perm_cat_id`, `can_view`, `can_add`, `can_edit`, `can_delete`, `created_at`) VALUES (1125, 3, 69, 1, 1, 1, 1, '2019-11-30 12:30:49');
INSERT INTO `roles_permissions` (`id`, `role_id`, `perm_cat_id`, `can_view`, `can_add`, `can_edit`, `can_delete`, `created_at`) VALUES (1126, 3, 70, 1, 1, 1, 1, '2019-11-30 12:34:46');
INSERT INTO `roles_permissions` (`id`, `role_id`, `perm_cat_id`, `can_view`, `can_add`, `can_edit`, `can_delete`, `created_at`) VALUES (1130, 3, 9, 1, 1, 1, 1, '2019-11-30 12:44:54');
INSERT INTO `roles_permissions` (`id`, `role_id`, `perm_cat_id`, `can_view`, `can_add`, `can_edit`, `can_delete`, `created_at`) VALUES (1131, 3, 10, 1, 1, 1, 1, '2019-11-30 12:46:02');
INSERT INTO `roles_permissions` (`id`, `role_id`, `perm_cat_id`, `can_view`, `can_add`, `can_edit`, `can_delete`, `created_at`) VALUES (1134, 3, 35, 1, 1, 1, 1, '2019-11-30 12:55:04');
INSERT INTO `roles_permissions` (`id`, `role_id`, `perm_cat_id`, `can_view`, `can_add`, `can_edit`, `can_delete`, `created_at`) VALUES (1135, 3, 104, 1, 1, 1, 1, '2019-11-30 12:55:53');
INSERT INTO `roles_permissions` (`id`, `role_id`, `perm_cat_id`, `can_view`, `can_add`, `can_edit`, `can_delete`, `created_at`) VALUES (1140, 3, 41, 1, 1, 1, 1, '2019-11-30 13:07:13');
INSERT INTO `roles_permissions` (`id`, `role_id`, `perm_cat_id`, `can_view`, `can_add`, `can_edit`, `can_delete`, `created_at`) VALUES (1141, 3, 42, 1, 1, 1, 1, '2019-11-30 13:07:46');
INSERT INTO `roles_permissions` (`id`, `role_id`, `perm_cat_id`, `can_view`, `can_add`, `can_edit`, `can_delete`, `created_at`) VALUES (1142, 3, 43, 1, 1, 1, 1, '2019-11-30 13:12:06');
INSERT INTO `roles_permissions` (`id`, `role_id`, `perm_cat_id`, `can_view`, `can_add`, `can_edit`, `can_delete`, `created_at`) VALUES (1151, 3, 87, 1, 0, 0, 0, '2019-11-30 07:53:13');
INSERT INTO `roles_permissions` (`id`, `role_id`, `perm_cat_id`, `can_view`, `can_add`, `can_edit`, `can_delete`, `created_at`) VALUES (1152, 3, 88, 1, 1, 1, 0, '2019-11-30 07:53:13');
INSERT INTO `roles_permissions` (`id`, `role_id`, `perm_cat_id`, `can_view`, `can_add`, `can_edit`, `can_delete`, `created_at`) VALUES (1153, 3, 90, 1, 1, 0, 1, '2019-11-30 07:53:13');
INSERT INTO `roles_permissions` (`id`, `role_id`, `perm_cat_id`, `can_view`, `can_add`, `can_edit`, `can_delete`, `created_at`) VALUES (1154, 3, 108, 1, 0, 1, 0, '2019-11-30 07:53:13');
INSERT INTO `roles_permissions` (`id`, `role_id`, `perm_cat_id`, `can_view`, `can_add`, `can_edit`, `can_delete`, `created_at`) VALUES (1155, 3, 109, 1, 1, 0, 0, '2019-11-30 07:53:13');
INSERT INTO `roles_permissions` (`id`, `role_id`, `perm_cat_id`, `can_view`, `can_add`, `can_edit`, `can_delete`, `created_at`) VALUES (1156, 3, 110, 1, 1, 1, 1, '2019-11-30 07:53:13');
INSERT INTO `roles_permissions` (`id`, `role_id`, `perm_cat_id`, `can_view`, `can_add`, `can_edit`, `can_delete`, `created_at`) VALUES (1157, 3, 111, 1, 1, 1, 1, '2019-11-30 07:53:13');
INSERT INTO `roles_permissions` (`id`, `role_id`, `perm_cat_id`, `can_view`, `can_add`, `can_edit`, `can_delete`, `created_at`) VALUES (1158, 3, 112, 1, 1, 1, 1, '2019-11-30 07:53:13');
INSERT INTO `roles_permissions` (`id`, `role_id`, `perm_cat_id`, `can_view`, `can_add`, `can_edit`, `can_delete`, `created_at`) VALUES (1159, 3, 127, 1, 0, 0, 0, '2019-11-30 07:53:13');
INSERT INTO `roles_permissions` (`id`, `role_id`, `perm_cat_id`, `can_view`, `can_add`, `can_edit`, `can_delete`, `created_at`) VALUES (1160, 3, 129, 0, 1, 0, 1, '2019-11-30 07:53:13');
INSERT INTO `roles_permissions` (`id`, `role_id`, `perm_cat_id`, `can_view`, `can_add`, `can_edit`, `can_delete`, `created_at`) VALUES (1161, 3, 102, 1, 1, 1, 1, '2019-11-30 07:53:13');
INSERT INTO `roles_permissions` (`id`, `role_id`, `perm_cat_id`, `can_view`, `can_add`, `can_edit`, `can_delete`, `created_at`) VALUES (1162, 3, 106, 1, 0, 0, 0, '2019-11-30 07:53:13');
INSERT INTO `roles_permissions` (`id`, `role_id`, `perm_cat_id`, `can_view`, `can_add`, `can_edit`, `can_delete`, `created_at`) VALUES (1163, 3, 113, 1, 0, 0, 0, '2019-11-30 07:53:13');
INSERT INTO `roles_permissions` (`id`, `role_id`, `perm_cat_id`, `can_view`, `can_add`, `can_edit`, `can_delete`, `created_at`) VALUES (1164, 3, 114, 1, 0, 0, 0, '2019-11-30 07:53:13');
INSERT INTO `roles_permissions` (`id`, `role_id`, `perm_cat_id`, `can_view`, `can_add`, `can_edit`, `can_delete`, `created_at`) VALUES (1165, 3, 115, 1, 0, 0, 0, '2019-11-30 07:53:13');
INSERT INTO `roles_permissions` (`id`, `role_id`, `perm_cat_id`, `can_view`, `can_add`, `can_edit`, `can_delete`, `created_at`) VALUES (1166, 3, 116, 1, 0, 0, 0, '2019-11-30 07:53:13');
INSERT INTO `roles_permissions` (`id`, `role_id`, `perm_cat_id`, `can_view`, `can_add`, `can_edit`, `can_delete`, `created_at`) VALUES (1167, 3, 117, 1, 0, 0, 0, '2019-11-30 07:53:13');
INSERT INTO `roles_permissions` (`id`, `role_id`, `perm_cat_id`, `can_view`, `can_add`, `can_edit`, `can_delete`, `created_at`) VALUES (1168, 3, 118, 1, 0, 0, 0, '2019-11-30 07:53:13');
INSERT INTO `roles_permissions` (`id`, `role_id`, `perm_cat_id`, `can_view`, `can_add`, `can_edit`, `can_delete`, `created_at`) VALUES (1171, 2, 142, 1, 0, 0, 0, '2019-11-30 08:06:17');
INSERT INTO `roles_permissions` (`id`, `role_id`, `perm_cat_id`, `can_view`, `can_add`, `can_edit`, `can_delete`, `created_at`) VALUES (1172, 2, 144, 1, 0, 0, 0, '2019-11-30 08:06:17');
INSERT INTO `roles_permissions` (`id`, `role_id`, `perm_cat_id`, `can_view`, `can_add`, `can_edit`, `can_delete`, `created_at`) VALUES (1179, 2, 212, 1, 0, 1, 0, '2019-11-30 08:06:17');
INSERT INTO `roles_permissions` (`id`, `role_id`, `perm_cat_id`, `can_view`, `can_add`, `can_edit`, `can_delete`, `created_at`) VALUES (1183, 2, 148, 1, 0, 0, 0, '2019-11-30 08:06:17');
INSERT INTO `roles_permissions` (`id`, `role_id`, `perm_cat_id`, `can_view`, `can_add`, `can_edit`, `can_delete`, `created_at`) VALUES (1184, 2, 149, 1, 0, 0, 0, '2019-11-30 08:06:17');
INSERT INTO `roles_permissions` (`id`, `role_id`, `perm_cat_id`, `can_view`, `can_add`, `can_edit`, `can_delete`, `created_at`) VALUES (1185, 2, 150, 1, 0, 0, 0, '2019-11-30 08:06:17');
INSERT INTO `roles_permissions` (`id`, `role_id`, `perm_cat_id`, `can_view`, `can_add`, `can_edit`, `can_delete`, `created_at`) VALUES (1186, 2, 151, 1, 0, 0, 0, '2019-11-30 08:06:17');
INSERT INTO `roles_permissions` (`id`, `role_id`, `perm_cat_id`, `can_view`, `can_add`, `can_edit`, `can_delete`, `created_at`) VALUES (1187, 2, 152, 1, 0, 0, 0, '2019-11-30 08:06:17');
INSERT INTO `roles_permissions` (`id`, `role_id`, `perm_cat_id`, `can_view`, `can_add`, `can_edit`, `can_delete`, `created_at`) VALUES (1188, 2, 153, 1, 0, 0, 0, '2019-11-30 08:06:17');
INSERT INTO `roles_permissions` (`id`, `role_id`, `perm_cat_id`, `can_view`, `can_add`, `can_edit`, `can_delete`, `created_at`) VALUES (1189, 2, 154, 1, 0, 0, 0, '2019-11-30 08:06:17');
INSERT INTO `roles_permissions` (`id`, `role_id`, `perm_cat_id`, `can_view`, `can_add`, `can_edit`, `can_delete`, `created_at`) VALUES (1190, 2, 197, 1, 0, 0, 0, '2019-11-30 08:06:17');
INSERT INTO `roles_permissions` (`id`, `role_id`, `perm_cat_id`, `can_view`, `can_add`, `can_edit`, `can_delete`, `created_at`) VALUES (1191, 2, 198, 1, 0, 0, 0, '2019-11-30 08:06:17');
INSERT INTO `roles_permissions` (`id`, `role_id`, `perm_cat_id`, `can_view`, `can_add`, `can_edit`, `can_delete`, `created_at`) VALUES (1193, 2, 200, 1, 0, 0, 0, '2019-11-30 08:06:17');
INSERT INTO `roles_permissions` (`id`, `role_id`, `perm_cat_id`, `can_view`, `can_add`, `can_edit`, `can_delete`, `created_at`) VALUES (1194, 2, 201, 1, 0, 0, 0, '2019-11-30 08:06:17');
INSERT INTO `roles_permissions` (`id`, `role_id`, `perm_cat_id`, `can_view`, `can_add`, `can_edit`, `can_delete`, `created_at`) VALUES (1195, 2, 202, 1, 0, 0, 0, '2019-11-30 08:06:17');
INSERT INTO `roles_permissions` (`id`, `role_id`, `perm_cat_id`, `can_view`, `can_add`, `can_edit`, `can_delete`, `created_at`) VALUES (1196, 2, 203, 1, 0, 0, 0, '2019-11-30 08:06:17');
INSERT INTO `roles_permissions` (`id`, `role_id`, `perm_cat_id`, `can_view`, `can_add`, `can_edit`, `can_delete`, `created_at`) VALUES (1197, 2, 219, 1, 0, 0, 0, '2019-11-30 08:06:17');
INSERT INTO `roles_permissions` (`id`, `role_id`, `perm_cat_id`, `can_view`, `can_add`, `can_edit`, `can_delete`, `created_at`) VALUES (1198, 2, 223, 1, 0, 0, 0, '2019-11-30 08:06:17');
INSERT INTO `roles_permissions` (`id`, `role_id`, `perm_cat_id`, `can_view`, `can_add`, `can_edit`, `can_delete`, `created_at`) VALUES (1199, 2, 213, 1, 0, 0, 0, '2019-11-30 08:06:17');
INSERT INTO `roles_permissions` (`id`, `role_id`, `perm_cat_id`, `can_view`, `can_add`, `can_edit`, `can_delete`, `created_at`) VALUES (1201, 2, 230, 1, 0, 0, 0, '2019-11-30 08:06:17');
INSERT INTO `roles_permissions` (`id`, `role_id`, `perm_cat_id`, `can_view`, `can_add`, `can_edit`, `can_delete`, `created_at`) VALUES (1204, 2, 214, 1, 0, 1, 0, '2019-11-30 08:06:17');
INSERT INTO `roles_permissions` (`id`, `role_id`, `perm_cat_id`, `can_view`, `can_add`, `can_edit`, `can_delete`, `created_at`) VALUES (1206, 2, 224, 1, 0, 0, 0, '2019-11-30 08:06:17');
INSERT INTO `roles_permissions` (`id`, `role_id`, `perm_cat_id`, `can_view`, `can_add`, `can_edit`, `can_delete`, `created_at`) VALUES (1208, 2, 2, 1, 0, 0, 0, '2019-11-30 08:25:45');
INSERT INTO `roles_permissions` (`id`, `role_id`, `perm_cat_id`, `can_view`, `can_add`, `can_edit`, `can_delete`, `created_at`) VALUES (1210, 2, 143, 1, 1, 1, 1, '2019-11-30 08:27:28');
INSERT INTO `roles_permissions` (`id`, `role_id`, `perm_cat_id`, `can_view`, `can_add`, `can_edit`, `can_delete`, `created_at`) VALUES (1211, 2, 145, 1, 0, 0, 0, '2019-11-30 08:27:28');
INSERT INTO `roles_permissions` (`id`, `role_id`, `perm_cat_id`, `can_view`, `can_add`, `can_edit`, `can_delete`, `created_at`) VALUES (1214, 2, 3, 1, 1, 1, 1, '2019-11-30 08:33:18');
INSERT INTO `roles_permissions` (`id`, `role_id`, `perm_cat_id`, `can_view`, `can_add`, `can_edit`, `can_delete`, `created_at`) VALUES (1216, 2, 4, 1, 1, 1, 1, '2019-11-30 09:02:56');
INSERT INTO `roles_permissions` (`id`, `role_id`, `perm_cat_id`, `can_view`, `can_add`, `can_edit`, `can_delete`, `created_at`) VALUES (1218, 2, 128, 0, 1, 0, 1, '2019-11-30 09:07:44');
INSERT INTO `roles_permissions` (`id`, `role_id`, `perm_cat_id`, `can_view`, `can_add`, `can_edit`, `can_delete`, `created_at`) VALUES (1220, 3, 135, 1, 0, 1, 0, '2019-11-30 12:38:56');
INSERT INTO `roles_permissions` (`id`, `role_id`, `perm_cat_id`, `can_view`, `can_add`, `can_edit`, `can_delete`, `created_at`) VALUES (1231, 3, 190, 1, 0, 0, 0, '2019-11-30 09:14:02');
INSERT INTO `roles_permissions` (`id`, `role_id`, `perm_cat_id`, `can_view`, `can_add`, `can_edit`, `can_delete`, `created_at`) VALUES (1232, 3, 192, 1, 0, 0, 0, '2019-11-30 09:14:02');
INSERT INTO `roles_permissions` (`id`, `role_id`, `perm_cat_id`, `can_view`, `can_add`, `can_edit`, `can_delete`, `created_at`) VALUES (1233, 3, 226, 1, 0, 0, 0, '2019-11-30 09:14:02');
INSERT INTO `roles_permissions` (`id`, `role_id`, `perm_cat_id`, `can_view`, `can_add`, `can_edit`, `can_delete`, `created_at`) VALUES (1234, 3, 227, 1, 0, 0, 0, '2019-11-30 09:14:02');
INSERT INTO `roles_permissions` (`id`, `role_id`, `perm_cat_id`, `can_view`, `can_add`, `can_edit`, `can_delete`, `created_at`) VALUES (1235, 3, 224, 1, 0, 0, 0, '2019-11-30 09:14:02');
INSERT INTO `roles_permissions` (`id`, `role_id`, `perm_cat_id`, `can_view`, `can_add`, `can_edit`, `can_delete`, `created_at`) VALUES (1236, 2, 15, 1, 1, 1, 0, '2019-11-30 09:24:25');
INSERT INTO `roles_permissions` (`id`, `role_id`, `perm_cat_id`, `can_view`, `can_add`, `can_edit`, `can_delete`, `created_at`) VALUES (1239, 2, 122, 1, 0, 0, 0, '2019-11-30 09:27:48');
INSERT INTO `roles_permissions` (`id`, `role_id`, `perm_cat_id`, `can_view`, `can_add`, `can_edit`, `can_delete`, `created_at`) VALUES (1240, 2, 136, 1, 0, 0, 0, '2019-11-30 09:27:48');
INSERT INTO `roles_permissions` (`id`, `role_id`, `perm_cat_id`, `can_view`, `can_add`, `can_edit`, `can_delete`, `created_at`) VALUES (1242, 6, 217, 1, 0, 0, 0, '2019-11-30 09:30:13');
INSERT INTO `roles_permissions` (`id`, `role_id`, `perm_cat_id`, `can_view`, `can_add`, `can_edit`, `can_delete`, `created_at`) VALUES (1243, 6, 224, 1, 0, 0, 0, '2019-11-30 09:30:13');
INSERT INTO `roles_permissions` (`id`, `role_id`, `perm_cat_id`, `can_view`, `can_add`, `can_edit`, `can_delete`, `created_at`) VALUES (1245, 2, 20, 1, 1, 1, 1, '2019-11-30 09:31:28');
INSERT INTO `roles_permissions` (`id`, `role_id`, `perm_cat_id`, `can_view`, `can_add`, `can_edit`, `can_delete`, `created_at`) VALUES (1246, 2, 137, 1, 1, 1, 1, '2019-11-30 09:32:40');
INSERT INTO `roles_permissions` (`id`, `role_id`, `perm_cat_id`, `can_view`, `can_add`, `can_edit`, `can_delete`, `created_at`) VALUES (1248, 2, 141, 1, 1, 1, 1, '2019-11-30 09:34:04');
INSERT INTO `roles_permissions` (`id`, `role_id`, `perm_cat_id`, `can_view`, `can_add`, `can_edit`, `can_delete`, `created_at`) VALUES (1250, 2, 187, 1, 0, 0, 0, '2019-11-30 09:41:19');
INSERT INTO `roles_permissions` (`id`, `role_id`, `perm_cat_id`, `can_view`, `can_add`, `can_edit`, `can_delete`, `created_at`) VALUES (1252, 2, 207, 1, 0, 0, 0, '2019-11-30 09:51:21');
INSERT INTO `roles_permissions` (`id`, `role_id`, `perm_cat_id`, `can_view`, `can_add`, `can_edit`, `can_delete`, `created_at`) VALUES (1253, 2, 208, 1, 0, 1, 0, '2019-11-30 09:52:00');
INSERT INTO `roles_permissions` (`id`, `role_id`, `perm_cat_id`, `can_view`, `can_add`, `can_edit`, `can_delete`, `created_at`) VALUES (1255, 2, 210, 1, 0, 1, 0, '2019-11-30 09:52:58');
INSERT INTO `roles_permissions` (`id`, `role_id`, `perm_cat_id`, `can_view`, `can_add`, `can_edit`, `can_delete`, `created_at`) VALUES (1256, 2, 211, 1, 0, 1, 0, '2019-11-30 09:54:03');
INSERT INTO `roles_permissions` (`id`, `role_id`, `perm_cat_id`, `can_view`, `can_add`, `can_edit`, `can_delete`, `created_at`) VALUES (1257, 2, 21, 1, 0, 0, 0, '2019-11-30 10:02:59');
INSERT INTO `roles_permissions` (`id`, `role_id`, `perm_cat_id`, `can_view`, `can_add`, `can_edit`, `can_delete`, `created_at`) VALUES (1259, 2, 188, 1, 0, 0, 0, '2019-11-30 10:04:35');
INSERT INTO `roles_permissions` (`id`, `role_id`, `perm_cat_id`, `can_view`, `can_add`, `can_edit`, `can_delete`, `created_at`) VALUES (1260, 2, 27, 1, 0, 0, 0, '2019-11-30 10:06:13');
INSERT INTO `roles_permissions` (`id`, `role_id`, `perm_cat_id`, `can_view`, `can_add`, `can_edit`, `can_delete`, `created_at`) VALUES (1262, 2, 43, 1, 1, 1, 1, '2019-11-30 10:09:42');
INSERT INTO `roles_permissions` (`id`, `role_id`, `perm_cat_id`, `can_view`, `can_add`, `can_edit`, `can_delete`, `created_at`) VALUES (1263, 2, 44, 1, 0, 0, 0, '2019-11-30 10:11:43');
INSERT INTO `roles_permissions` (`id`, `role_id`, `perm_cat_id`, `can_view`, `can_add`, `can_edit`, `can_delete`, `created_at`) VALUES (1264, 2, 46, 1, 0, 0, 0, '2019-11-30 10:11:43');
INSERT INTO `roles_permissions` (`id`, `role_id`, `perm_cat_id`, `can_view`, `can_add`, `can_edit`, `can_delete`, `created_at`) VALUES (1265, 2, 217, 1, 0, 0, 0, '2019-11-30 10:11:43');
INSERT INTO `roles_permissions` (`id`, `role_id`, `perm_cat_id`, `can_view`, `can_add`, `can_edit`, `can_delete`, `created_at`) VALUES (1266, 2, 146, 1, 0, 0, 0, '2019-11-30 10:16:35');
INSERT INTO `roles_permissions` (`id`, `role_id`, `perm_cat_id`, `can_view`, `can_add`, `can_edit`, `can_delete`, `created_at`) VALUES (1267, 2, 147, 1, 0, 0, 0, '2019-11-30 10:17:37');
INSERT INTO `roles_permissions` (`id`, `role_id`, `perm_cat_id`, `can_view`, `can_add`, `can_edit`, `can_delete`, `created_at`) VALUES (1269, 2, 164, 1, 0, 0, 0, '2019-11-30 10:21:04');
INSERT INTO `roles_permissions` (`id`, `role_id`, `perm_cat_id`, `can_view`, `can_add`, `can_edit`, `can_delete`, `created_at`) VALUES (1271, 2, 109, 1, 1, 0, 0, '2019-11-30 10:33:37');
INSERT INTO `roles_permissions` (`id`, `role_id`, `perm_cat_id`, `can_view`, `can_add`, `can_edit`, `can_delete`, `created_at`) VALUES (1272, 2, 93, 1, 1, 1, 1, '2019-11-30 10:37:25');
INSERT INTO `roles_permissions` (`id`, `role_id`, `perm_cat_id`, `can_view`, `can_add`, `can_edit`, `can_delete`, `created_at`) VALUES (1273, 2, 94, 1, 1, 0, 0, '2019-11-30 10:37:42');
INSERT INTO `roles_permissions` (`id`, `role_id`, `perm_cat_id`, `can_view`, `can_add`, `can_edit`, `can_delete`, `created_at`) VALUES (1275, 2, 102, 1, 1, 1, 1, '2019-11-30 10:41:22');
INSERT INTO `roles_permissions` (`id`, `role_id`, `perm_cat_id`, `can_view`, `can_add`, `can_edit`, `can_delete`, `created_at`) VALUES (1277, 2, 196, 1, 0, 0, 0, '2019-11-30 10:45:01');
INSERT INTO `roles_permissions` (`id`, `role_id`, `perm_cat_id`, `can_view`, `can_add`, `can_edit`, `can_delete`, `created_at`) VALUES (1278, 2, 195, 1, 0, 0, 0, '2019-11-30 10:49:08');
INSERT INTO `roles_permissions` (`id`, `role_id`, `perm_cat_id`, `can_view`, `can_add`, `can_edit`, `can_delete`, `created_at`) VALUES (1279, 2, 185, 1, 1, 1, 1, '2019-11-30 10:51:44');
INSERT INTO `roles_permissions` (`id`, `role_id`, `perm_cat_id`, `can_view`, `can_add`, `can_edit`, `can_delete`, `created_at`) VALUES (1280, 2, 186, 1, 1, 1, 1, '2019-11-30 10:52:43');
INSERT INTO `roles_permissions` (`id`, `role_id`, `perm_cat_id`, `can_view`, `can_add`, `can_edit`, `can_delete`, `created_at`) VALUES (1281, 2, 222, 1, 0, 1, 0, '2019-11-30 10:54:30');
INSERT INTO `roles_permissions` (`id`, `role_id`, `perm_cat_id`, `can_view`, `can_add`, `can_edit`, `can_delete`, `created_at`) VALUES (1283, 3, 5, 1, 1, 0, 1, '2019-11-30 12:13:04');
INSERT INTO `roles_permissions` (`id`, `role_id`, `perm_cat_id`, `can_view`, `can_add`, `can_edit`, `can_delete`, `created_at`) VALUES (1284, 3, 6, 1, 0, 0, 0, '2019-11-30 12:13:29');
INSERT INTO `roles_permissions` (`id`, `role_id`, `perm_cat_id`, `can_view`, `can_add`, `can_edit`, `can_delete`, `created_at`) VALUES (1285, 3, 7, 1, 1, 1, 1, '2019-11-30 12:14:39');
INSERT INTO `roles_permissions` (`id`, `role_id`, `perm_cat_id`, `can_view`, `can_add`, `can_edit`, `can_delete`, `created_at`) VALUES (1286, 3, 68, 1, 0, 0, 0, '2019-11-30 12:16:58');
INSERT INTO `roles_permissions` (`id`, `role_id`, `perm_cat_id`, `can_view`, `can_add`, `can_edit`, `can_delete`, `created_at`) VALUES (1287, 3, 71, 1, 0, 0, 0, '2019-11-30 12:35:41');
INSERT INTO `roles_permissions` (`id`, `role_id`, `perm_cat_id`, `can_view`, `can_add`, `can_edit`, `can_delete`, `created_at`) VALUES (1288, 3, 73, 1, 0, 0, 0, '2019-11-30 12:35:59');
INSERT INTO `roles_permissions` (`id`, `role_id`, `perm_cat_id`, `can_view`, `can_add`, `can_edit`, `can_delete`, `created_at`) VALUES (1289, 3, 74, 1, 0, 0, 0, '2019-11-30 12:36:08');
INSERT INTO `roles_permissions` (`id`, `role_id`, `perm_cat_id`, `can_view`, `can_add`, `can_edit`, `can_delete`, `created_at`) VALUES (1290, 3, 11, 1, 0, 0, 0, '2019-11-30 12:46:37');
INSERT INTO `roles_permissions` (`id`, `role_id`, `perm_cat_id`, `can_view`, `can_add`, `can_edit`, `can_delete`, `created_at`) VALUES (1291, 3, 12, 1, 1, 1, 1, '2019-11-30 12:49:29');
INSERT INTO `roles_permissions` (`id`, `role_id`, `perm_cat_id`, `can_view`, `can_add`, `can_edit`, `can_delete`, `created_at`) VALUES (1292, 3, 13, 1, 1, 1, 1, '2019-11-30 12:52:27');
INSERT INTO `roles_permissions` (`id`, `role_id`, `perm_cat_id`, `can_view`, `can_add`, `can_edit`, `can_delete`, `created_at`) VALUES (1294, 3, 14, 1, 0, 0, 0, '2019-11-30 12:52:55');
INSERT INTO `roles_permissions` (`id`, `role_id`, `perm_cat_id`, `can_view`, `can_add`, `can_edit`, `can_delete`, `created_at`) VALUES (1295, 3, 31, 1, 1, 1, 1, '2019-12-02 12:00:37');
INSERT INTO `roles_permissions` (`id`, `role_id`, `perm_cat_id`, `can_view`, `can_add`, `can_edit`, `can_delete`, `created_at`) VALUES (1297, 3, 37, 1, 1, 1, 1, '2019-11-30 12:58:09');
INSERT INTO `roles_permissions` (`id`, `role_id`, `perm_cat_id`, `can_view`, `can_add`, `can_edit`, `can_delete`, `created_at`) VALUES (1298, 3, 38, 1, 1, 1, 1, '2019-11-30 12:59:02');
INSERT INTO `roles_permissions` (`id`, `role_id`, `perm_cat_id`, `can_view`, `can_add`, `can_edit`, `can_delete`, `created_at`) VALUES (1299, 3, 39, 1, 1, 1, 1, '2019-11-30 13:00:07');
INSERT INTO `roles_permissions` (`id`, `role_id`, `perm_cat_id`, `can_view`, `can_add`, `can_edit`, `can_delete`, `created_at`) VALUES (1300, 3, 40, 1, 1, 1, 1, '2019-11-30 13:02:43');
INSERT INTO `roles_permissions` (`id`, `role_id`, `perm_cat_id`, `can_view`, `can_add`, `can_edit`, `can_delete`, `created_at`) VALUES (1301, 3, 44, 1, 0, 0, 0, '2019-11-30 13:14:09');
INSERT INTO `roles_permissions` (`id`, `role_id`, `perm_cat_id`, `can_view`, `can_add`, `can_edit`, `can_delete`, `created_at`) VALUES (1302, 3, 46, 1, 0, 0, 0, '2019-11-30 13:14:09');
INSERT INTO `roles_permissions` (`id`, `role_id`, `perm_cat_id`, `can_view`, `can_add`, `can_edit`, `can_delete`, `created_at`) VALUES (1303, 3, 217, 1, 0, 0, 0, '2019-11-30 13:14:09');
INSERT INTO `roles_permissions` (`id`, `role_id`, `perm_cat_id`, `can_view`, `can_add`, `can_edit`, `can_delete`, `created_at`) VALUES (1304, 3, 155, 1, 0, 0, 0, '2019-11-30 13:14:32');
INSERT INTO `roles_permissions` (`id`, `role_id`, `perm_cat_id`, `can_view`, `can_add`, `can_edit`, `can_delete`, `created_at`) VALUES (1305, 3, 156, 1, 0, 0, 0, '2019-11-30 13:15:18');
INSERT INTO `roles_permissions` (`id`, `role_id`, `perm_cat_id`, `can_view`, `can_add`, `can_edit`, `can_delete`, `created_at`) VALUES (1306, 3, 157, 1, 0, 0, 0, '2019-11-30 13:15:42');
INSERT INTO `roles_permissions` (`id`, `role_id`, `perm_cat_id`, `can_view`, `can_add`, `can_edit`, `can_delete`, `created_at`) VALUES (1307, 3, 158, 1, 0, 0, 0, '2019-11-30 13:16:07');
INSERT INTO `roles_permissions` (`id`, `role_id`, `perm_cat_id`, `can_view`, `can_add`, `can_edit`, `can_delete`, `created_at`) VALUES (1308, 3, 159, 1, 0, 0, 0, '2019-11-30 13:16:21');
INSERT INTO `roles_permissions` (`id`, `role_id`, `perm_cat_id`, `can_view`, `can_add`, `can_edit`, `can_delete`, `created_at`) VALUES (1309, 3, 160, 1, 0, 0, 0, '2019-11-30 13:16:33');
INSERT INTO `roles_permissions` (`id`, `role_id`, `perm_cat_id`, `can_view`, `can_add`, `can_edit`, `can_delete`, `created_at`) VALUES (1313, 3, 161, 1, 0, 0, 0, '2019-11-30 13:18:26');
INSERT INTO `roles_permissions` (`id`, `role_id`, `perm_cat_id`, `can_view`, `can_add`, `can_edit`, `can_delete`, `created_at`) VALUES (1314, 3, 162, 1, 0, 0, 0, '2019-11-30 13:18:48');
INSERT INTO `roles_permissions` (`id`, `role_id`, `perm_cat_id`, `can_view`, `can_add`, `can_edit`, `can_delete`, `created_at`) VALUES (1315, 3, 163, 1, 0, 0, 0, '2019-11-30 13:18:48');
INSERT INTO `roles_permissions` (`id`, `role_id`, `perm_cat_id`, `can_view`, `can_add`, `can_edit`, `can_delete`, `created_at`) VALUES (1316, 3, 164, 1, 0, 0, 0, '2019-11-30 13:19:47');
INSERT INTO `roles_permissions` (`id`, `role_id`, `perm_cat_id`, `can_view`, `can_add`, `can_edit`, `can_delete`, `created_at`) VALUES (1317, 3, 165, 1, 0, 0, 0, '2019-11-30 13:19:47');
INSERT INTO `roles_permissions` (`id`, `role_id`, `perm_cat_id`, `can_view`, `can_add`, `can_edit`, `can_delete`, `created_at`) VALUES (1318, 3, 174, 1, 0, 0, 0, '2019-11-30 13:19:47');
INSERT INTO `roles_permissions` (`id`, `role_id`, `perm_cat_id`, `can_view`, `can_add`, `can_edit`, `can_delete`, `created_at`) VALUES (1319, 3, 175, 1, 0, 0, 0, '2019-11-30 13:19:59');
INSERT INTO `roles_permissions` (`id`, `role_id`, `perm_cat_id`, `can_view`, `can_add`, `can_edit`, `can_delete`, `created_at`) VALUES (1320, 3, 181, 1, 0, 0, 0, '2019-11-30 13:20:08');
INSERT INTO `roles_permissions` (`id`, `role_id`, `perm_cat_id`, `can_view`, `can_add`, `can_edit`, `can_delete`, `created_at`) VALUES (1321, 3, 86, 1, 1, 1, 1, '2019-11-30 13:24:08');
INSERT INTO `roles_permissions` (`id`, `role_id`, `perm_cat_id`, `can_view`, `can_add`, `can_edit`, `can_delete`, `created_at`) VALUES (1322, 4, 28, 1, 1, 1, 1, '2019-12-01 06:22:39');
INSERT INTO `roles_permissions` (`id`, `role_id`, `perm_cat_id`, `can_view`, `can_add`, `can_edit`, `can_delete`, `created_at`) VALUES (1324, 4, 29, 1, 0, 0, 0, '2019-12-01 06:23:46');
INSERT INTO `roles_permissions` (`id`, `role_id`, `perm_cat_id`, `can_view`, `can_add`, `can_edit`, `can_delete`, `created_at`) VALUES (1325, 4, 30, 1, 0, 0, 0, '2019-12-01 06:23:59');
INSERT INTO `roles_permissions` (`id`, `role_id`, `perm_cat_id`, `can_view`, `can_add`, `can_edit`, `can_delete`, `created_at`) VALUES (1326, 4, 123, 1, 0, 0, 0, '2019-12-01 06:24:26');
INSERT INTO `roles_permissions` (`id`, `role_id`, `perm_cat_id`, `can_view`, `can_add`, `can_edit`, `can_delete`, `created_at`) VALUES (1327, 4, 228, 1, 0, 0, 0, '2019-12-01 06:24:39');
INSERT INTO `roles_permissions` (`id`, `role_id`, `perm_cat_id`, `can_view`, `can_add`, `can_edit`, `can_delete`, `created_at`) VALUES (1328, 4, 43, 1, 1, 1, 1, '2019-12-01 06:28:05');
INSERT INTO `roles_permissions` (`id`, `role_id`, `perm_cat_id`, `can_view`, `can_add`, `can_edit`, `can_delete`, `created_at`) VALUES (1332, 4, 44, 1, 0, 0, 0, '2019-12-01 06:29:16');
INSERT INTO `roles_permissions` (`id`, `role_id`, `perm_cat_id`, `can_view`, `can_add`, `can_edit`, `can_delete`, `created_at`) VALUES (1333, 4, 46, 1, 0, 0, 0, '2019-12-01 06:29:16');
INSERT INTO `roles_permissions` (`id`, `role_id`, `perm_cat_id`, `can_view`, `can_add`, `can_edit`, `can_delete`, `created_at`) VALUES (1334, 4, 217, 1, 0, 0, 0, '2019-12-01 06:29:16');
INSERT INTO `roles_permissions` (`id`, `role_id`, `perm_cat_id`, `can_view`, `can_add`, `can_edit`, `can_delete`, `created_at`) VALUES (1335, 4, 178, 1, 0, 0, 0, '2019-12-01 06:29:59');
INSERT INTO `roles_permissions` (`id`, `role_id`, `perm_cat_id`, `can_view`, `can_add`, `can_edit`, `can_delete`, `created_at`) VALUES (1336, 4, 179, 1, 0, 0, 0, '2019-12-01 06:30:11');
INSERT INTO `roles_permissions` (`id`, `role_id`, `perm_cat_id`, `can_view`, `can_add`, `can_edit`, `can_delete`, `created_at`) VALUES (1337, 4, 180, 1, 0, 0, 0, '2019-12-01 06:30:29');
INSERT INTO `roles_permissions` (`id`, `role_id`, `perm_cat_id`, `can_view`, `can_add`, `can_edit`, `can_delete`, `created_at`) VALUES (1338, 4, 221, 1, 0, 0, 0, '2019-12-01 06:30:46');
INSERT INTO `roles_permissions` (`id`, `role_id`, `perm_cat_id`, `can_view`, `can_add`, `can_edit`, `can_delete`, `created_at`) VALUES (1339, 4, 86, 1, 0, 0, 0, '2019-12-01 06:31:02');
INSERT INTO `roles_permissions` (`id`, `role_id`, `perm_cat_id`, `can_view`, `can_add`, `can_edit`, `can_delete`, `created_at`) VALUES (1341, 4, 106, 1, 0, 0, 0, '2019-12-01 06:35:21');
INSERT INTO `roles_permissions` (`id`, `role_id`, `perm_cat_id`, `can_view`, `can_add`, `can_edit`, `can_delete`, `created_at`) VALUES (1342, 1, 107, 1, 0, 0, 0, '2019-12-01 06:36:44');
INSERT INTO `roles_permissions` (`id`, `role_id`, `perm_cat_id`, `can_view`, `can_add`, `can_edit`, `can_delete`, `created_at`) VALUES (1343, 4, 117, 1, 0, 0, 0, '2019-12-01 06:40:20');
INSERT INTO `roles_permissions` (`id`, `role_id`, `perm_cat_id`, `can_view`, `can_add`, `can_edit`, `can_delete`, `created_at`) VALUES (1344, 4, 194, 1, 0, 0, 0, '2019-12-01 06:41:35');
INSERT INTO `roles_permissions` (`id`, `role_id`, `perm_cat_id`, `can_view`, `can_add`, `can_edit`, `can_delete`, `created_at`) VALUES (1348, 4, 230, 1, 0, 0, 0, '2019-12-01 06:49:15');
INSERT INTO `roles_permissions` (`id`, `role_id`, `perm_cat_id`, `can_view`, `can_add`, `can_edit`, `can_delete`, `created_at`) VALUES (1350, 6, 1, 1, 0, 0, 0, '2019-12-01 07:05:32');
INSERT INTO `roles_permissions` (`id`, `role_id`, `perm_cat_id`, `can_view`, `can_add`, `can_edit`, `can_delete`, `created_at`) VALUES (1351, 6, 21, 1, 0, 0, 0, '2019-12-01 07:06:29');
INSERT INTO `roles_permissions` (`id`, `role_id`, `perm_cat_id`, `can_view`, `can_add`, `can_edit`, `can_delete`, `created_at`) VALUES (1352, 6, 23, 1, 0, 0, 0, '2019-12-01 07:06:45');
INSERT INTO `roles_permissions` (`id`, `role_id`, `perm_cat_id`, `can_view`, `can_add`, `can_edit`, `can_delete`, `created_at`) VALUES (1353, 6, 24, 1, 0, 0, 0, '2019-12-01 07:07:05');
INSERT INTO `roles_permissions` (`id`, `role_id`, `perm_cat_id`, `can_view`, `can_add`, `can_edit`, `can_delete`, `created_at`) VALUES (1354, 6, 25, 1, 0, 0, 0, '2019-12-01 07:07:34');
INSERT INTO `roles_permissions` (`id`, `role_id`, `perm_cat_id`, `can_view`, `can_add`, `can_edit`, `can_delete`, `created_at`) VALUES (1355, 6, 77, 1, 0, 0, 0, '2019-12-01 07:08:08');
INSERT INTO `roles_permissions` (`id`, `role_id`, `perm_cat_id`, `can_view`, `can_add`, `can_edit`, `can_delete`, `created_at`) VALUES (1356, 6, 188, 1, 0, 0, 0, '2019-12-01 07:08:45');
INSERT INTO `roles_permissions` (`id`, `role_id`, `perm_cat_id`, `can_view`, `can_add`, `can_edit`, `can_delete`, `created_at`) VALUES (1357, 6, 43, 1, 1, 1, 1, '2019-12-01 07:10:44');
INSERT INTO `roles_permissions` (`id`, `role_id`, `perm_cat_id`, `can_view`, `can_add`, `can_edit`, `can_delete`, `created_at`) VALUES (1358, 6, 78, 1, 1, 1, 1, '2019-12-01 07:13:04');
INSERT INTO `roles_permissions` (`id`, `role_id`, `perm_cat_id`, `can_view`, `can_add`, `can_edit`, `can_delete`, `created_at`) VALUES (1360, 6, 79, 1, 1, 0, 1, '2019-12-01 07:14:39');
INSERT INTO `roles_permissions` (`id`, `role_id`, `perm_cat_id`, `can_view`, `can_add`, `can_edit`, `can_delete`, `created_at`) VALUES (1361, 6, 80, 1, 1, 1, 1, '2019-12-01 07:15:08');
INSERT INTO `roles_permissions` (`id`, `role_id`, `perm_cat_id`, `can_view`, `can_add`, `can_edit`, `can_delete`, `created_at`) VALUES (1362, 6, 81, 1, 1, 1, 1, '2019-12-01 07:17:50');
INSERT INTO `roles_permissions` (`id`, `role_id`, `perm_cat_id`, `can_view`, `can_add`, `can_edit`, `can_delete`, `created_at`) VALUES (1363, 6, 85, 1, 1, 1, 1, '2019-12-01 07:20:43');
INSERT INTO `roles_permissions` (`id`, `role_id`, `perm_cat_id`, `can_view`, `can_add`, `can_edit`, `can_delete`, `created_at`) VALUES (1364, 6, 86, 1, 0, 0, 0, '2019-12-01 07:21:10');
INSERT INTO `roles_permissions` (`id`, `role_id`, `perm_cat_id`, `can_view`, `can_add`, `can_edit`, `can_delete`, `created_at`) VALUES (1365, 6, 106, 1, 0, 0, 0, '2019-12-01 07:22:55');
INSERT INTO `roles_permissions` (`id`, `role_id`, `perm_cat_id`, `can_view`, `can_add`, `can_edit`, `can_delete`, `created_at`) VALUES (1366, 6, 117, 1, 0, 0, 0, '2019-12-01 07:23:08');
INSERT INTO `roles_permissions` (`id`, `role_id`, `perm_cat_id`, `can_view`, `can_add`, `can_edit`, `can_delete`, `created_at`) VALUES (1394, 1, 106, 1, 0, 0, 0, '2019-12-02 10:50:33');
INSERT INTO `roles_permissions` (`id`, `role_id`, `perm_cat_id`, `can_view`, `can_add`, `can_edit`, `can_delete`, `created_at`) VALUES (1395, 1, 113, 1, 0, 0, 0, '2019-12-02 10:50:59');
INSERT INTO `roles_permissions` (`id`, `role_id`, `perm_cat_id`, `can_view`, `can_add`, `can_edit`, `can_delete`, `created_at`) VALUES (1396, 1, 114, 1, 0, 0, 0, '2019-12-02 10:51:34');
INSERT INTO `roles_permissions` (`id`, `role_id`, `perm_cat_id`, `can_view`, `can_add`, `can_edit`, `can_delete`, `created_at`) VALUES (1397, 1, 115, 1, 0, 0, 0, '2019-12-02 10:51:34');
INSERT INTO `roles_permissions` (`id`, `role_id`, `perm_cat_id`, `can_view`, `can_add`, `can_edit`, `can_delete`, `created_at`) VALUES (1398, 1, 116, 1, 0, 0, 0, '2019-12-02 10:51:54');
INSERT INTO `roles_permissions` (`id`, `role_id`, `perm_cat_id`, `can_view`, `can_add`, `can_edit`, `can_delete`, `created_at`) VALUES (1399, 1, 117, 1, 0, 0, 0, '2019-12-02 10:52:04');
INSERT INTO `roles_permissions` (`id`, `role_id`, `perm_cat_id`, `can_view`, `can_add`, `can_edit`, `can_delete`, `created_at`) VALUES (1400, 1, 118, 1, 0, 0, 0, '2019-12-02 10:52:20');
INSERT INTO `roles_permissions` (`id`, `role_id`, `perm_cat_id`, `can_view`, `can_add`, `can_edit`, `can_delete`, `created_at`) VALUES (1402, 1, 191, 1, 0, 0, 0, '2019-12-02 10:53:34');
INSERT INTO `roles_permissions` (`id`, `role_id`, `perm_cat_id`, `can_view`, `can_add`, `can_edit`, `can_delete`, `created_at`) VALUES (1403, 1, 192, 1, 0, 0, 0, '2019-12-02 10:53:47');
INSERT INTO `roles_permissions` (`id`, `role_id`, `perm_cat_id`, `can_view`, `can_add`, `can_edit`, `can_delete`, `created_at`) VALUES (1404, 1, 193, 1, 0, 0, 0, '2019-12-02 10:53:58');
INSERT INTO `roles_permissions` (`id`, `role_id`, `perm_cat_id`, `can_view`, `can_add`, `can_edit`, `can_delete`, `created_at`) VALUES (1405, 1, 194, 1, 0, 0, 0, '2019-12-02 10:54:11');
INSERT INTO `roles_permissions` (`id`, `role_id`, `perm_cat_id`, `can_view`, `can_add`, `can_edit`, `can_delete`, `created_at`) VALUES (1406, 1, 195, 1, 0, 0, 0, '2019-12-02 10:54:20');
INSERT INTO `roles_permissions` (`id`, `role_id`, `perm_cat_id`, `can_view`, `can_add`, `can_edit`, `can_delete`, `created_at`) VALUES (1408, 1, 227, 1, 0, 0, 0, '2019-12-02 10:55:47');
INSERT INTO `roles_permissions` (`id`, `role_id`, `perm_cat_id`, `can_view`, `can_add`, `can_edit`, `can_delete`, `created_at`) VALUES (1410, 1, 226, 1, 0, 0, 0, '2019-12-02 11:01:41');
INSERT INTO `roles_permissions` (`id`, `role_id`, `perm_cat_id`, `can_view`, `can_add`, `can_edit`, `can_delete`, `created_at`) VALUES (1411, 1, 229, 1, 0, 0, 0, '2019-12-02 11:02:57');
INSERT INTO `roles_permissions` (`id`, `role_id`, `perm_cat_id`, `can_view`, `can_add`, `can_edit`, `can_delete`, `created_at`) VALUES (1412, 1, 230, 1, 0, 0, 0, '2019-12-02 11:02:57');
INSERT INTO `roles_permissions` (`id`, `role_id`, `perm_cat_id`, `can_view`, `can_add`, `can_edit`, `can_delete`, `created_at`) VALUES (1413, 1, 190, 1, 0, 0, 0, '2019-12-02 11:13:41');
INSERT INTO `roles_permissions` (`id`, `role_id`, `perm_cat_id`, `can_view`, `can_add`, `can_edit`, `can_delete`, `created_at`) VALUES (1414, 2, 174, 1, 0, 0, 0, '2019-12-02 11:24:37');
INSERT INTO `roles_permissions` (`id`, `role_id`, `perm_cat_id`, `can_view`, `can_add`, `can_edit`, `can_delete`, `created_at`) VALUES (1415, 2, 175, 1, 0, 0, 0, '2019-12-02 11:24:37');
INSERT INTO `roles_permissions` (`id`, `role_id`, `perm_cat_id`, `can_view`, `can_add`, `can_edit`, `can_delete`, `created_at`) VALUES (1418, 2, 232, 1, 0, 1, 1, '2019-12-02 11:41:27');
INSERT INTO `roles_permissions` (`id`, `role_id`, `perm_cat_id`, `can_view`, `can_add`, `can_edit`, `can_delete`, `created_at`) VALUES (1419, 2, 231, 1, 0, 0, 0, '2019-12-02 11:42:28');
INSERT INTO `roles_permissions` (`id`, `role_id`, `perm_cat_id`, `can_view`, `can_add`, `can_edit`, `can_delete`, `created_at`) VALUES (1420, 1, 231, 1, 1, 1, 1, '2021-01-23 12:39:32');
INSERT INTO `roles_permissions` (`id`, `role_id`, `perm_cat_id`, `can_view`, `can_add`, `can_edit`, `can_delete`, `created_at`) VALUES (1421, 1, 232, 1, 0, 1, 1, '2019-12-02 11:49:32');
INSERT INTO `roles_permissions` (`id`, `role_id`, `perm_cat_id`, `can_view`, `can_add`, `can_edit`, `can_delete`, `created_at`) VALUES (1422, 3, 32, 1, 1, 1, 1, '2019-12-02 12:00:37');
INSERT INTO `roles_permissions` (`id`, `role_id`, `perm_cat_id`, `can_view`, `can_add`, `can_edit`, `can_delete`, `created_at`) VALUES (1423, 3, 33, 1, 1, 1, 1, '2019-12-02 12:00:37');
INSERT INTO `roles_permissions` (`id`, `role_id`, `perm_cat_id`, `can_view`, `can_add`, `can_edit`, `can_delete`, `created_at`) VALUES (1424, 3, 34, 1, 1, 1, 1, '2019-12-02 12:00:37');
INSERT INTO `roles_permissions` (`id`, `role_id`, `perm_cat_id`, `can_view`, `can_add`, `can_edit`, `can_delete`, `created_at`) VALUES (1425, 3, 182, 1, 0, 0, 0, '2019-12-02 12:00:37');
INSERT INTO `roles_permissions` (`id`, `role_id`, `perm_cat_id`, `can_view`, `can_add`, `can_edit`, `can_delete`, `created_at`) VALUES (1426, 3, 183, 1, 0, 0, 0, '2019-12-02 12:00:37');
INSERT INTO `roles_permissions` (`id`, `role_id`, `perm_cat_id`, `can_view`, `can_add`, `can_edit`, `can_delete`, `created_at`) VALUES (1427, 3, 189, 1, 0, 1, 1, '2019-12-02 12:00:37');
INSERT INTO `roles_permissions` (`id`, `role_id`, `perm_cat_id`, `can_view`, `can_add`, `can_edit`, `can_delete`, `created_at`) VALUES (1428, 3, 229, 1, 0, 0, 0, '2019-12-02 12:00:37');
INSERT INTO `roles_permissions` (`id`, `role_id`, `perm_cat_id`, `can_view`, `can_add`, `can_edit`, `can_delete`, `created_at`) VALUES (1429, 3, 230, 1, 0, 0, 0, '2019-12-02 12:00:37');
INSERT INTO `roles_permissions` (`id`, `role_id`, `perm_cat_id`, `can_view`, `can_add`, `can_edit`, `can_delete`, `created_at`) VALUES (1430, 4, 213, 1, 0, 0, 0, '2019-12-02 12:02:14');
INSERT INTO `roles_permissions` (`id`, `role_id`, `perm_cat_id`, `can_view`, `can_add`, `can_edit`, `can_delete`, `created_at`) VALUES (1432, 4, 224, 1, 0, 0, 0, '2019-12-02 12:02:14');
INSERT INTO `roles_permissions` (`id`, `role_id`, `perm_cat_id`, `can_view`, `can_add`, `can_edit`, `can_delete`, `created_at`) VALUES (1433, 4, 195, 1, 0, 0, 0, '2019-12-03 10:27:53');
INSERT INTO `roles_permissions` (`id`, `role_id`, `perm_cat_id`, `can_view`, `can_add`, `can_edit`, `can_delete`, `created_at`) VALUES (1434, 4, 229, 1, 0, 0, 0, '2019-12-03 10:28:19');
INSERT INTO `roles_permissions` (`id`, `role_id`, `perm_cat_id`, `can_view`, `can_add`, `can_edit`, `can_delete`, `created_at`) VALUES (1436, 6, 213, 1, 0, 0, 0, '2019-12-03 10:40:11');
INSERT INTO `roles_permissions` (`id`, `role_id`, `perm_cat_id`, `can_view`, `can_add`, `can_edit`, `can_delete`, `created_at`) VALUES (1437, 6, 191, 1, 0, 0, 0, '2019-12-03 10:40:11');
INSERT INTO `roles_permissions` (`id`, `role_id`, `perm_cat_id`, `can_view`, `can_add`, `can_edit`, `can_delete`, `created_at`) VALUES (1438, 6, 193, 1, 0, 0, 0, '2019-12-03 10:40:11');
INSERT INTO `roles_permissions` (`id`, `role_id`, `perm_cat_id`, `can_view`, `can_add`, `can_edit`, `can_delete`, `created_at`) VALUES (1439, 6, 230, 1, 0, 0, 0, '2019-12-03 10:40:11');
INSERT INTO `roles_permissions` (`id`, `role_id`, `perm_cat_id`, `can_view`, `can_add`, `can_edit`, `can_delete`, `created_at`) VALUES (1440, 2, 106, 1, 0, 0, 0, '2020-01-25 09:51:36');
INSERT INTO `roles_permissions` (`id`, `role_id`, `perm_cat_id`, `can_view`, `can_add`, `can_edit`, `can_delete`, `created_at`) VALUES (1441, 2, 107, 1, 0, 0, 0, '2020-02-12 07:40:13');
INSERT INTO `roles_permissions` (`id`, `role_id`, `perm_cat_id`, `can_view`, `can_add`, `can_edit`, `can_delete`, `created_at`) VALUES (1442, 2, 134, 1, 1, 1, 1, '2020-02-12 07:42:36');
INSERT INTO `roles_permissions` (`id`, `role_id`, `perm_cat_id`, `can_view`, `can_add`, `can_edit`, `can_delete`, `created_at`) VALUES (1443, 1, 233, 1, 0, 0, 0, '2020-02-12 07:51:57');
INSERT INTO `roles_permissions` (`id`, `role_id`, `perm_cat_id`, `can_view`, `can_add`, `can_edit`, `can_delete`, `created_at`) VALUES (1444, 2, 86, 1, 0, 0, 0, '2020-02-12 07:52:33');
INSERT INTO `roles_permissions` (`id`, `role_id`, `perm_cat_id`, `can_view`, `can_add`, `can_edit`, `can_delete`, `created_at`) VALUES (1445, 3, 233, 1, 0, 0, 0, '2020-02-12 09:21:17');
INSERT INTO `roles_permissions` (`id`, `role_id`, `perm_cat_id`, `can_view`, `can_add`, `can_edit`, `can_delete`, `created_at`) VALUES (1446, 1, 234, 1, 1, 1, 1, '2020-06-02 03:21:09');
INSERT INTO `roles_permissions` (`id`, `role_id`, `perm_cat_id`, `can_view`, `can_add`, `can_edit`, `can_delete`, `created_at`) VALUES (1447, 1, 235, 1, 1, 1, 1, '2020-05-30 04:47:01');
INSERT INTO `roles_permissions` (`id`, `role_id`, `perm_cat_id`, `can_view`, `can_add`, `can_edit`, `can_delete`, `created_at`) VALUES (1448, 1, 236, 1, 1, 1, 0, '2020-05-30 04:47:52');
INSERT INTO `roles_permissions` (`id`, `role_id`, `perm_cat_id`, `can_view`, `can_add`, `can_edit`, `can_delete`, `created_at`) VALUES (1449, 1, 237, 1, 0, 1, 0, '2020-05-30 04:48:18');
INSERT INTO `roles_permissions` (`id`, `role_id`, `perm_cat_id`, `can_view`, `can_add`, `can_edit`, `can_delete`, `created_at`) VALUES (1450, 1, 238, 1, 1, 1, 1, '2020-05-30 04:49:52');
INSERT INTO `roles_permissions` (`id`, `role_id`, `perm_cat_id`, `can_view`, `can_add`, `can_edit`, `can_delete`, `created_at`) VALUES (1451, 1, 239, 1, 1, 1, 1, '2020-05-30 04:52:10');
INSERT INTO `roles_permissions` (`id`, `role_id`, `perm_cat_id`, `can_view`, `can_add`, `can_edit`, `can_delete`, `created_at`) VALUES (1452, 2, 236, 1, 1, 1, 0, '2020-05-30 05:10:33');
INSERT INTO `roles_permissions` (`id`, `role_id`, `perm_cat_id`, `can_view`, `can_add`, `can_edit`, `can_delete`, `created_at`) VALUES (1453, 2, 237, 1, 0, 1, 0, '2020-05-30 05:10:33');
INSERT INTO `roles_permissions` (`id`, `role_id`, `perm_cat_id`, `can_view`, `can_add`, `can_edit`, `can_delete`, `created_at`) VALUES (1454, 2, 238, 1, 1, 1, 1, '2020-05-30 05:10:33');
INSERT INTO `roles_permissions` (`id`, `role_id`, `perm_cat_id`, `can_view`, `can_add`, `can_edit`, `can_delete`, `created_at`) VALUES (1455, 2, 239, 1, 1, 1, 1, '2020-05-30 05:10:33');
INSERT INTO `roles_permissions` (`id`, `role_id`, `perm_cat_id`, `can_view`, `can_add`, `can_edit`, `can_delete`, `created_at`) VALUES (1456, 2, 240, 1, 0, 0, 0, '2020-05-29 02:21:18');
INSERT INTO `roles_permissions` (`id`, `role_id`, `perm_cat_id`, `can_view`, `can_add`, `can_edit`, `can_delete`, `created_at`) VALUES (1457, 2, 241, 1, 0, 0, 0, '2020-05-29 02:21:18');
INSERT INTO `roles_permissions` (`id`, `role_id`, `perm_cat_id`, `can_view`, `can_add`, `can_edit`, `can_delete`, `created_at`) VALUES (1458, 1, 240, 1, 0, 0, 0, '2020-06-08 00:00:42');
INSERT INTO `roles_permissions` (`id`, `role_id`, `perm_cat_id`, `can_view`, `can_add`, `can_edit`, `can_delete`, `created_at`) VALUES (1459, 1, 241, 1, 0, 0, 0, '2020-06-08 00:00:42');
INSERT INTO `roles_permissions` (`id`, `role_id`, `perm_cat_id`, `can_view`, `can_add`, `can_edit`, `can_delete`, `created_at`) VALUES (1460, 1, 242, 1, 0, 0, 0, '2020-06-08 00:00:42');
INSERT INTO `roles_permissions` (`id`, `role_id`, `perm_cat_id`, `can_view`, `can_add`, `can_edit`, `can_delete`, `created_at`) VALUES (1461, 2, 242, 1, 0, 0, 0, '2020-06-12 04:15:24');
INSERT INTO `roles_permissions` (`id`, `role_id`, `perm_cat_id`, `can_view`, `can_add`, `can_edit`, `can_delete`, `created_at`) VALUES (1462, 3, 242, 1, 0, 0, 0, '2020-06-15 04:16:54');
INSERT INTO `roles_permissions` (`id`, `role_id`, `perm_cat_id`, `can_view`, `can_add`, `can_edit`, `can_delete`, `created_at`) VALUES (1463, 6, 242, 1, 0, 0, 0, '2020-06-15 04:18:14');
INSERT INTO `roles_permissions` (`id`, `role_id`, `perm_cat_id`, `can_view`, `can_add`, `can_edit`, `can_delete`, `created_at`) VALUES (1464, 1, 243, 1, 0, 0, 0, '2020-09-12 11:35:45');
INSERT INTO `roles_permissions` (`id`, `role_id`, `perm_cat_id`, `can_view`, `can_add`, `can_edit`, `can_delete`, `created_at`) VALUES (1465, 1, 109, 1, 1, 0, 0, '2020-09-21 12:03:50');
INSERT INTO `roles_permissions` (`id`, `role_id`, `perm_cat_id`, `can_view`, `can_add`, `can_edit`, `can_delete`, `created_at`) VALUES (1466, 1, 108, 1, 1, 1, 1, '2020-09-21 12:20:36');
INSERT INTO `roles_permissions` (`id`, `role_id`, `perm_cat_id`, `can_view`, `can_add`, `can_edit`, `can_delete`, `created_at`) VALUES (1467, 1, 244, 1, 0, 0, 0, '2020-09-21 12:29:54');
INSERT INTO `roles_permissions` (`id`, `role_id`, `perm_cat_id`, `can_view`, `can_add`, `can_edit`, `can_delete`, `created_at`) VALUES (1468, 1, 245, 1, 0, 0, 0, '2020-09-21 12:29:54');
INSERT INTO `roles_permissions` (`id`, `role_id`, `perm_cat_id`, `can_view`, `can_add`, `can_edit`, `can_delete`, `created_at`) VALUES (1469, 1, 246, 1, 0, 0, 0, '2020-09-21 12:29:54');
INSERT INTO `roles_permissions` (`id`, `role_id`, `perm_cat_id`, `can_view`, `can_add`, `can_edit`, `can_delete`, `created_at`) VALUES (1470, 1, 247, 1, 0, 0, 0, '2021-01-07 11:42:14');
INSERT INTO `roles_permissions` (`id`, `role_id`, `perm_cat_id`, `can_view`, `can_add`, `can_edit`, `can_delete`, `created_at`) VALUES (1472, 2, 247, 1, 0, 0, 0, '2021-01-21 18:16:40');
INSERT INTO `roles_permissions` (`id`, `role_id`, `perm_cat_id`, `can_view`, `can_add`, `can_edit`, `can_delete`, `created_at`) VALUES (1473, 1, 248, 1, 1, 1, 1, '2021-05-19 18:22:49');
INSERT INTO `roles_permissions` (`id`, `role_id`, `perm_cat_id`, `can_view`, `can_add`, `can_edit`, `can_delete`, `created_at`) VALUES (1474, 1, 249, 1, 0, 0, 0, '2021-05-19 18:22:49');
INSERT INTO `roles_permissions` (`id`, `role_id`, `perm_cat_id`, `can_view`, `can_add`, `can_edit`, `can_delete`, `created_at`) VALUES (1475, 2, 248, 1, 1, 1, 1, '2021-05-28 18:41:52');
INSERT INTO `roles_permissions` (`id`, `role_id`, `perm_cat_id`, `can_view`, `can_add`, `can_edit`, `can_delete`, `created_at`) VALUES (1476, 3, 248, 1, 1, 1, 1, '2021-05-28 15:06:16');
INSERT INTO `roles_permissions` (`id`, `role_id`, `perm_cat_id`, `can_view`, `can_add`, `can_edit`, `can_delete`, `created_at`) VALUES (1477, 3, 249, 1, 0, 0, 0, '2021-05-28 15:06:16');
INSERT INTO `roles_permissions` (`id`, `role_id`, `perm_cat_id`, `can_view`, `can_add`, `can_edit`, `can_delete`, `created_at`) VALUES (1478, 6, 248, 1, 0, 0, 0, '2021-05-28 15:26:14');
INSERT INTO `roles_permissions` (`id`, `role_id`, `perm_cat_id`, `can_view`, `can_add`, `can_edit`, `can_delete`, `created_at`) VALUES (1479, 6, 249, 1, 0, 0, 0, '2021-05-28 15:26:14');
INSERT INTO `roles_permissions` (`id`, `role_id`, `perm_cat_id`, `can_view`, `can_add`, `can_edit`, `can_delete`, `created_at`) VALUES (1480, 2, 249, 1, 0, 0, 0, '2021-05-28 18:41:52');
INSERT INTO `roles_permissions` (`id`, `role_id`, `perm_cat_id`, `can_view`, `can_add`, `can_edit`, `can_delete`, `created_at`) VALUES (1481, 1, 10001, 1, 0, 0, 0, '2022-05-05 07:00:06');
INSERT INTO `roles_permissions` (`id`, `role_id`, `perm_cat_id`, `can_view`, `can_add`, `can_edit`, `can_delete`, `created_at`) VALUES (1482, 1, 10002, 1, 0, 0, 0, '2022-05-05 06:50:12');
INSERT INTO `roles_permissions` (`id`, `role_id`, `perm_cat_id`, `can_view`, `can_add`, `can_edit`, `can_delete`, `created_at`) VALUES (1483, 1, 10003, 1, 0, 0, 0, '2022-05-05 06:50:12');
INSERT INTO `roles_permissions` (`id`, `role_id`, `perm_cat_id`, `can_view`, `can_add`, `can_edit`, `can_delete`, `created_at`) VALUES (1484, 1, 10004, 1, 0, 0, 0, '2022-05-05 06:50:12');
INSERT INTO `roles_permissions` (`id`, `role_id`, `perm_cat_id`, `can_view`, `can_add`, `can_edit`, `can_delete`, `created_at`) VALUES (1485, 1, 10005, 1, 0, 0, 0, '2022-05-05 06:50:12');
INSERT INTO `roles_permissions` (`id`, `role_id`, `perm_cat_id`, `can_view`, `can_add`, `can_edit`, `can_delete`, `created_at`) VALUES (1486, 1, 10006, 1, 0, 0, 0, '2022-05-05 06:50:12');
INSERT INTO `roles_permissions` (`id`, `role_id`, `perm_cat_id`, `can_view`, `can_add`, `can_edit`, `can_delete`, `created_at`) VALUES (1487, 1, 10007, 1, 0, 0, 0, '2022-05-05 06:50:12');
INSERT INTO `roles_permissions` (`id`, `role_id`, `perm_cat_id`, `can_view`, `can_add`, `can_edit`, `can_delete`, `created_at`) VALUES (1488, 1, 1011, 1, 0, 0, 0, '2022-05-05 07:00:06');


#
# TABLE STRUCTURE FOR: room_types
#

DROP TABLE IF EXISTS `room_types`;

CREATE TABLE `room_types` (
  `id` int(11) NOT NULL AUTO_INCREMENT,
  `room_type` varchar(200) DEFAULT NULL,
  `description` text,
  `created_at` timestamp NOT NULL DEFAULT CURRENT_TIMESTAMP ON UPDATE CURRENT_TIMESTAMP,
  `updated_at` date DEFAULT NULL,
  PRIMARY KEY (`id`)
) ENGINE=InnoDB AUTO_INCREMENT=5 DEFAULT CHARSET=utf8;

INSERT INTO `room_types` (`id`, `room_type`, `description`, `created_at`, `updated_at`) VALUES (1, 'One Bed', '', '2023-08-11 17:30:03', NULL);
INSERT INTO `room_types` (`id`, `room_type`, `description`, `created_at`, `updated_at`) VALUES (2, 'Two Bed AC', '', '2023-08-11 17:30:09', NULL);
INSERT INTO `room_types` (`id`, `room_type`, `description`, `created_at`, `updated_at`) VALUES (3, 'Two Bed', '', '2023-08-11 17:30:15', NULL);
INSERT INTO `room_types` (`id`, `room_type`, `description`, `created_at`, `updated_at`) VALUES (4, 'One Bed AC', '', '2023-08-11 17:30:21', NULL);


#
# TABLE STRUCTURE FOR: route_pickup_point
#

DROP TABLE IF EXISTS `route_pickup_point`;

CREATE TABLE `route_pickup_point` (
  `id` int(11) NOT NULL AUTO_INCREMENT,
  `transport_route_id` int(11) NOT NULL,
  `pickup_point_id` int(11) NOT NULL,
  `fees` float(10,2) DEFAULT '0.00',
  `destination_distance` float(10,1) DEFAULT '0.0',
  `pickup_time` time DEFAULT NULL,
  `order_number` float NOT NULL,
  `created_at` timestamp NOT NULL DEFAULT CURRENT_TIMESTAMP ON UPDATE CURRENT_TIMESTAMP,
  PRIMARY KEY (`id`),
  KEY `transport_route_id` (`transport_route_id`),
  KEY `pickup_point_id` (`pickup_point_id`),
  CONSTRAINT `route_pickup_point_ibfk_1` FOREIGN KEY (`transport_route_id`) REFERENCES `transport_route` (`id`) ON DELETE CASCADE,
  CONSTRAINT `route_pickup_point_ibfk_2` FOREIGN KEY (`pickup_point_id`) REFERENCES `pickup_point` (`id`) ON DELETE CASCADE
) ENGINE=InnoDB AUTO_INCREMENT=8 DEFAULT CHARSET=utf8;

INSERT INTO `route_pickup_point` (`id`, `transport_route_id`, `pickup_point_id`, `fees`, `destination_distance`, `pickup_time`, `order_number`, `created_at`) VALUES (1, 1, 3, '50.00', '5.0', '16:30:00', '1', '2023-08-24 08:48:22');
INSERT INTO `route_pickup_point` (`id`, `transport_route_id`, `pickup_point_id`, `fees`, `destination_distance`, `pickup_time`, `order_number`, `created_at`) VALUES (2, 1, 2, '100.00', '10.0', '14:00:00', '2', '2023-08-24 08:48:22');
INSERT INTO `route_pickup_point` (`id`, `transport_route_id`, `pickup_point_id`, `fees`, `destination_distance`, `pickup_time`, `order_number`, `created_at`) VALUES (3, 1, 6, '50.00', '10.0', '12:30:00', '3', '2023-08-24 08:48:22');
INSERT INTO `route_pickup_point` (`id`, `transport_route_id`, `pickup_point_id`, `fees`, `destination_distance`, `pickup_time`, `order_number`, `created_at`) VALUES (4, 1, 4, '50.00', '15.0', '13:30:00', '4', '2023-08-24 08:48:22');
INSERT INTO `route_pickup_point` (`id`, `transport_route_id`, `pickup_point_id`, `fees`, `destination_distance`, `pickup_time`, `order_number`, `created_at`) VALUES (5, 2, 5, '50.00', '10.0', '10:30:00', '1', '2023-08-24 08:51:16');
INSERT INTO `route_pickup_point` (`id`, `transport_route_id`, `pickup_point_id`, `fees`, `destination_distance`, `pickup_time`, `order_number`, `created_at`) VALUES (6, 2, 4, '20.00', '15.0', '12:30:00', '2', '2023-08-24 08:51:16');
INSERT INTO `route_pickup_point` (`id`, `transport_route_id`, `pickup_point_id`, `fees`, `destination_distance`, `pickup_time`, `order_number`, `created_at`) VALUES (7, 2, 6, '20.00', '5.0', '13:30:00', '3', '2023-08-24 08:51:16');


#
# TABLE STRUCTURE FOR: sch_settings
#

DROP TABLE IF EXISTS `sch_settings`;

CREATE TABLE `sch_settings` (
  `id` int(11) NOT NULL,
  `base_url` varchar(500) DEFAULT NULL,
  `folder_path` text,
  `name` varchar(100) DEFAULT NULL,
  `biometric` int(11) DEFAULT '0',
  `biometric_device` text,
  `email` varchar(100) DEFAULT NULL,
  `phone` varchar(50) DEFAULT NULL,
  `address` text,
  `lang_id` int(11) DEFAULT NULL,
  `languages` varchar(500) NOT NULL,
  `dise_code` varchar(50) DEFAULT NULL,
  `date_format` varchar(50) NOT NULL,
  `time_format` varchar(255) NOT NULL,
  `currency` varchar(50) NOT NULL,
  `currency_symbol` varchar(50) NOT NULL,
  `is_rtl` varchar(10) DEFAULT 'disabled',
  `is_duplicate_fees_invoice` varchar(100) DEFAULT '0',
  `collect_back_date_fees` int(11) NOT NULL,
  `single_page_print` int(1) DEFAULT '0',
  `timezone` varchar(30) DEFAULT 'UTC',
  `session_id` int(11) DEFAULT NULL,
  `cron_secret_key` varchar(100) NOT NULL,
  `currency_place` varchar(50) NOT NULL DEFAULT 'before_number',
  `currency_format` varchar(20) DEFAULT NULL,
  `class_teacher` varchar(100) NOT NULL,
  `start_month` varchar(40) NOT NULL,
  `attendence_type` int(10) NOT NULL DEFAULT '0',
  `low_attendance_limit` float(10,2) NOT NULL,
  `image` varchar(100) DEFAULT NULL,
  `admin_logo` varchar(255) NOT NULL,
  `admin_small_logo` varchar(255) NOT NULL,
  `admin_login_page_background` varchar(255) NOT NULL,
  `user_login_page_background` varchar(255) NOT NULL,
  `theme` varchar(200) NOT NULL DEFAULT 'default.jpg',
  `fee_due_days` int(3) DEFAULT '0',
  `adm_auto_insert` int(1) NOT NULL DEFAULT '1',
  `adm_prefix` varchar(50) NOT NULL DEFAULT 'ssadm19/20',
  `adm_start_from` varchar(11) NOT NULL,
  `adm_no_digit` int(10) NOT NULL DEFAULT '6',
  `adm_update_status` int(11) NOT NULL DEFAULT '0',
  `staffid_auto_insert` int(11) NOT NULL DEFAULT '1',
  `staffid_prefix` varchar(100) NOT NULL DEFAULT 'staffss/19/20',
  `staffid_start_from` varchar(50) NOT NULL,
  `staffid_no_digit` int(11) NOT NULL DEFAULT '6',
  `staffid_update_status` int(11) NOT NULL DEFAULT '0',
  `is_active` varchar(255) DEFAULT 'no',
  `online_admission` int(1) DEFAULT '0',
  `online_admission_payment` varchar(50) NOT NULL,
  `online_admission_amount` float NOT NULL,
  `online_admission_instruction` text NOT NULL,
  `online_admission_conditions` text NOT NULL,
  `online_admission_application_form` varchar(255) DEFAULT NULL,
  `exam_result` int(11) NOT NULL,
  `is_blood_group` int(10) NOT NULL DEFAULT '1',
  `is_student_house` int(10) NOT NULL DEFAULT '1',
  `roll_no` int(11) NOT NULL DEFAULT '1',
  `category` int(11) NOT NULL,
  `religion` int(11) NOT NULL DEFAULT '1',
  `cast` int(11) NOT NULL DEFAULT '1',
  `mobile_no` int(11) NOT NULL DEFAULT '1',
  `student_email` int(11) NOT NULL DEFAULT '1',
  `admission_date` int(11) NOT NULL DEFAULT '1',
  `lastname` int(11) NOT NULL,
  `middlename` int(11) NOT NULL DEFAULT '1',
  `student_photo` int(11) NOT NULL DEFAULT '1',
  `student_height` int(11) NOT NULL DEFAULT '1',
  `student_weight` int(11) NOT NULL DEFAULT '1',
  `measurement_date` int(11) NOT NULL DEFAULT '1',
  `father_name` int(11) NOT NULL DEFAULT '1',
  `father_phone` int(11) NOT NULL DEFAULT '1',
  `father_occupation` int(11) NOT NULL DEFAULT '1',
  `father_pic` int(11) NOT NULL DEFAULT '1',
  `mother_name` int(11) NOT NULL DEFAULT '1',
  `mother_phone` int(11) NOT NULL DEFAULT '1',
  `mother_occupation` int(11) NOT NULL DEFAULT '1',
  `mother_pic` int(11) NOT NULL DEFAULT '1',
  `guardian_name` int(1) NOT NULL,
  `guardian_relation` int(11) NOT NULL DEFAULT '1',
  `guardian_phone` int(1) NOT NULL,
  `guardian_email` int(11) NOT NULL DEFAULT '1',
  `guardian_pic` int(11) NOT NULL DEFAULT '1',
  `guardian_occupation` int(1) NOT NULL,
  `guardian_address` int(11) NOT NULL DEFAULT '1',
  `current_address` int(11) NOT NULL DEFAULT '1',
  `permanent_address` int(11) NOT NULL DEFAULT '1',
  `route_list` int(11) NOT NULL DEFAULT '1',
  `hostel_id` int(11) NOT NULL DEFAULT '1',
  `bank_account_no` int(11) NOT NULL DEFAULT '1',
  `ifsc_code` int(1) NOT NULL,
  `bank_name` int(1) NOT NULL,
  `national_identification_no` int(11) NOT NULL DEFAULT '1',
  `local_identification_no` int(11) NOT NULL DEFAULT '1',
  `rte` int(11) NOT NULL DEFAULT '1',
  `previous_school_details` int(11) NOT NULL DEFAULT '1',
  `student_note` int(11) NOT NULL DEFAULT '1',
  `upload_documents` int(11) NOT NULL DEFAULT '1',
  `student_barcode` int(11) NOT NULL DEFAULT '1',
  `staff_designation` int(11) NOT NULL DEFAULT '1',
  `staff_department` int(11) NOT NULL DEFAULT '1',
  `staff_last_name` int(11) NOT NULL DEFAULT '1',
  `staff_father_name` int(11) NOT NULL DEFAULT '1',
  `staff_mother_name` int(11) NOT NULL DEFAULT '1',
  `staff_date_of_joining` int(11) NOT NULL DEFAULT '1',
  `staff_phone` int(11) NOT NULL DEFAULT '1',
  `staff_emergency_contact` int(11) NOT NULL DEFAULT '1',
  `staff_marital_status` int(11) NOT NULL DEFAULT '1',
  `staff_photo` int(11) NOT NULL DEFAULT '1',
  `staff_current_address` int(11) NOT NULL DEFAULT '1',
  `staff_permanent_address` int(11) NOT NULL DEFAULT '1',
  `staff_qualification` int(11) NOT NULL DEFAULT '1',
  `staff_work_experience` int(11) NOT NULL DEFAULT '1',
  `staff_note` int(11) NOT NULL DEFAULT '1',
  `staff_epf_no` int(11) NOT NULL DEFAULT '1',
  `staff_basic_salary` int(11) NOT NULL DEFAULT '1',
  `staff_contract_type` int(11) NOT NULL DEFAULT '1',
  `staff_work_shift` int(11) NOT NULL DEFAULT '1',
  `staff_work_location` int(11) NOT NULL DEFAULT '1',
  `staff_leaves` int(11) NOT NULL DEFAULT '1',
  `staff_account_details` int(11) NOT NULL DEFAULT '1',
  `staff_social_media` int(11) NOT NULL DEFAULT '1',
  `staff_upload_documents` int(11) NOT NULL DEFAULT '1',
  `staff_barcode` int(11) NOT NULL DEFAULT '1',
  `staff_notification_email` varchar(50) NOT NULL,
  `mobile_api_url` tinytext NOT NULL,
  `app_primary_color_code` varchar(20) DEFAULT NULL,
  `app_secondary_color_code` varchar(20) DEFAULT NULL,
  `admin_mobile_api_url` tinytext NOT NULL,
  `admin_app_primary_color_code` varchar(20) NOT NULL,
  `admin_app_secondary_color_code` varchar(20) NOT NULL,
  `app_logo` varchar(250) DEFAULT NULL,
  `student_profile_edit` int(1) NOT NULL DEFAULT '0',
  `start_week` varchar(10) NOT NULL,
  `my_question` int(1) NOT NULL,
  `superadmin_restriction` varchar(20) NOT NULL,
  `student_timeline` varchar(20) NOT NULL,
  `calendar_event_reminder` int(2) DEFAULT NULL,
  `event_reminder` varchar(20) NOT NULL,
  `student_login` varchar(100) DEFAULT NULL,
  `parent_login` varchar(100) DEFAULT NULL,
  `student_panel_login` int(1) NOT NULL DEFAULT '1',
  `parent_panel_login` int(1) NOT NULL DEFAULT '1',
  `is_student_feature_lock` int(1) NOT NULL DEFAULT '0',
  `maintenance_mode` int(1) NOT NULL DEFAULT '0',
  `lock_grace_period` int(10) NOT NULL DEFAULT '0',
  `is_offline_fee_payment` int(1) NOT NULL DEFAULT '0',
  `offline_bank_payment_instruction` text NOT NULL,
  `created_at` timestamp NOT NULL DEFAULT CURRENT_TIMESTAMP ON UPDATE CURRENT_TIMESTAMP,
  `updated_at` date DEFAULT NULL,
  PRIMARY KEY (`id`),
  KEY `lang_id` (`lang_id`),
  KEY `session_id` (`session_id`)
) ENGINE=InnoDB DEFAULT CHARSET=utf8;

INSERT INTO `sch_settings` (`id`, `base_url`, `folder_path`, `name`, `biometric`, `biometric_device`, `email`, `phone`, `address`, `lang_id`, `languages`, `dise_code`, `date_format`, `time_format`, `currency`, `currency_symbol`, `is_rtl`, `is_duplicate_fees_invoice`, `collect_back_date_fees`, `single_page_print`, `timezone`, `session_id`, `cron_secret_key`, `currency_place`, `currency_format`, `class_teacher`, `start_month`, `attendence_type`, `low_attendance_limit`, `image`, `admin_logo`, `admin_small_logo`, `admin_login_page_background`, `user_login_page_background`, `theme`, `fee_due_days`, `adm_auto_insert`, `adm_prefix`, `adm_start_from`, `adm_no_digit`, `adm_update_status`, `staffid_auto_insert`, `staffid_prefix`, `staffid_start_from`, `staffid_no_digit`, `staffid_update_status`, `is_active`, `online_admission`, `online_admission_payment`, `online_admission_amount`, `online_admission_instruction`, `online_admission_conditions`, `online_admission_application_form`, `exam_result`, `is_blood_group`, `is_student_house`, `roll_no`, `category`, `religion`, `cast`, `mobile_no`, `student_email`, `admission_date`, `lastname`, `middlename`, `student_photo`, `student_height`, `student_weight`, `measurement_date`, `father_name`, `father_phone`, `father_occupation`, `father_pic`, `mother_name`, `mother_phone`, `mother_occupation`, `mother_pic`, `guardian_name`, `guardian_relation`, `guardian_phone`, `guardian_email`, `guardian_pic`, `guardian_occupation`, `guardian_address`, `current_address`, `permanent_address`, `route_list`, `hostel_id`, `bank_account_no`, `ifsc_code`, `bank_name`, `national_identification_no`, `local_identification_no`, `rte`, `previous_school_details`, `student_note`, `upload_documents`, `student_barcode`, `staff_designation`, `staff_department`, `staff_last_name`, `staff_father_name`, `staff_mother_name`, `staff_date_of_joining`, `staff_phone`, `staff_emergency_contact`, `staff_marital_status`, `staff_photo`, `staff_current_address`, `staff_permanent_address`, `staff_qualification`, `staff_work_experience`, `staff_note`, `staff_epf_no`, `staff_basic_salary`, `staff_contract_type`, `staff_work_shift`, `staff_work_location`, `staff_leaves`, `staff_account_details`, `staff_social_media`, `staff_upload_documents`, `staff_barcode`, `staff_notification_email`, `mobile_api_url`, `app_primary_color_code`, `app_secondary_color_code`, `admin_mobile_api_url`, `admin_app_primary_color_code`, `admin_app_secondary_color_code`, `app_logo`, `student_profile_edit`, `start_week`, `my_question`, `superadmin_restriction`, `student_timeline`, `calendar_event_reminder`, `event_reminder`, `student_login`, `parent_login`, `student_panel_login`, `parent_panel_login`, `is_student_feature_lock`, `maintenance_mode`, `lock_grace_period`, `is_offline_fee_payment`, `offline_bank_payment_instruction`, `created_at`, `updated_at`) VALUES (1, 'http://test.cyberdetox.in/', '/home1/sveath9r/test.cyberdetox.in/', 'Amaravathi Junior College', 0, '', 'amaravatijuniorcollege@gmail.com', '0862525699', '11-253, Ranipeta, Venkatagiri, Tirupati District ,Andhra Pradesh -524132', 4, '[\"4\"]', '08199', 'd/m/Y', '12-hour', '68', '$', 'disabled', '0', 0, 0, 'Asia/Kolkata', 18, 'BI6ySkxni5IeVlbpwdZs1o1dC', 'after_number', '####.##', 'no', '4', 0, '50.00', '1.png', '1693069529-9671490864ea30d9c5ad2!Asset 7xxhdpi.png', '1692813629-86477590164e6493d904bd!faviconldpi.png', '1663064530-1070210809632059d2b8b0b!1662796232-1721792380631c41c80d038!login_bg3.jpg', '1663065284-93117584263205cc49769c!1662964519-2099955753631ed327d0ffa!login_bg5.jpg', 'white.jpg', 60, 1, '2023', '123456789', 9, 1, 0, '', '', 0, 1, 'no', 1, 'no', '0', '', '<p>&nbsp;Please enter your institution online admission terms &amp; conditions here.</p>\r\n', NULL, 0, 1, 1, 1, 1, 1, 1, 1, 1, 1, 0, 0, 1, 1, 1, 1, 1, 1, 1, 1, 1, 1, 1, 1, 1, 1, 1, 1, 1, 1, 1, 1, 1, 1, 1, 1, 1, 1, 1, 1, 1, 1, 1, 1, 1, 1, 1, 1, 1, 1, 1, 1, 1, 1, 1, 1, 1, 1, 1, 1, 1, 1, 1, 1, 1, 1, 1, 1, 1, 1, '', '', '#424242', '#eeeeee', '', '', '', '1693069542-199753291764ea30e62830c!Asset 7xxhdpi.png', 1, 'Thursday', 0, 'enabled', 'disabled', 0, 'disabled', 'null', 'null', 1, 1, 0, 0, 0, 1, '', '2023-09-02 19:31:14', NULL);


#
# TABLE STRUCTURE FOR: school_houses
#

DROP TABLE IF EXISTS `school_houses`;

CREATE TABLE `school_houses` (
  `id` int(11) NOT NULL AUTO_INCREMENT,
  `house_name` varchar(200) NOT NULL,
  `description` varchar(400) NOT NULL,
  `is_active` varchar(50) NOT NULL,
  PRIMARY KEY (`id`)
) ENGINE=InnoDB AUTO_INCREMENT=5 DEFAULT CHARSET=utf8;

INSERT INTO `school_houses` (`id`, `house_name`, `description`, `is_active`) VALUES (1, 'Blue', '', 'yes');
INSERT INTO `school_houses` (`id`, `house_name`, `description`, `is_active`) VALUES (2, 'Red', '', 'yes');
INSERT INTO `school_houses` (`id`, `house_name`, `description`, `is_active`) VALUES (3, 'Green', '', 'yes');
INSERT INTO `school_houses` (`id`, `house_name`, `description`, `is_active`) VALUES (4, 'Yellow', '', 'yes');


#
# TABLE STRUCTURE FOR: sections
#

DROP TABLE IF EXISTS `sections`;

CREATE TABLE `sections` (
  `id` int(11) NOT NULL AUTO_INCREMENT,
  `section` varchar(60) DEFAULT NULL,
  `is_active` varchar(255) DEFAULT 'no',
  `created_at` timestamp NOT NULL DEFAULT CURRENT_TIMESTAMP ON UPDATE CURRENT_TIMESTAMP,
  `updated_at` date DEFAULT NULL,
  PRIMARY KEY (`id`)
) ENGINE=InnoDB AUTO_INCREMENT=9 DEFAULT CHARSET=utf8;

INSERT INTO `sections` (`id`, `section`, `is_active`, `created_at`, `updated_at`) VALUES (1, 'A', 'no', '2023-08-01 17:30:09', NULL);
INSERT INTO `sections` (`id`, `section`, `is_active`, `created_at`, `updated_at`) VALUES (2, 'B', 'no', '2023-08-01 17:30:16', NULL);
INSERT INTO `sections` (`id`, `section`, `is_active`, `created_at`, `updated_at`) VALUES (3, 'C', 'no', '2023-08-06 18:37:24', NULL);
INSERT INTO `sections` (`id`, `section`, `is_active`, `created_at`, `updated_at`) VALUES (4, 'D', 'no', '2023-08-06 18:37:27', NULL);
INSERT INTO `sections` (`id`, `section`, `is_active`, `created_at`, `updated_at`) VALUES (5, 'E', 'no', '2023-08-27 10:11:50', NULL);
INSERT INTO `sections` (`id`, `section`, `is_active`, `created_at`, `updated_at`) VALUES (6, 'Neon', 'no', '2023-08-29 19:02:45', NULL);
INSERT INTO `sections` (`id`, `section`, `is_active`, `created_at`, `updated_at`) VALUES (7, 'JEE', 'no', '2023-08-29 19:02:56', NULL);
INSERT INTO `sections` (`id`, `section`, `is_active`, `created_at`, `updated_at`) VALUES (8, 'CEC Batch-1', 'no', '2023-08-29 19:03:24', NULL);


#
# TABLE STRUCTURE FOR: send_notification
#

DROP TABLE IF EXISTS `send_notification`;

CREATE TABLE `send_notification` (
  `id` int(11) NOT NULL AUTO_INCREMENT,
  `title` varchar(50) DEFAULT NULL,
  `publish_date` date DEFAULT NULL,
  `date` date DEFAULT NULL,
  `attachment` varchar(500) DEFAULT NULL,
  `message` text,
  `visible_student` varchar(10) NOT NULL DEFAULT 'no',
  `visible_staff` varchar(10) NOT NULL DEFAULT 'no',
  `visible_parent` varchar(10) NOT NULL DEFAULT 'no',
  `created_by` varchar(60) DEFAULT NULL,
  `created_id` int(11) DEFAULT NULL,
  `is_active` varchar(255) DEFAULT 'no',
  `created_at` timestamp NOT NULL DEFAULT CURRENT_TIMESTAMP ON UPDATE CURRENT_TIMESTAMP,
  `updated_at` date DEFAULT NULL,
  PRIMARY KEY (`id`),
  KEY `created_id` (`created_id`),
  CONSTRAINT `send_notification_ibfk_1` FOREIGN KEY (`created_id`) REFERENCES `staff` (`id`) ON DELETE CASCADE
) ENGINE=InnoDB AUTO_INCREMENT=4 DEFAULT CHARSET=utf8;

INSERT INTO `send_notification` (`id`, `title`, `publish_date`, `date`, `attachment`, `message`, `visible_student`, `visible_staff`, `visible_parent`, `created_by`, `created_id`, `is_active`, `created_at`, `updated_at`) VALUES (1, 'Staff Meeting', '2023-04-08', '2023-02-08', NULL, '<p>\r\n\r\nA meeting attended by the members of staff of a company, school, etc, to discuss issues relating to the running of the company, school, etc.\r\n\r\n<br></p>', 'No', 'Yes', 'No', 'Super Admin', 1, 'no', '2023-08-24 08:11:18', NULL);
INSERT INTO `send_notification` (`id`, `title`, `publish_date`, `date`, `attachment`, `message`, `visible_student`, `visible_staff`, `visible_parent`, `created_by`, `created_id`, `is_active`, `created_at`, `updated_at`) VALUES (2, 'Raksha Bandhan Holiday', '2023-06-08', '2023-01-08', NULL, '<p>\r\n\r\nRaksha Bandhan is a popular and traditionally Hindu annual rite or ceremony that is central to a festival of the same name celebrated in South Asia.\r\n\r\n<br></p>', 'Yes', 'Yes', 'Yes', 'Super Admin', 1, 'no', '2023-08-24 08:12:15', NULL);
INSERT INTO `send_notification` (`id`, `title`, `publish_date`, `date`, `attachment`, `message`, `visible_student`, `visible_staff`, `visible_parent`, `created_by`, `created_id`, `is_active`, `created_at`, `updated_at`) VALUES (3, 'Fees Reminder', '2023-08-08', '2023-04-08', '1693477961-33833146064f06c491da99!Amaravathi doc.pdf', '<p>\r\n\r\n</p><p>Dear parents,</p><p> Please clear the outstanding dues for the school fees on the urgent basis.</p>\r\n\r\n<br><p></p>', 'Yes', 'Yes', 'Yes', 'Super Admin', 1, 'no', '2023-08-31 16:02:41', NULL);


#
# TABLE STRUCTURE FOR: sessions
#

DROP TABLE IF EXISTS `sessions`;

CREATE TABLE `sessions` (
  `id` int(11) NOT NULL AUTO_INCREMENT,
  `session` varchar(60) DEFAULT NULL,
  `is_active` varchar(255) DEFAULT 'no',
  `created_at` timestamp NOT NULL DEFAULT CURRENT_TIMESTAMP ON UPDATE CURRENT_TIMESTAMP,
  `updated_at` date DEFAULT NULL,
  PRIMARY KEY (`id`)
) ENGINE=InnoDB AUTO_INCREMENT=26 DEFAULT CHARSET=utf8;

INSERT INTO `sessions` (`id`, `session`, `is_active`, `created_at`, `updated_at`) VALUES (7, '2016-17', 'no', '2017-04-20 12:12:19', '0000-00-00');
INSERT INTO `sessions` (`id`, `session`, `is_active`, `created_at`, `updated_at`) VALUES (11, '2017-18', 'no', '2017-04-20 12:11:37', '0000-00-00');
INSERT INTO `sessions` (`id`, `session`, `is_active`, `created_at`, `updated_at`) VALUES (13, '2018-19', 'no', '2016-08-25 00:56:44', '0000-00-00');
INSERT INTO `sessions` (`id`, `session`, `is_active`, `created_at`, `updated_at`) VALUES (14, '2019-20', 'no', '2016-08-25 00:56:55', '0000-00-00');
INSERT INTO `sessions` (`id`, `session`, `is_active`, `created_at`, `updated_at`) VALUES (15, '2020-21', 'no', '2016-10-01 10:58:08', '0000-00-00');
INSERT INTO `sessions` (`id`, `session`, `is_active`, `created_at`, `updated_at`) VALUES (16, '2021-22', 'no', '2016-10-01 10:58:20', '0000-00-00');
INSERT INTO `sessions` (`id`, `session`, `is_active`, `created_at`, `updated_at`) VALUES (18, '2022-23', 'no', '2016-10-01 10:59:02', '0000-00-00');
INSERT INTO `sessions` (`id`, `session`, `is_active`, `created_at`, `updated_at`) VALUES (19, '2023-24', 'no', '2016-10-01 10:59:10', '0000-00-00');
INSERT INTO `sessions` (`id`, `session`, `is_active`, `created_at`, `updated_at`) VALUES (20, '2024-25', 'no', '2016-10-01 10:59:18', '0000-00-00');
INSERT INTO `sessions` (`id`, `session`, `is_active`, `created_at`, `updated_at`) VALUES (21, '2025-26', 'no', '2016-10-01 11:00:10', '0000-00-00');
INSERT INTO `sessions` (`id`, `session`, `is_active`, `created_at`, `updated_at`) VALUES (22, '2026-27', 'no', '2016-10-01 11:00:18', '0000-00-00');
INSERT INTO `sessions` (`id`, `session`, `is_active`, `created_at`, `updated_at`) VALUES (23, '2027-28', 'no', '2016-10-01 11:00:24', '0000-00-00');
INSERT INTO `sessions` (`id`, `session`, `is_active`, `created_at`, `updated_at`) VALUES (24, '2028-29', 'no', '2016-10-01 11:00:30', '0000-00-00');
INSERT INTO `sessions` (`id`, `session`, `is_active`, `created_at`, `updated_at`) VALUES (25, '2029-30', 'no', '2016-10-01 11:00:37', '0000-00-00');


#
# TABLE STRUCTURE FOR: share_content_for
#

DROP TABLE IF EXISTS `share_content_for`;

CREATE TABLE `share_content_for` (
  `id` int(11) NOT NULL AUTO_INCREMENT,
  `group_id` varchar(20) DEFAULT NULL,
  `student_id` int(11) DEFAULT NULL,
  `user_parent_id` int(11) DEFAULT NULL,
  `staff_id` int(11) DEFAULT NULL,
  `class_section_id` int(11) DEFAULT NULL,
  `share_content_id` int(11) DEFAULT NULL,
  `created_at` timestamp NOT NULL DEFAULT CURRENT_TIMESTAMP ON UPDATE CURRENT_TIMESTAMP,
  PRIMARY KEY (`id`),
  KEY `upload_content_id` (`share_content_id`),
  KEY `student_id` (`student_id`),
  KEY `staff_id` (`staff_id`),
  KEY `class_section_id` (`class_section_id`),
  KEY `user_parent_id` (`user_parent_id`),
  CONSTRAINT `share_content_for_ibfk_1` FOREIGN KEY (`share_content_id`) REFERENCES `share_contents` (`id`) ON DELETE CASCADE,
  CONSTRAINT `share_content_for_ibfk_2` FOREIGN KEY (`student_id`) REFERENCES `students` (`id`),
  CONSTRAINT `share_content_for_ibfk_3` FOREIGN KEY (`staff_id`) REFERENCES `staff` (`id`),
  CONSTRAINT `share_content_for_ibfk_4` FOREIGN KEY (`class_section_id`) REFERENCES `class_sections` (`id`),
  CONSTRAINT `share_content_for_ibfk_5` FOREIGN KEY (`user_parent_id`) REFERENCES `users` (`id`)
) ENGINE=InnoDB AUTO_INCREMENT=8 DEFAULT CHARSET=utf8;

INSERT INTO `share_content_for` (`id`, `group_id`, `student_id`, `user_parent_id`, `staff_id`, `class_section_id`, `share_content_id`, `created_at`) VALUES (1, 'student', NULL, NULL, NULL, NULL, 1, '2023-09-02 00:00:37');
INSERT INTO `share_content_for` (`id`, `group_id`, `student_id`, `user_parent_id`, `staff_id`, `class_section_id`, `share_content_id`, `created_at`) VALUES (2, 'parent', NULL, NULL, NULL, NULL, 1, '2023-09-02 00:00:37');
INSERT INTO `share_content_for` (`id`, `group_id`, `student_id`, `user_parent_id`, `staff_id`, `class_section_id`, `share_content_id`, `created_at`) VALUES (3, '1', NULL, NULL, NULL, NULL, 1, '2023-09-02 00:00:37');
INSERT INTO `share_content_for` (`id`, `group_id`, `student_id`, `user_parent_id`, `staff_id`, `class_section_id`, `share_content_id`, `created_at`) VALUES (4, '2', NULL, NULL, NULL, NULL, 1, '2023-09-02 00:00:37');
INSERT INTO `share_content_for` (`id`, `group_id`, `student_id`, `user_parent_id`, `staff_id`, `class_section_id`, `share_content_id`, `created_at`) VALUES (5, NULL, 104, NULL, NULL, NULL, 2, '2023-09-02 00:05:10');
INSERT INTO `share_content_for` (`id`, `group_id`, `student_id`, `user_parent_id`, `staff_id`, `class_section_id`, `share_content_id`, `created_at`) VALUES (6, NULL, 114, NULL, NULL, NULL, 2, '2023-09-02 00:05:10');
INSERT INTO `share_content_for` (`id`, `group_id`, `student_id`, `user_parent_id`, `staff_id`, `class_section_id`, `share_content_id`, `created_at`) VALUES (7, NULL, 116, NULL, NULL, NULL, 2, '2023-09-02 00:05:10');


#
# TABLE STRUCTURE FOR: share_contents
#

DROP TABLE IF EXISTS `share_contents`;

CREATE TABLE `share_contents` (
  `id` int(11) NOT NULL AUTO_INCREMENT,
  `send_to` varchar(50) DEFAULT NULL,
  `title` text,
  `share_date` date DEFAULT NULL,
  `valid_upto` date DEFAULT NULL,
  `description` text,
  `created_by` int(10) DEFAULT NULL,
  `created_at` timestamp NOT NULL DEFAULT CURRENT_TIMESTAMP ON UPDATE CURRENT_TIMESTAMP,
  PRIMARY KEY (`id`),
  KEY `created_by` (`created_by`),
  CONSTRAINT `share_contents_ibfk_1` FOREIGN KEY (`created_by`) REFERENCES `staff` (`id`) ON DELETE CASCADE
) ENGINE=InnoDB AUTO_INCREMENT=5 DEFAULT CHARSET=utf8;

INSERT INTO `share_contents` (`id`, `send_to`, `title`, `share_date`, `valid_upto`, `description`, `created_by`, `created_at`) VALUES (1, 'group', 'wertyhj', '2023-09-30', NULL, '', 1, '2023-09-02 00:00:37');
INSERT INTO `share_contents` (`id`, `send_to`, `title`, `share_date`, `valid_upto`, `description`, `created_by`, `created_at`) VALUES (2, 'individual', 'kjhgfds', '2023-09-29', NULL, '', 1, '2023-09-02 00:05:10');
INSERT INTO `share_contents` (`id`, `send_to`, `title`, `share_date`, `valid_upto`, `description`, `created_by`, `created_at`) VALUES (3, 'public', 'jhgfds', '2023-09-30', NULL, NULL, 1, '2023-09-02 00:07:59');
INSERT INTO `share_contents` (`id`, `send_to`, `title`, `share_date`, `valid_upto`, `description`, `created_by`, `created_at`) VALUES (4, 'public', 'jhgfds', '2023-09-02', '2023-09-30', NULL, 1, '2023-09-02 00:09:17');


#
# TABLE STRUCTURE FOR: share_upload_contents
#

DROP TABLE IF EXISTS `share_upload_contents`;

CREATE TABLE `share_upload_contents` (
  `id` int(11) NOT NULL AUTO_INCREMENT,
  `upload_content_id` int(11) DEFAULT NULL,
  `share_content_id` int(11) DEFAULT NULL,
  `created_at` timestamp NOT NULL DEFAULT CURRENT_TIMESTAMP ON UPDATE CURRENT_TIMESTAMP,
  PRIMARY KEY (`id`),
  KEY `upload_content_id` (`upload_content_id`),
  KEY `share_content_id` (`share_content_id`),
  CONSTRAINT `share_upload_contents_ibfk_1` FOREIGN KEY (`upload_content_id`) REFERENCES `upload_contents` (`id`) ON DELETE CASCADE,
  CONSTRAINT `share_upload_contents_ibfk_2` FOREIGN KEY (`share_content_id`) REFERENCES `share_contents` (`id`) ON DELETE CASCADE
) ENGINE=InnoDB AUTO_INCREMENT=12 DEFAULT CHARSET=utf8;

INSERT INTO `share_upload_contents` (`id`, `upload_content_id`, `share_content_id`, `created_at`) VALUES (1, 5, 1, '2023-09-02 00:00:37');
INSERT INTO `share_upload_contents` (`id`, `upload_content_id`, `share_content_id`, `created_at`) VALUES (2, 2, 1, '2023-09-02 00:00:37');
INSERT INTO `share_upload_contents` (`id`, `upload_content_id`, `share_content_id`, `created_at`) VALUES (3, 4, 1, '2023-09-02 00:00:37');
INSERT INTO `share_upload_contents` (`id`, `upload_content_id`, `share_content_id`, `created_at`) VALUES (4, 1, 1, '2023-09-02 00:00:37');
INSERT INTO `share_upload_contents` (`id`, `upload_content_id`, `share_content_id`, `created_at`) VALUES (5, 3, 1, '2023-09-02 00:00:37');
INSERT INTO `share_upload_contents` (`id`, `upload_content_id`, `share_content_id`, `created_at`) VALUES (6, 5, 2, '2023-09-02 00:05:10');
INSERT INTO `share_upload_contents` (`id`, `upload_content_id`, `share_content_id`, `created_at`) VALUES (7, 2, 2, '2023-09-02 00:05:10');
INSERT INTO `share_upload_contents` (`id`, `upload_content_id`, `share_content_id`, `created_at`) VALUES (8, 5, 3, '2023-09-02 00:07:59');
INSERT INTO `share_upload_contents` (`id`, `upload_content_id`, `share_content_id`, `created_at`) VALUES (9, 2, 3, '2023-09-02 00:07:59');
INSERT INTO `share_upload_contents` (`id`, `upload_content_id`, `share_content_id`, `created_at`) VALUES (10, 5, 4, '2023-09-02 00:09:17');
INSERT INTO `share_upload_contents` (`id`, `upload_content_id`, `share_content_id`, `created_at`) VALUES (11, 2, 4, '2023-09-02 00:09:17');


#
# TABLE STRUCTURE FOR: sidebar_menus
#

DROP TABLE IF EXISTS `sidebar_menus`;

CREATE TABLE `sidebar_menus` (
  `id` int(11) NOT NULL AUTO_INCREMENT,
  `permission_group_id` int(10) DEFAULT NULL,
  `icon` varchar(100) DEFAULT NULL,
  `menu` varchar(500) DEFAULT NULL,
  `activate_menu` varchar(100) DEFAULT NULL,
  `lang_key` varchar(250) NOT NULL,
  `system_level` int(3) DEFAULT '0',
  `level` int(5) DEFAULT NULL,
  `sidebar_display` int(1) DEFAULT '0',
  `access_permissions` text,
  `is_active` int(1) NOT NULL DEFAULT '1',
  `created_at` timestamp NOT NULL DEFAULT CURRENT_TIMESTAMP ON UPDATE CURRENT_TIMESTAMP,
  PRIMARY KEY (`id`),
  KEY `permission_group_id` (`permission_group_id`),
  CONSTRAINT `sidebar_menus_ibfk_1` FOREIGN KEY (`permission_group_id`) REFERENCES `permission_group` (`id`) ON DELETE SET NULL
) ENGINE=InnoDB AUTO_INCREMENT=36 DEFAULT CHARSET=utf8;

INSERT INTO `sidebar_menus` (`id`, `permission_group_id`, `icon`, `menu`, `activate_menu`, `lang_key`, `system_level`, `level`, `sidebar_display`, `access_permissions`, `is_active`, `created_at`) VALUES (1, 17, 'fa fa-ioxhost ftlayer', 'Front Office', 'front_office', 'front_office', 10, 1, 1, '(\'admission_enquiry\', \'can_view\') || (\'visitor_book\', \'can_view\') ||       (\'phon_call_log\', \'can_view\') ||  (\'postal_dispatch\', \'can_view\') ||       (\'postal_receive\', \'can_view\') || (\'complaint\', \'can_view\') ||(\'setup_font_office\', \'can_view\')', 1, '2023-01-10 18:19:51');
INSERT INTO `sidebar_menus` (`id`, `permission_group_id`, `icon`, `menu`, `activate_menu`, `lang_key`, `system_level`, `level`, `sidebar_display`, `access_permissions`, `is_active`, `created_at`) VALUES (2, 1, 'fa fa-user-plus ftlayer', 'Student Information', 'student_information', 'student_information', 20, 2, 1, '(\'student\', \'can_view\') || (\'student\', \'can_add\') || (\'student_history\', \'can_view\') || (\'student_categories\', \'can_view\') || (\'student_houses\', \'can_view\') || (\'disable_student\', \'can_view\') || (\'disable_reason\', \'can_view\') || (\'online_admission\', \'can_view\') || (\'multiclass_student\', \'can_view\') || (\'disable_reason\', \'can_view\')', 1, '2023-01-10 18:19:51');
INSERT INTO `sidebar_menus` (`id`, `permission_group_id`, `icon`, `menu`, `activate_menu`, `lang_key`, `system_level`, `level`, `sidebar_display`, `access_permissions`, `is_active`, `created_at`) VALUES (3, 2, 'fa fa-money ftlayer', 'Fees Collection', 'fees_collection', 'fees_collection', 30, 3, 1, '(\'collect_fees\', \'can_view\') || (\'search_fees_payment\', \'can_view\') || (\'search_due_fees\', \'can_view\') || (\'fees_statement\', \'can_view\') || (\'fees_carry_forward\', \'can_view\') || (\'fees_master\', \'can_view\') || (\'fees_group\', \'can_view\') || (\'fees_type\', \'can_view\') || (\'fees_discount\', \'can_view\') || (\'accountants\', \'can_view\')', 1, '2023-01-10 18:19:51');
INSERT INTO `sidebar_menus` (`id`, `permission_group_id`, `icon`, `menu`, `activate_menu`, `lang_key`, `system_level`, `level`, `sidebar_display`, `access_permissions`, `is_active`, `created_at`) VALUES (4, 3, 'fa fa-usd ftlayer', 'Income', 'income', 'income', 40, 10, 1, '(\'income\', \'can_view\') || (\'search_income\', \'can_view\') || (\'income_head\', \'can_view\')', 1, '2023-01-10 18:19:37');
INSERT INTO `sidebar_menus` (`id`, `permission_group_id`, `icon`, `menu`, `activate_menu`, `lang_key`, `system_level`, `level`, `sidebar_display`, `access_permissions`, `is_active`, `created_at`) VALUES (7, 4, 'fa fa-credit-card ftlayer', 'Expense', 'expense', 'expenses', 50, 11, 1, '(\'expense\', \'can_view\') || (\'search_expense\', \'can_view\') || (\'expense_head\', \'can_view\')', 1, '2023-01-10 18:19:37');
INSERT INTO `sidebar_menus` (`id`, `permission_group_id`, `icon`, `menu`, `activate_menu`, `lang_key`, `system_level`, `level`, `sidebar_display`, `access_permissions`, `is_active`, `created_at`) VALUES (10, 5, 'fa fa-calendar-check-o ftlayer', 'Attendance', 'attendance', 'attendance', 60, 13, 1, '(\'student_attendance\', \'can_view\')', 1, '2023-01-10 18:19:37');
INSERT INTO `sidebar_menus` (`id`, `permission_group_id`, `icon`, `menu`, `activate_menu`, `lang_key`, `system_level`, `level`, `sidebar_display`, `access_permissions`, `is_active`, `created_at`) VALUES (11, 6, 'fa fa-map-o ftlayer', 'Examinations', 'examinations', 'examinations', 70, 12, 1, '(\'exam_group\', \'can_view\') || (\'exam_result\', \'can_view\') || (\'design_admit_card\', \'can_view\') || (\'print_admit_card\', \'can_view\') || (\'design_marksheet\', \'can_view\') || (\'print_marksheet\', \'can_view\') || (\'marks_grade\', \'can_view\')', 1, '2023-01-10 18:19:37');
INSERT INTO `sidebar_menus` (`id`, `permission_group_id`, `icon`, `menu`, `activate_menu`, `lang_key`, `system_level`, `level`, `sidebar_display`, `access_permissions`, `is_active`, `created_at`) VALUES (12, 23, 'fa fa-rss ftlayer', 'Online Examinations', 'online_examinations', 'online_examinations', 80, 14, 1, '(\'online_examination\', \'can_view\') ||  (\'question_bank\', \'can_view\'', 1, '2023-01-10 18:19:37');
INSERT INTO `sidebar_menus` (`id`, `permission_group_id`, `icon`, `menu`, `activate_menu`, `lang_key`, `system_level`, `level`, `sidebar_display`, `access_permissions`, `is_active`, `created_at`) VALUES (13, 29, 'fa fa-list-alt ftlayer', 'Lesson Plan', 'lesson_plan', 'lesson_plan', 90, 16, 1, '(\'manage_lesson_plan\', \'can_view\') || (\'manage_syllabus_status\', \'can_view\') || (\'lesson\', \'can_view\') ||  (\'topic\', \'can_view\')||  (\'copy_old_lesson\', \'can_view\')', 1, '2023-01-10 18:19:37');
INSERT INTO `sidebar_menus` (`id`, `permission_group_id`, `icon`, `menu`, `activate_menu`, `lang_key`, `system_level`, `level`, `sidebar_display`, `access_permissions`, `is_active`, `created_at`) VALUES (14, 7, 'fa fa-mortar-board ftlayer', 'Academics', 'academics', 'academics', 100, 15, 1, '(\'class_timetable\', \'can_view\') || (\'teachers_timetable\', \'can_view\') || (\'assign_class_teacher\', \'can_view\') || (\'promote_student\', \'can_view\') || (\'subject_group\', \'can_view\') || (\'section\', \'can_view\') || (\'subject\', \'can_view\') || (\'class\', \'can_view\') || (\'section\', \'can_view\')', 1, '2023-01-10 18:19:37');
INSERT INTO `sidebar_menus` (`id`, `permission_group_id`, `icon`, `menu`, `activate_menu`, `lang_key`, `system_level`, `level`, `sidebar_display`, `access_permissions`, `is_active`, `created_at`) VALUES (15, 18, 'fa fa-sitemap ftlayer', 'Human Resource', 'human_resource', 'human_resource', 110, 17, 1, '(\'staff\', \'can_view\') || (\'approve_leave_request\', \'can_view\') || (\'apply_leave\', \'can_view\') || (\'leave_types\', \'can_view\') || (\'teachers_rating\', \'can_view\') || (\'department\', \'can_view\') || (\'designation\', \'can_view\') || (\'disable_staff\', \'can_view\')', 1, '2023-01-10 18:19:37');
INSERT INTO `sidebar_menus` (`id`, `permission_group_id`, `icon`, `menu`, `activate_menu`, `lang_key`, `system_level`, `level`, `sidebar_display`, `access_permissions`, `is_active`, `created_at`) VALUES (16, 13, 'fa fa-bullhorn ftlayer', 'Communicate', 'communicate', 'communicate', 120, 18, 1, '(\'notice_board\', \'can_view\') || (\'email\', \'can_view\') || (\'sms\', \'can_view\') || (\'email_sms_log\', \'can_view\')', 1, '2023-01-10 18:19:37');
INSERT INTO `sidebar_menus` (`id`, `permission_group_id`, `icon`, `menu`, `activate_menu`, `lang_key`, `system_level`, `level`, `sidebar_display`, `access_permissions`, `is_active`, `created_at`) VALUES (17, 8, 'fa fa-download ftlayer', 'Download Center', 'download_center', 'download_center', 130, 19, 1, '(\'upload_content\', \'can_view\') || (\'video_tutorial\', \'can_view\') || (\'content_type\', \'can_view\') || (\'content_share_list\', \'can_view\')', 1, '2023-01-10 18:19:37');
INSERT INTO `sidebar_menus` (`id`, `permission_group_id`, `icon`, `menu`, `activate_menu`, `lang_key`, `system_level`, `level`, `sidebar_display`, `access_permissions`, `is_active`, `created_at`) VALUES (18, 19, 'fa fa-flask ftlayer', 'Homework', 'homework', 'homework', 140, 20, 1, '(\'homework\', \'can_view\') || (\'homework\', \'can_view\')', 1, '2023-01-10 18:19:37');
INSERT INTO `sidebar_menus` (`id`, `permission_group_id`, `icon`, `menu`, `activate_menu`, `lang_key`, `system_level`, `level`, `sidebar_display`, `access_permissions`, `is_active`, `created_at`) VALUES (19, 9, 'fa fa-book ftlayer', 'Library', 'library', 'library', 150, 21, 1, '(\'books\', \'can_view\') || (\'issue_return\', \'can_view\') || (\'add_staff_member\', \'can_view\') || (\'add_student\', \'can_view\')', 1, '2023-01-10 18:19:37');
INSERT INTO `sidebar_menus` (`id`, `permission_group_id`, `icon`, `menu`, `activate_menu`, `lang_key`, `system_level`, `level`, `sidebar_display`, `access_permissions`, `is_active`, `created_at`) VALUES (20, 10, 'fa fa-object-group ftlayer', 'Inventory', 'inventory', 'inventory', 160, 22, 1, '(\'issue_item\', \'can_view\') || (\'item_stock\', \'can_view\') || (\'item\', \'can_view\') || (\'item_category\', \'can_view\') || (\'item_category\', \'can_view\') || (\'store\', \'can_view\') || (\'supplier\', \'can_view\')', 1, '2023-01-10 18:19:37');
INSERT INTO `sidebar_menus` (`id`, `permission_group_id`, `icon`, `menu`, `activate_menu`, `lang_key`, `system_level`, `level`, `sidebar_display`, `access_permissions`, `is_active`, `created_at`) VALUES (21, 11, 'fa fa-bus ftlayer', 'Transport', 'transport', 'transport', 170, 23, 1, '(\'routes\', \'can_view\') || (\'vehicle\', \'can_view\') || (\'assign_vehicle\', \'can_view\') || (\'transport_fees_master\', \'can_view\') || (\'pickup_point\', \'can_view\') || (\'route_pickup_point\', \'can_view\') || (\'student_transport_fees\', \'can_view\')      ', 1, '2023-01-10 18:19:37');
INSERT INTO `sidebar_menus` (`id`, `permission_group_id`, `icon`, `menu`, `activate_menu`, `lang_key`, `system_level`, `level`, `sidebar_display`, `access_permissions`, `is_active`, `created_at`) VALUES (22, 12, 'fa fa-building-o ftlayer', 'Hostel', 'hostel', 'hostel', 180, 24, 1, '(\'hostel_rooms\', \'can_view\') || (\'room_type\', \'can_view\') || (\'hostel\', \'can_view\')', 1, '2023-01-10 18:19:37');
INSERT INTO `sidebar_menus` (`id`, `permission_group_id`, `icon`, `menu`, `activate_menu`, `lang_key`, `system_level`, `level`, `sidebar_display`, `access_permissions`, `is_active`, `created_at`) VALUES (23, 20, 'fa fa-newspaper-o ftlayer', 'Certificate', 'certificate', 'certificate', 190, 25, 1, '(\'student_certificate\', \'can_view\') || (\'generate_certificate\', \'can_view\') || (\'student_id_card\', \'can_view\') || (\'generate_id_card\', \'can_view\') || (\'staff_id_card\', \'can_view\') || (\'generate_staff_id_card\', \'can_view\')', 1, '2023-01-10 18:19:37');
INSERT INTO `sidebar_menus` (`id`, `permission_group_id`, `icon`, `menu`, `activate_menu`, `lang_key`, `system_level`, `level`, `sidebar_display`, `access_permissions`, `is_active`, `created_at`) VALUES (24, 16, 'fa fa-empire ftlayer', 'Front CMS', 'front_cms', 'front_cms', 200, 26, 1, '(\'event\', \'can_view\') || (\'gallery\', \'can_view\') || (\'notice\', \'can_view\') || (\'media_manager\', \'can_view\') || (\'pages\', \'can_view\') || (\'menus\', \'can_view\') || (\'banner_images\', \'can_view\')', 1, '2023-01-10 18:19:37');
INSERT INTO `sidebar_menus` (`id`, `permission_group_id`, `icon`, `menu`, `activate_menu`, `lang_key`, `system_level`, `level`, `sidebar_display`, `access_permissions`, `is_active`, `created_at`) VALUES (25, 28, 'fa fa-universal-access ftlayer', 'Alumni', 'alumni', 'alumni', 210, 27, 1, '(\'manage_alumni\', \'can_view\') || (\'events\', \'can_view\')', 1, '2023-01-10 18:19:37');
INSERT INTO `sidebar_menus` (`id`, `permission_group_id`, `icon`, `menu`, `activate_menu`, `lang_key`, `system_level`, `level`, `sidebar_display`, `access_permissions`, `is_active`, `created_at`) VALUES (26, 14, 'fa fa-line-chart ftlayer', 'Reports', 'reports', 'reports', 220, 28, 1, '(\'student_report\', \'can_view\') || (\'guardian_report\', \'can_view\') || (\'student_history\', \'can_view\') || (\'student_login_credential_report\', \'can_view\') || (\'class_subject_report\', \'can_view\') || (\'admission_report\', \'can_view\') || (\'sibling_report\', \'can_view\') || (\'evaluation_report\', \'can_view\') || (\'student_profile\', \'can_view\') || (\'fees_statement\', \'can_view\') || (\'balance_fees_report\', \'can_view\') || (\'fees_collection_report\', \'can_view\') || (\'online_fees_collection_report\', \'can_view\') || (\'income_report\', \'can_view\') || (\'expense_report\', \'can_view\') || (\'payroll_report\', \'can_view\') || (\'income_group_report\', \'can_view\') || (\'expense_group_report\', \'can_view\') || (\'attendance_report\', \'can_view\') || (\'staff_attendance_report\', \'can_view\') || (\'exam_marks_report\', \'can_view\') ||        (\'online_exam_wise_report\', \'can_view\') || (\'online_exams_report\', \'can_view\') || (\'online_exams_attempt_report\', \'can_view\') || (\'online_exams_rank_report\', \'can_view\') || (\'payroll_report\', \'can_view\') || (\'transport_report\', \'can_view\') || (\'hostel_report\', \'can_view\') || (\'audit_trail_report\', \'can_view\') || (\'user_log\', \'can_view\') || (\'book_issue_report\', \'can_view\') || (\'book_due_report\', \'can_view\') || (\'book_inventory_report\', \'can_view\') || (\'stock_report\', \'can_view\') ||      (\'add_item_report\', \'can_view\') || (\'issue_inventory_report\', \'can_view\') || (\'syllabus_status_report\', \'can_view\') ||    (\'teacher_syllabus_status_report\', \'can_view\') || (\'daily_collection_report\', \'can_view\') || (\'balance_fees_statement\', \'can_view\') || (\'balance_fees_report_with_remark\', \'can_view\')', 1, '2023-01-10 18:19:37');
INSERT INTO `sidebar_menus` (`id`, `permission_group_id`, `icon`, `menu`, `activate_menu`, `lang_key`, `system_level`, `level`, `sidebar_display`, `access_permissions`, `is_active`, `created_at`) VALUES (27, 15, 'fa fa-gears ftlayer', 'System Settings', 'system_settings', 'system_setting', 230, 29, 1, '(\'general_setting\', \'can_view\') || (\'session_setting\', \'can_view\') || (\'notification_setting\', \'can_view\') || (\'sms_setting\', \'can_view\') || (\'email_setting\', \'can_view\') || (\'payment_methods\', \'can_view\') || (\'languages\', \'can_view\') || (\'user_status\', \'can_view\') || (\'backup_restore\', \'can_view\') || (\'print_header_footer\', \'can_view\') || (\'backup\', \'can_view\') || (\'front_cms_setting\', \'can_view\') || (\'custom_fields\', \'can_view\') || (\'system_fields\', \'can_view\') || (\'student_profile_update\', \'can_view\') || (\'currency\', \'can_view\') || (\'language_switcher\', \'can_view\') || (\'sidebar_menu\', \'can_view\') || (\'online_admission\', \'can_view\')\r\n', 1, '2023-01-10 18:19:37');
INSERT INTO `sidebar_menus` (`id`, `permission_group_id`, `icon`, `menu`, `activate_menu`, `lang_key`, `system_level`, `level`, `sidebar_display`, `access_permissions`, `is_active`, `created_at`) VALUES (33, 1000, 'fa fa-sitemap ftlayer', 'Multi Branch', 'multi_branch', 'multi_branch', 0, 4, 1, '(\'multi_branch_overview\', \'can_view\') || (\'multi_branch_daily_collection_report\', \'can_view\') || (\'multi_branch_payroll\', \'can_view\') || (\'multi_branch_income_report\', \'can_view\') || (\'multi_branch_expense_report\', \'can_view\') || (\'multi_branch_user_log_report\', \'can_view\') || (\'multi_branch_setting\', \'can_view\')', 1, '2023-01-10 12:49:51');
INSERT INTO `sidebar_menus` (`id`, `permission_group_id`, `icon`, `menu`, `activate_menu`, `lang_key`, `system_level`, `level`, `sidebar_display`, `access_permissions`, `is_active`, `created_at`) VALUES (35, 1010, 'fa fa-check-circle ftlayer', 'Fee Discount', 'fee_dis_appr', 'fee_dis_appr', 0, 4, 1, '(\'fee_dis_appr_approval\', \'can_view\')', 1, '2023-01-10 12:49:51');


#
# TABLE STRUCTURE FOR: sidebar_sub_menus
#

DROP TABLE IF EXISTS `sidebar_sub_menus`;

CREATE TABLE `sidebar_sub_menus` (
  `id` int(11) NOT NULL AUTO_INCREMENT,
  `sidebar_menu_id` int(10) DEFAULT NULL,
  `menu` varchar(500) DEFAULT NULL,
  `key` varchar(500) DEFAULT NULL,
  `lang_key` varchar(250) DEFAULT NULL,
  `url` text,
  `level` int(5) DEFAULT NULL,
  `access_permissions` varchar(500) DEFAULT NULL,
  `permission_group_id` int(11) DEFAULT NULL,
  `activate_controller` varchar(100) DEFAULT NULL COMMENT 'income',
  `activate_methods` varchar(500) DEFAULT NULL COMMENT 'index,edit',
  `addon_permission` varchar(100) DEFAULT NULL,
  `is_active` int(1) DEFAULT '1',
  `created_at` timestamp NOT NULL DEFAULT CURRENT_TIMESTAMP ON UPDATE CURRENT_TIMESTAMP,
  PRIMARY KEY (`id`),
  KEY `sidebar_menu_id` (`sidebar_menu_id`),
  KEY `permission_group_id` (`permission_group_id`),
  CONSTRAINT `sidebar_sub_menus_ibfk_1` FOREIGN KEY (`sidebar_menu_id`) REFERENCES `sidebar_menus` (`id`) ON DELETE CASCADE,
  CONSTRAINT `sidebar_sub_menus_ibfk_2` FOREIGN KEY (`permission_group_id`) REFERENCES `permission_group` (`id`) ON DELETE SET NULL
) ENGINE=InnoDB AUTO_INCREMENT=301 DEFAULT CHARSET=utf8;

INSERT INTO `sidebar_sub_menus` (`id`, `sidebar_menu_id`, `menu`, `key`, `lang_key`, `url`, `level`, `access_permissions`, `permission_group_id`, `activate_controller`, `activate_methods`, `addon_permission`, `is_active`, `created_at`) VALUES (1, 1, 'admission_enquiry', NULL, 'admission_enquiry', 'admin/enquiry', 1, '(\'admission_enquiry\', \'can_view\')', NULL, 'enquiry', 'index', NULL, 1, '2022-07-11 17:34:46');
INSERT INTO `sidebar_sub_menus` (`id`, `sidebar_menu_id`, `menu`, `key`, `lang_key`, `url`, `level`, `access_permissions`, `permission_group_id`, `activate_controller`, `activate_methods`, `addon_permission`, `is_active`, `created_at`) VALUES (2, 1, 'visitor_book', NULL, 'visitor_book', 'admin/visitors', 2, '(\'visitor_book\', \'can_view\')', NULL, 'visitors', 'index', NULL, 1, '2022-07-11 17:34:46');
INSERT INTO `sidebar_sub_menus` (`id`, `sidebar_menu_id`, `menu`, `key`, `lang_key`, `url`, `level`, `access_permissions`, `permission_group_id`, `activate_controller`, `activate_methods`, `addon_permission`, `is_active`, `created_at`) VALUES (3, 1, 'phone_call_log', NULL, 'phone_call_log', 'admin/generalcall', 3, '(\'phone_call_log\', \'can_view\')', NULL, 'generalcall', 'index,edit', NULL, 1, '2022-05-10 17:10:07');
INSERT INTO `sidebar_sub_menus` (`id`, `sidebar_menu_id`, `menu`, `key`, `lang_key`, `url`, `level`, `access_permissions`, `permission_group_id`, `activate_controller`, `activate_methods`, `addon_permission`, `is_active`, `created_at`) VALUES (4, 1, 'postal_dispatch', NULL, 'postal_dispatch', 'admin/dispatch', 4, '(\'postal_dispatch\', \'can_view\')', NULL, 'dispatch', 'index,editdispatch', NULL, 1, '2022-05-10 17:10:09');
INSERT INTO `sidebar_sub_menus` (`id`, `sidebar_menu_id`, `menu`, `key`, `lang_key`, `url`, `level`, `access_permissions`, `permission_group_id`, `activate_controller`, `activate_methods`, `addon_permission`, `is_active`, `created_at`) VALUES (5, 1, 'postal_receive', NULL, 'postal_receive', 'admin/receive', 5, '(\'postal_receive\', \'can_view\')', NULL, 'receive', 'index,editreceive', NULL, 1, '2022-05-10 17:10:09');
INSERT INTO `sidebar_sub_menus` (`id`, `sidebar_menu_id`, `menu`, `key`, `lang_key`, `url`, `level`, `access_permissions`, `permission_group_id`, `activate_controller`, `activate_methods`, `addon_permission`, `is_active`, `created_at`) VALUES (6, 1, 'complain', NULL, 'complain', 'admin/complaint', 6, '(\'complaint\', \'can_view\')', NULL, 'complaint', 'index,edit', NULL, 1, '2022-05-10 17:10:00');
INSERT INTO `sidebar_sub_menus` (`id`, `sidebar_menu_id`, `menu`, `key`, `lang_key`, `url`, `level`, `access_permissions`, `permission_group_id`, `activate_controller`, `activate_methods`, `addon_permission`, `is_active`, `created_at`) VALUES (7, 1, 'setup_front_office', NULL, 'setup_front_office', 'admin/visitorspurpose', 7, '(\'setup_font_office\', \'can_view\')', NULL, 'visitorspurpose', 'index,edit', NULL, 1, '2022-04-18 21:13:15');
INSERT INTO `sidebar_sub_menus` (`id`, `sidebar_menu_id`, `menu`, `key`, `lang_key`, `url`, `level`, `access_permissions`, `permission_group_id`, `activate_controller`, `activate_methods`, `addon_permission`, `is_active`, `created_at`) VALUES (9, 2, 'student_admission', NULL, 'student_admission', 'student/create', 2, '(\'student\', \'can_add\')', NULL, 'student', 'create,import', NULL, 1, '2022-08-30 13:21:02');
INSERT INTO `sidebar_sub_menus` (`id`, `sidebar_menu_id`, `menu`, `key`, `lang_key`, `url`, `level`, `access_permissions`, `permission_group_id`, `activate_controller`, `activate_methods`, `addon_permission`, `is_active`, `created_at`) VALUES (10, 2, 'online_admission', NULL, 'online_admission', 'admin/onlinestudent', 3, '(\'online_admission\', \'can_view\')', 27, 'onlinestudent', 'index,edit', NULL, 1, '2022-05-10 17:10:30');
INSERT INTO `sidebar_sub_menus` (`id`, `sidebar_menu_id`, `menu`, `key`, `lang_key`, `url`, `level`, `access_permissions`, `permission_group_id`, `activate_controller`, `activate_methods`, `addon_permission`, `is_active`, `created_at`) VALUES (11, 2, 'disable_student', NULL, 'disabled_students', 'student/disablestudentslist', 4, '(\'disable_student\', \'can_view\')', NULL, 'student', 'disablestudentslist', '', 1, '2022-07-23 12:19:00');
INSERT INTO `sidebar_sub_menus` (`id`, `sidebar_menu_id`, `menu`, `key`, `lang_key`, `url`, `level`, `access_permissions`, `permission_group_id`, `activate_controller`, `activate_methods`, `addon_permission`, `is_active`, `created_at`) VALUES (12, 3, 'collect_fees', NULL, 'collect_fees', 'studentfee', 1, '(\'collect_fees\', \'can_view\')', NULL, 'studentfee', 'index,addfee', NULL, 1, '2022-07-23 12:23:34');
INSERT INTO `sidebar_sub_menus` (`id`, `sidebar_menu_id`, `menu`, `key`, `lang_key`, `url`, `level`, `access_permissions`, `permission_group_id`, `activate_controller`, `activate_methods`, `addon_permission`, `is_active`, `created_at`) VALUES (13, 3, 'search_fees_payment', NULL, 'search_fees_payment', 'studentfee/searchpayment', 3, '(\'search_fees_payment\', \'can_view\')', NULL, 'studentfee', 'searchpayment', NULL, 1, '2022-08-08 11:33:40');
INSERT INTO `sidebar_sub_menus` (`id`, `sidebar_menu_id`, `menu`, `key`, `lang_key`, `url`, `level`, `access_permissions`, `permission_group_id`, `activate_controller`, `activate_methods`, `addon_permission`, `is_active`, `created_at`) VALUES (14, 3, 'search_due_fees', NULL, 'search_due_fees', 'studentfee/feesearch', 4, '(\'search_due_fees\', \'can_view\')', NULL, 'studentfee', 'feesearch', NULL, 1, '2022-08-08 11:33:38');
INSERT INTO `sidebar_sub_menus` (`id`, `sidebar_menu_id`, `menu`, `key`, `lang_key`, `url`, `level`, `access_permissions`, `permission_group_id`, `activate_controller`, `activate_methods`, `addon_permission`, `is_active`, `created_at`) VALUES (15, 3, 'fees_master', NULL, 'fees_master', 'admin/feemaster', 5, '(\'fees_master\', \'can_view\')', NULL, 'feemaster', 'index,assign,edit', NULL, 1, '2022-09-24 13:05:55');
INSERT INTO `sidebar_sub_menus` (`id`, `sidebar_menu_id`, `menu`, `key`, `lang_key`, `url`, `level`, `access_permissions`, `permission_group_id`, `activate_controller`, `activate_methods`, `addon_permission`, `is_active`, `created_at`) VALUES (16, 3, 'fees_group', NULL, 'fees_group', 'admin/feegroup', 6, '(\'fees_group\', \'can_view\')', NULL, 'feegroup', 'index,edit', NULL, 1, '2022-08-08 11:33:32');
INSERT INTO `sidebar_sub_menus` (`id`, `sidebar_menu_id`, `menu`, `key`, `lang_key`, `url`, `level`, `access_permissions`, `permission_group_id`, `activate_controller`, `activate_methods`, `addon_permission`, `is_active`, `created_at`) VALUES (17, 4, 'add_income', NULL, 'add_income', 'admin/income', 1, '(\'income\', \'can_view\')', NULL, 'income', 'index,edit', NULL, 1, '2022-07-23 12:33:40');
INSERT INTO `sidebar_sub_menus` (`id`, `sidebar_menu_id`, `menu`, `key`, `lang_key`, `url`, `level`, `access_permissions`, `permission_group_id`, `activate_controller`, `activate_methods`, `addon_permission`, `is_active`, `created_at`) VALUES (18, 4, 'search_income', NULL, 'search_income', 'admin/income/incomesearch', 2, '(\'search_income\', \'can_view\')', NULL, 'income', 'incomesearch', NULL, 1, '2022-07-23 12:40:13');
INSERT INTO `sidebar_sub_menus` (`id`, `sidebar_menu_id`, `menu`, `key`, `lang_key`, `url`, `level`, `access_permissions`, `permission_group_id`, `activate_controller`, `activate_methods`, `addon_permission`, `is_active`, `created_at`) VALUES (19, 4, 'income_head', NULL, 'income_head', 'admin/incomehead', 3, '(\'income_head\', \'can_view\')', NULL, 'incomehead', 'index,edit', NULL, 1, '2022-07-23 12:41:11');
INSERT INTO `sidebar_sub_menus` (`id`, `sidebar_menu_id`, `menu`, `key`, `lang_key`, `url`, `level`, `access_permissions`, `permission_group_id`, `activate_controller`, `activate_methods`, `addon_permission`, `is_active`, `created_at`) VALUES (20, 2, 'student_details', NULL, 'student_details', 'student/search', 1, '(\'student\', \'can_view\')', NULL, 'student', 'search,view,edit', NULL, 1, '2022-08-30 13:21:05');
INSERT INTO `sidebar_sub_menus` (`id`, `sidebar_menu_id`, `menu`, `key`, `lang_key`, `url`, `level`, `access_permissions`, `permission_group_id`, `activate_controller`, `activate_methods`, `addon_permission`, `is_active`, `created_at`) VALUES (21, 2, 'multi_class_student', NULL, 'multi_class_student', 'student/multiclass', 5, '(\'multi_class_student\', \'can_view\')', 26, 'student', 'multiclass', NULL, 1, '2022-07-23 12:18:37');
INSERT INTO `sidebar_sub_menus` (`id`, `sidebar_menu_id`, `menu`, `key`, `lang_key`, `url`, `level`, `access_permissions`, `permission_group_id`, `activate_controller`, `activate_methods`, `addon_permission`, `is_active`, `created_at`) VALUES (22, 2, 'bulk_delete', NULL, 'bulk_delete', 'student/bulkdelete', 6, '(\'student\', \'can_delete\')', NULL, 'student', 'bulkdelete', NULL, 1, '2022-07-23 12:18:11');
INSERT INTO `sidebar_sub_menus` (`id`, `sidebar_menu_id`, `menu`, `key`, `lang_key`, `url`, `level`, `access_permissions`, `permission_group_id`, `activate_controller`, `activate_methods`, `addon_permission`, `is_active`, `created_at`) VALUES (23, 2, 'student_categories', NULL, 'student_categories', 'category', 7, '(\'student_categories\', \'can_view\')', NULL, 'category', 'index,edit', NULL, 1, '2022-07-23 12:17:24');
INSERT INTO `sidebar_sub_menus` (`id`, `sidebar_menu_id`, `menu`, `key`, `lang_key`, `url`, `level`, `access_permissions`, `permission_group_id`, `activate_controller`, `activate_methods`, `addon_permission`, `is_active`, `created_at`) VALUES (24, 2, 'student_house', NULL, 'student_house', 'admin/schoolhouse', 8, '(\'student_houses\', \'can_view\')', NULL, 'schoolhouse', 'index,edit', NULL, 1, '2022-07-23 12:19:59');
INSERT INTO `sidebar_sub_menus` (`id`, `sidebar_menu_id`, `menu`, `key`, `lang_key`, `url`, `level`, `access_permissions`, `permission_group_id`, `activate_controller`, `activate_methods`, `addon_permission`, `is_active`, `created_at`) VALUES (25, 2, 'disable_reason', NULL, 'disable_reason', 'admin/disable_reason', 9, '(\'disable_reason\', \'can_view\')', NULL, 'disable_reason', 'index,edit', NULL, 1, '2022-07-23 12:20:41');
INSERT INTO `sidebar_sub_menus` (`id`, `sidebar_menu_id`, `menu`, `key`, `lang_key`, `url`, `level`, `access_permissions`, `permission_group_id`, `activate_controller`, `activate_methods`, `addon_permission`, `is_active`, `created_at`) VALUES (29, 7, 'add_expense', NULL, 'add_expense', 'admin/expense', 1, '(\'expense\', \'can_view\')', NULL, 'expense', 'index,edit', '', 1, '2022-07-23 12:42:25');
INSERT INTO `sidebar_sub_menus` (`id`, `sidebar_menu_id`, `menu`, `key`, `lang_key`, `url`, `level`, `access_permissions`, `permission_group_id`, `activate_controller`, `activate_methods`, `addon_permission`, `is_active`, `created_at`) VALUES (32, 3, 'fees_type', NULL, 'fees_type', 'admin/feetype', 7, '(\'fees_type\', \'can_view\')', NULL, 'feetype', 'index,edit', '', 1, '2022-08-08 11:33:29');
INSERT INTO `sidebar_sub_menus` (`id`, `sidebar_menu_id`, `menu`, `key`, `lang_key`, `url`, `level`, `access_permissions`, `permission_group_id`, `activate_controller`, `activate_methods`, `addon_permission`, `is_active`, `created_at`) VALUES (33, 10, 'attendance_by_date', 'attendance_by_date', 'attendance_by_date', 'admin/stuattendence/attendencereport', 3, '(\'attendance_by_date\', \'can_view\')', NULL, 'stuattendence', 'attendencereport', '', 1, '2022-10-20 11:20:25');
INSERT INTO `sidebar_sub_menus` (`id`, `sidebar_menu_id`, `menu`, `key`, `lang_key`, `url`, `level`, `access_permissions`, `permission_group_id`, `activate_controller`, `activate_methods`, `addon_permission`, `is_active`, `created_at`) VALUES (34, 10, 'student_attendance', 'student_attendance', 'student_attendance', 'admin/stuattendence', 1, '(\'student_attendance\', \'can_view\')', NULL, 'stuattendence', 'index', '', 1, '2022-10-20 11:20:25');
INSERT INTO `sidebar_sub_menus` (`id`, `sidebar_menu_id`, `menu`, `key`, `lang_key`, `url`, `level`, `access_permissions`, `permission_group_id`, `activate_controller`, `activate_methods`, `addon_permission`, `is_active`, `created_at`) VALUES (35, 10, 'approve_leave', 'approve_leave', 'approve_leave', 'admin/approve_leave', 2, '(\'approve_leave\', \'can_view\')', NULL, 'approve_leave', 'index', '', 1, '2022-10-14 21:46:44');
INSERT INTO `sidebar_sub_menus` (`id`, `sidebar_menu_id`, `menu`, `key`, `lang_key`, `url`, `level`, `access_permissions`, `permission_group_id`, `activate_controller`, `activate_methods`, `addon_permission`, `is_active`, `created_at`) VALUES (36, 11, 'exam_group', NULL, 'exam_group', 'admin/examgroup', 1, '(\'exam_group\', \'can_view\')', NULL, 'examgroup', 'index,addexam,edit', '', 1, '2022-07-23 12:53:01');
INSERT INTO `sidebar_sub_menus` (`id`, `sidebar_menu_id`, `menu`, `key`, `lang_key`, `url`, `level`, `access_permissions`, `permission_group_id`, `activate_controller`, `activate_methods`, `addon_permission`, `is_active`, `created_at`) VALUES (37, 11, 'exam_schedule', NULL, 'exam_schedule', 'admin/exam_schedule', 2, '(\'student_attendance\', \'can_view\')', NULL, 'exam_schedule', 'index', '', 1, '2022-05-16 12:31:34');
INSERT INTO `sidebar_sub_menus` (`id`, `sidebar_menu_id`, `menu`, `key`, `lang_key`, `url`, `level`, `access_permissions`, `permission_group_id`, `activate_controller`, `activate_methods`, `addon_permission`, `is_active`, `created_at`) VALUES (38, 11, 'exam_result', NULL, 'exam_result', 'admin/examresult', 3, '(\'exam_result\', \'can_view\')', NULL, 'examresult', 'index', '', 1, '2022-05-16 12:31:34');
INSERT INTO `sidebar_sub_menus` (`id`, `sidebar_menu_id`, `menu`, `key`, `lang_key`, `url`, `level`, `access_permissions`, `permission_group_id`, `activate_controller`, `activate_methods`, `addon_permission`, `is_active`, `created_at`) VALUES (39, 11, 'design_admit_card', NULL, 'design_admit_card', 'admin/admitcard', 4, '(\'design_admit_card\', \'can_view\')', NULL, 'admitcard', 'index,edit', '', 1, '2022-07-23 12:58:02');
INSERT INTO `sidebar_sub_menus` (`id`, `sidebar_menu_id`, `menu`, `key`, `lang_key`, `url`, `level`, `access_permissions`, `permission_group_id`, `activate_controller`, `activate_methods`, `addon_permission`, `is_active`, `created_at`) VALUES (40, 11, 'print_admit_card', NULL, 'print_admit_card', 'admin/examresult/admitcard', 5, '(\'print_admit_card\', \'can_view\')', NULL, 'examresult', 'admitcard', '', 1, '2022-05-16 12:31:34');
INSERT INTO `sidebar_sub_menus` (`id`, `sidebar_menu_id`, `menu`, `key`, `lang_key`, `url`, `level`, `access_permissions`, `permission_group_id`, `activate_controller`, `activate_methods`, `addon_permission`, `is_active`, `created_at`) VALUES (41, 11, 'design_marksheet', NULL, 'design_marksheet', 'admin/marksheet', 6, '(\'design_marksheet\', \'can_view\')', NULL, 'marksheet', 'index,edit', '', 1, '2022-07-23 13:05:35');
INSERT INTO `sidebar_sub_menus` (`id`, `sidebar_menu_id`, `menu`, `key`, `lang_key`, `url`, `level`, `access_permissions`, `permission_group_id`, `activate_controller`, `activate_methods`, `addon_permission`, `is_active`, `created_at`) VALUES (42, 11, 'print_marksheet', NULL, 'print_marksheet', 'admin/examresult/marksheet', 7, '(\'print_marksheet\', \'can_view\')', NULL, 'examresult', 'marksheet', '', 1, '2022-05-16 12:31:38');
INSERT INTO `sidebar_sub_menus` (`id`, `sidebar_menu_id`, `menu`, `key`, `lang_key`, `url`, `level`, `access_permissions`, `permission_group_id`, `activate_controller`, `activate_methods`, `addon_permission`, `is_active`, `created_at`) VALUES (43, 11, 'marks_grade', NULL, 'marks_grade', 'admin/grade', 8, '(\'marks_grade\', \'can_view\')', NULL, 'grade', 'index,edit', '', 1, '2022-07-23 13:07:15');
INSERT INTO `sidebar_sub_menus` (`id`, `sidebar_menu_id`, `menu`, `key`, `lang_key`, `url`, `level`, `access_permissions`, `permission_group_id`, `activate_controller`, `activate_methods`, `addon_permission`, `is_active`, `created_at`) VALUES (44, 11, 'marks_division', NULL, 'marks_division', 'admin/marksdivision', 9, '(\'marks_division\', \'can_view\')', NULL, 'marksdivision', 'index,edit', '', 1, '2022-08-25 11:34:26');
INSERT INTO `sidebar_sub_menus` (`id`, `sidebar_menu_id`, `menu`, `key`, `lang_key`, `url`, `level`, `access_permissions`, `permission_group_id`, `activate_controller`, `activate_methods`, `addon_permission`, `is_active`, `created_at`) VALUES (45, 12, 'online_exam', NULL, 'online_exam', 'admin/onlineexam', 1, '(\'online_examination\', \'can_view\')', NULL, 'onlineexam', 'index,evalution,assign', '', 1, '2022-08-30 18:33:45');
INSERT INTO `sidebar_sub_menus` (`id`, `sidebar_menu_id`, `menu`, `key`, `lang_key`, `url`, `level`, `access_permissions`, `permission_group_id`, `activate_controller`, `activate_methods`, `addon_permission`, `is_active`, `created_at`) VALUES (46, 12, 'question_bank', NULL, 'question_bank', 'admin/question', 1, '(\'question_bank\', \'can_view\')', NULL, 'question', 'index,read', '', 1, '2022-08-30 16:33:13');
INSERT INTO `sidebar_sub_menus` (`id`, `sidebar_menu_id`, `menu`, `key`, `lang_key`, `url`, `level`, `access_permissions`, `permission_group_id`, `activate_controller`, `activate_methods`, `addon_permission`, `is_active`, `created_at`) VALUES (47, 13, 'manage_lesson_plan', NULL, 'manage_lesson_plan', 'admin/syllabus', 2, '(\'manage_lesson_plan\', \'can_view\')', NULL, 'syllabus', 'index', '', 1, '2022-09-03 22:29:31');
INSERT INTO `sidebar_sub_menus` (`id`, `sidebar_menu_id`, `menu`, `key`, `lang_key`, `url`, `level`, `access_permissions`, `permission_group_id`, `activate_controller`, `activate_methods`, `addon_permission`, `is_active`, `created_at`) VALUES (48, 13, 'manage_syllabus_status', NULL, 'manage_syllabus_status', 'admin/syllabus/status', 3, '(\'manage_syllabus_status\', \'can_view\')', NULL, 'syllabus', 'status', '', 1, '2022-09-03 22:29:35');
INSERT INTO `sidebar_sub_menus` (`id`, `sidebar_menu_id`, `menu`, `key`, `lang_key`, `url`, `level`, `access_permissions`, `permission_group_id`, `activate_controller`, `activate_methods`, `addon_permission`, `is_active`, `created_at`) VALUES (49, 13, 'lesson', NULL, 'lesson', 'admin/lessonplan/lesson', 4, '(\'lesson\', \'can_view\')', NULL, 'lessonplan', 'lesson,editlesson', '', 1, '2022-09-15 17:00:55');
INSERT INTO `sidebar_sub_menus` (`id`, `sidebar_menu_id`, `menu`, `key`, `lang_key`, `url`, `level`, `access_permissions`, `permission_group_id`, `activate_controller`, `activate_methods`, `addon_permission`, `is_active`, `created_at`) VALUES (50, 13, 'topic', NULL, 'topic', 'admin/lessonplan/topic', 5, '(\'topic\', \'can_view\')', NULL, 'lessonplan', 'topic,edittopic', '', 1, '2022-09-15 17:00:24');
INSERT INTO `sidebar_sub_menus` (`id`, `sidebar_menu_id`, `menu`, `key`, `lang_key`, `url`, `level`, `access_permissions`, `permission_group_id`, `activate_controller`, `activate_methods`, `addon_permission`, `is_active`, `created_at`) VALUES (51, 14, 'class_timetable', NULL, 'class_timetable', 'admin/timetable/classreport', 1, '(\'class_timetable\', \'can_view\')', NULL, 'timetable', 'classreport,create', '', 1, '2022-07-23 14:31:22');
INSERT INTO `sidebar_sub_menus` (`id`, `sidebar_menu_id`, `menu`, `key`, `lang_key`, `url`, `level`, `access_permissions`, `permission_group_id`, `activate_controller`, `activate_methods`, `addon_permission`, `is_active`, `created_at`) VALUES (52, 14, 'teachers_timetable', NULL, 'teachers_timetable', 'admin/timetable/mytimetable', 2, '(\'teachers_time_table\', \'can_view\')', NULL, 'timetable', 'mytimetable', '', 1, '2022-07-20 17:52:59');
INSERT INTO `sidebar_sub_menus` (`id`, `sidebar_menu_id`, `menu`, `key`, `lang_key`, `url`, `level`, `access_permissions`, `permission_group_id`, `activate_controller`, `activate_methods`, `addon_permission`, `is_active`, `created_at`) VALUES (53, 14, 'assign_class_teacher', NULL, 'assign_class_teacher', 'admin/teacher/assign_class_teacher', 3, '(\'assign_class_teacher\', \'can_view\')', NULL, 'teacher', 'assign_class_teacher,update_class_teacher', '', 1, '2022-07-23 14:30:19');
INSERT INTO `sidebar_sub_menus` (`id`, `sidebar_menu_id`, `menu`, `key`, `lang_key`, `url`, `level`, `access_permissions`, `permission_group_id`, `activate_controller`, `activate_methods`, `addon_permission`, `is_active`, `created_at`) VALUES (54, 14, 'promote_students', NULL, 'promote_students', 'admin/stdtransfer', 4, '(\'promote_student\', \'can_view\')', NULL, 'stdtransfer', 'index', '', 1, '2022-07-20 17:52:54');
INSERT INTO `sidebar_sub_menus` (`id`, `sidebar_menu_id`, `menu`, `key`, `lang_key`, `url`, `level`, `access_permissions`, `permission_group_id`, `activate_controller`, `activate_methods`, `addon_permission`, `is_active`, `created_at`) VALUES (55, 14, 'subject_group', NULL, 'subject_group', 'admin/subjectgroup', 5, '(\'subject_group\', \'can_view\')', NULL, 'subjectgroup', 'index,edit', '', 1, '2022-07-23 14:29:42');
INSERT INTO `sidebar_sub_menus` (`id`, `sidebar_menu_id`, `menu`, `key`, `lang_key`, `url`, `level`, `access_permissions`, `permission_group_id`, `activate_controller`, `activate_methods`, `addon_permission`, `is_active`, `created_at`) VALUES (56, 14, 'subjects', NULL, 'subjects', 'admin/subject', 6, '(\'subject\', \'can_view\')', NULL, 'subject', 'index,edit', '', 1, '2022-07-23 14:29:20');
INSERT INTO `sidebar_sub_menus` (`id`, `sidebar_menu_id`, `menu`, `key`, `lang_key`, `url`, `level`, `access_permissions`, `permission_group_id`, `activate_controller`, `activate_methods`, `addon_permission`, `is_active`, `created_at`) VALUES (57, 14, 'class', NULL, 'class', 'classes', 7, '(\'class\', \'can_view\')', NULL, 'classes', 'index,edit', '', 1, '2022-07-23 14:28:49');
INSERT INTO `sidebar_sub_menus` (`id`, `sidebar_menu_id`, `menu`, `key`, `lang_key`, `url`, `level`, `access_permissions`, `permission_group_id`, `activate_controller`, `activate_methods`, `addon_permission`, `is_active`, `created_at`) VALUES (58, 14, 'sections', NULL, 'sections', 'sections', 8, '(\'section\', \'can_view\')', NULL, 'sections', 'index,edit', '', 1, '2022-07-23 14:28:21');
INSERT INTO `sidebar_sub_menus` (`id`, `sidebar_menu_id`, `menu`, `key`, `lang_key`, `url`, `level`, `access_permissions`, `permission_group_id`, `activate_controller`, `activate_methods`, `addon_permission`, `is_active`, `created_at`) VALUES (59, 15, 'staff_directory', NULL, 'staff_directory', 'admin/staff', 1, '(\'staff\', \'can_view\')', NULL, 'staff', 'index,edit,profile,create', '', 1, '2022-10-12 14:43:24');
INSERT INTO `sidebar_sub_menus` (`id`, `sidebar_menu_id`, `menu`, `key`, `lang_key`, `url`, `level`, `access_permissions`, `permission_group_id`, `activate_controller`, `activate_methods`, `addon_permission`, `is_active`, `created_at`) VALUES (60, 15, 'staff_attendance', NULL, 'staff_attendance', 'admin/staffattendance', 1, '(\'staff_attendance\', \'can_view\')', NULL, 'staffattendance', 'index', '', 1, '2022-09-07 17:34:15');
INSERT INTO `sidebar_sub_menus` (`id`, `sidebar_menu_id`, `menu`, `key`, `lang_key`, `url`, `level`, `access_permissions`, `permission_group_id`, `activate_controller`, `activate_methods`, `addon_permission`, `is_active`, `created_at`) VALUES (61, 15, 'payroll', NULL, 'payroll', 'admin/payroll', 1, '(\'staff_payroll\', \'can_view\')', NULL, 'payroll', 'index,edit,create', '', 1, '2022-08-16 17:28:44');
INSERT INTO `sidebar_sub_menus` (`id`, `sidebar_menu_id`, `menu`, `key`, `lang_key`, `url`, `level`, `access_permissions`, `permission_group_id`, `activate_controller`, `activate_methods`, `addon_permission`, `is_active`, `created_at`) VALUES (62, 15, 'approve_leave_request', NULL, 'approve_leave_request', 'admin/leaverequest/leaverequest', 1, '(\'approve_leave_request\', \'can_view\')', NULL, 'leaverequest', 'leaverequest', '', 1, '2022-05-16 14:34:33');
INSERT INTO `sidebar_sub_menus` (`id`, `sidebar_menu_id`, `menu`, `key`, `lang_key`, `url`, `level`, `access_permissions`, `permission_group_id`, `activate_controller`, `activate_methods`, `addon_permission`, `is_active`, `created_at`) VALUES (74, 15, 'apply_leave', NULL, 'apply_leave', 'admin/staff/leaverequest', 1, '(\'apply_leave\', \'can_view\')', NULL, 'staff', 'leaverequest', '', 1, '2022-05-16 14:41:41');
INSERT INTO `sidebar_sub_menus` (`id`, `sidebar_menu_id`, `menu`, `key`, `lang_key`, `url`, `level`, `access_permissions`, `permission_group_id`, `activate_controller`, `activate_methods`, `addon_permission`, `is_active`, `created_at`) VALUES (75, 15, 'leave_type', NULL, 'leave_type', 'admin/leavetypes', 1, '(\'leave_types\', \'can_view\')', NULL, 'leavetypes', 'index,leaveedit,createleavetype', '', 1, '2022-10-18 16:49:22');
INSERT INTO `sidebar_sub_menus` (`id`, `sidebar_menu_id`, `menu`, `key`, `lang_key`, `url`, `level`, `access_permissions`, `permission_group_id`, `activate_controller`, `activate_methods`, `addon_permission`, `is_active`, `created_at`) VALUES (76, 15, 'teachers_rating', NULL, 'teachers_rating', 'admin/staff/rating', 1, '(\'teachers_rating\', \'can_view\')', NULL, 'staff', 'rating', '', 1, '2022-05-16 14:45:31');
INSERT INTO `sidebar_sub_menus` (`id`, `sidebar_menu_id`, `menu`, `key`, `lang_key`, `url`, `level`, `access_permissions`, `permission_group_id`, `activate_controller`, `activate_methods`, `addon_permission`, `is_active`, `created_at`) VALUES (77, 15, 'department', NULL, 'department', 'admin/department/department', 1, '(\'department\', \'can_view\')', NULL, 'department', 'department,departmentedit', '', 1, '2022-07-23 14:44:20');
INSERT INTO `sidebar_sub_menus` (`id`, `sidebar_menu_id`, `menu`, `key`, `lang_key`, `url`, `level`, `access_permissions`, `permission_group_id`, `activate_controller`, `activate_methods`, `addon_permission`, `is_active`, `created_at`) VALUES (78, 15, 'designation', NULL, 'designation', 'admin/designation/designation', 1, '(\'designation\', \'can_view\')', NULL, 'designation', 'designation,designationedit', '', 1, '2022-07-23 14:45:04');
INSERT INTO `sidebar_sub_menus` (`id`, `sidebar_menu_id`, `menu`, `key`, `lang_key`, `url`, `level`, `access_permissions`, `permission_group_id`, `activate_controller`, `activate_methods`, `addon_permission`, `is_active`, `created_at`) VALUES (79, 15, 'disabled_staff', NULL, 'disabled_staff', 'admin/staff/disablestafflist', 1, '(\'disable_staff\', \'can_view\')', NULL, 'staff', 'disablestafflist', '', 1, '2022-09-13 13:16:56');
INSERT INTO `sidebar_sub_menus` (`id`, `sidebar_menu_id`, `menu`, `key`, `lang_key`, `url`, `level`, `access_permissions`, `permission_group_id`, `activate_controller`, `activate_methods`, `addon_permission`, `is_active`, `created_at`) VALUES (80, 16, 'notice_board', NULL, 'notice_board', 'admin/notification', 1, '(\'notice_board\', \'can_view\')', NULL, 'notification', 'index,edit,add', '', 1, '2022-07-23 14:47:24');
INSERT INTO `sidebar_sub_menus` (`id`, `sidebar_menu_id`, `menu`, `key`, `lang_key`, `url`, `level`, `access_permissions`, `permission_group_id`, `activate_controller`, `activate_methods`, `addon_permission`, `is_active`, `created_at`) VALUES (81, 16, 'send_email', NULL, 'send_email', 'admin/mailsms/compose', 2, '(\'email\', \'can_view\')', NULL, 'mailsms', 'compose', '', 1, '2022-09-02 22:22:46');
INSERT INTO `sidebar_sub_menus` (`id`, `sidebar_menu_id`, `menu`, `key`, `lang_key`, `url`, `level`, `access_permissions`, `permission_group_id`, `activate_controller`, `activate_methods`, `addon_permission`, `is_active`, `created_at`) VALUES (82, 16, 'send_sms', NULL, 'send_sms', 'admin/mailsms/compose_sms', 3, '(\'sms\', \'can_view\')', NULL, 'mailsms', 'compose_sms', '', 1, '2022-09-02 22:22:46');
INSERT INTO `sidebar_sub_menus` (`id`, `sidebar_menu_id`, `menu`, `key`, `lang_key`, `url`, `level`, `access_permissions`, `permission_group_id`, `activate_controller`, `activate_methods`, `addon_permission`, `is_active`, `created_at`) VALUES (83, 16, 'email_sms_log', NULL, 'email_sms_log', 'admin/mailsms/index', 4, '(\'email_sms_log\', \'can_view\')', NULL, 'mailsms', 'index', '', 1, '2022-09-02 22:22:50');
INSERT INTO `sidebar_sub_menus` (`id`, `sidebar_menu_id`, `menu`, `key`, `lang_key`, `url`, `level`, `access_permissions`, `permission_group_id`, `activate_controller`, `activate_methods`, `addon_permission`, `is_active`, `created_at`) VALUES (84, 16, 'schedule_email_sms_log', NULL, 'schedule_email_sms_log', 'admin/mailsms/schedule', 5, '(\'schedule_email_sms_log\', \'can_view\')', NULL, 'mailsms', 'schedule,edit_schedule', '', 1, '2022-09-13 12:37:38');
INSERT INTO `sidebar_sub_menus` (`id`, `sidebar_menu_id`, `menu`, `key`, `lang_key`, `url`, `level`, `access_permissions`, `permission_group_id`, `activate_controller`, `activate_methods`, `addon_permission`, `is_active`, `created_at`) VALUES (85, 16, 'login_credentials_send', NULL, 'login_credentials_send', 'student/bulkmail', 6, '(\'login_credentials_send\', \'can_view\')', NULL, 'student', 'bulkmail', '', 1, '2022-09-02 22:22:46');
INSERT INTO `sidebar_sub_menus` (`id`, `sidebar_menu_id`, `menu`, `key`, `lang_key`, `url`, `level`, `access_permissions`, `permission_group_id`, `activate_controller`, `activate_methods`, `addon_permission`, `is_active`, `created_at`) VALUES (86, 16, 'email_template', NULL, 'email_template', 'admin/mailsms/email_template', 7, '(\'email_template\', \'can_view\')', NULL, 'mailsms', 'email_template', '', 1, '2022-09-02 22:22:46');
INSERT INTO `sidebar_sub_menus` (`id`, `sidebar_menu_id`, `menu`, `key`, `lang_key`, `url`, `level`, `access_permissions`, `permission_group_id`, `activate_controller`, `activate_methods`, `addon_permission`, `is_active`, `created_at`) VALUES (87, 16, 'sms_template', NULL, 'sms_template', 'admin/mailsms/sms_template', 8, '(\'sms_template\', \'can_view\')', NULL, 'mailsms', 'sms_template', '', 1, '2022-09-02 22:22:46');
INSERT INTO `sidebar_sub_menus` (`id`, `sidebar_menu_id`, `menu`, `key`, `lang_key`, `url`, `level`, `access_permissions`, `permission_group_id`, `activate_controller`, `activate_methods`, `addon_permission`, `is_active`, `created_at`) VALUES (88, 17, 'content_type', NULL, 'content_type', 'admin/contenttype', 1, '(\'content_type\', \'can_view\')', NULL, 'contenttype', 'index,edit', '', 1, '2022-07-23 14:54:45');
INSERT INTO `sidebar_sub_menus` (`id`, `sidebar_menu_id`, `menu`, `key`, `lang_key`, `url`, `level`, `access_permissions`, `permission_group_id`, `activate_controller`, `activate_methods`, `addon_permission`, `is_active`, `created_at`) VALUES (89, 17, 'content_share_list', NULL, 'content_share_list', 'admin/content/list', 1, '(\'content_share_list\', \'can_view\')', NULL, 'content', 'list', '', 1, '2022-07-22 15:37:17');
INSERT INTO `sidebar_sub_menus` (`id`, `sidebar_menu_id`, `menu`, `key`, `lang_key`, `url`, `level`, `access_permissions`, `permission_group_id`, `activate_controller`, `activate_methods`, `addon_permission`, `is_active`, `created_at`) VALUES (90, 17, 'upload_content', NULL, 'upload_content', 'admin/content/upload', 1, '(\'upload_content\', \'can_view\')', NULL, 'content', 'upload', '', 1, '2022-07-22 15:37:17');
INSERT INTO `sidebar_sub_menus` (`id`, `sidebar_menu_id`, `menu`, `key`, `lang_key`, `url`, `level`, `access_permissions`, `permission_group_id`, `activate_controller`, `activate_methods`, `addon_permission`, `is_active`, `created_at`) VALUES (91, 17, 'video_tutorial', NULL, 'video_tutorial', 'admin/video_tutorial', 1, '(\'video_tutorial\', \'can_view\')', NULL, 'video_tutorial', 'index', '', 1, '2022-07-22 15:37:17');
INSERT INTO `sidebar_sub_menus` (`id`, `sidebar_menu_id`, `menu`, `key`, `lang_key`, `url`, `level`, `access_permissions`, `permission_group_id`, `activate_controller`, `activate_methods`, `addon_permission`, `is_active`, `created_at`) VALUES (92, 18, 'add_homework', NULL, 'add_homework', 'homework', 1, '(\'homework\', \'can_view\')', NULL, 'homework', 'index', '', 1, '2022-06-25 15:20:01');
INSERT INTO `sidebar_sub_menus` (`id`, `sidebar_menu_id`, `menu`, `key`, `lang_key`, `url`, `level`, `access_permissions`, `permission_group_id`, `activate_controller`, `activate_methods`, `addon_permission`, `is_active`, `created_at`) VALUES (93, 18, 'daily_assignment', NULL, 'daily_assignment', 'homework/dailyassignment', 2, '(\'daily_assignment\', \'can_view\')', NULL, 'homework', 'dailyassignment', '', 1, '2022-07-23 14:57:23');
INSERT INTO `sidebar_sub_menus` (`id`, `sidebar_menu_id`, `menu`, `key`, `lang_key`, `url`, `level`, `access_permissions`, `permission_group_id`, `activate_controller`, `activate_methods`, `addon_permission`, `is_active`, `created_at`) VALUES (94, 19, 'book_list', NULL, 'book_list', 'admin/book/getall', 1, '(\'books\', \'can_view\')', NULL, 'book', 'getall,index,edit,import,issue_returnreport', '', 1, '2022-09-07 17:15:50');
INSERT INTO `sidebar_sub_menus` (`id`, `sidebar_menu_id`, `menu`, `key`, `lang_key`, `url`, `level`, `access_permissions`, `permission_group_id`, `activate_controller`, `activate_methods`, `addon_permission`, `is_active`, `created_at`) VALUES (95, 19, 'issue_return', NULL, 'issue_return', 'admin/member', 1, '(\'issue_return\', \'can_view\')', NULL, 'member', 'index,issue', '', 1, '2022-07-23 15:02:48');
INSERT INTO `sidebar_sub_menus` (`id`, `sidebar_menu_id`, `menu`, `key`, `lang_key`, `url`, `level`, `access_permissions`, `permission_group_id`, `activate_controller`, `activate_methods`, `addon_permission`, `is_active`, `created_at`) VALUES (96, 19, 'add_student', NULL, 'add_student', 'admin/member/student', 1, '(\'add_student\', \'can_view\')', NULL, 'member', 'student', '', 1, '2022-05-16 16:52:54');
INSERT INTO `sidebar_sub_menus` (`id`, `sidebar_menu_id`, `menu`, `key`, `lang_key`, `url`, `level`, `access_permissions`, `permission_group_id`, `activate_controller`, `activate_methods`, `addon_permission`, `is_active`, `created_at`) VALUES (97, 19, 'add_staff_member', NULL, 'add_staff_member', 'admin/member/teacher', 1, '(\'add_staff_member\', \'can_view\')', NULL, 'member', 'teacher', '', 1, '2022-05-16 17:01:43');
INSERT INTO `sidebar_sub_menus` (`id`, `sidebar_menu_id`, `menu`, `key`, `lang_key`, `url`, `level`, `access_permissions`, `permission_group_id`, `activate_controller`, `activate_methods`, `addon_permission`, `is_active`, `created_at`) VALUES (98, 7, 'search_expense', NULL, 'search_expense', 'admin/expense/expensesearch', 1, '(\'search_expense\', \'can_view\')', NULL, 'expense', 'expensesearch', '', 1, '2022-05-16 17:06:09');
INSERT INTO `sidebar_sub_menus` (`id`, `sidebar_menu_id`, `menu`, `key`, `lang_key`, `url`, `level`, `access_permissions`, `permission_group_id`, `activate_controller`, `activate_methods`, `addon_permission`, `is_active`, `created_at`) VALUES (99, 7, 'expense_head', NULL, 'expense_head', 'admin/expensehead', 1, '(\'expense_head\', \'can_view\')', NULL, 'expensehead', 'index,edit', '', 1, '2022-07-23 12:46:17');
INSERT INTO `sidebar_sub_menus` (`id`, `sidebar_menu_id`, `menu`, `key`, `lang_key`, `url`, `level`, `access_permissions`, `permission_group_id`, `activate_controller`, `activate_methods`, `addon_permission`, `is_active`, `created_at`) VALUES (100, 20, 'issue_item', NULL, 'issue_item', 'admin/issueitem', 1, '(\'issue_item\', \'can_view\')', NULL, 'issueitem', 'index,create', '', 1, '2022-07-23 15:05:03');
INSERT INTO `sidebar_sub_menus` (`id`, `sidebar_menu_id`, `menu`, `key`, `lang_key`, `url`, `level`, `access_permissions`, `permission_group_id`, `activate_controller`, `activate_methods`, `addon_permission`, `is_active`, `created_at`) VALUES (101, 20, 'add_item_stock', NULL, 'add_item_stock', 'admin/itemstock', 1, '(\'item_stock\', \'can_view\')', NULL, 'itemstock', 'index,edit', '', 1, '2022-07-23 15:06:17');
INSERT INTO `sidebar_sub_menus` (`id`, `sidebar_menu_id`, `menu`, `key`, `lang_key`, `url`, `level`, `access_permissions`, `permission_group_id`, `activate_controller`, `activate_methods`, `addon_permission`, `is_active`, `created_at`) VALUES (102, 20, 'add_item', NULL, 'add_item', 'admin/item', 1, '(\'item\', \'can_view\')', NULL, 'item', 'index,edit', '', 1, '2022-07-23 15:06:56');
INSERT INTO `sidebar_sub_menus` (`id`, `sidebar_menu_id`, `menu`, `key`, `lang_key`, `url`, `level`, `access_permissions`, `permission_group_id`, `activate_controller`, `activate_methods`, `addon_permission`, `is_active`, `created_at`) VALUES (103, 20, 'item_category', NULL, 'item_category', 'admin/itemcategory', 1, '(\'item_category\', \'can_view\')', NULL, 'itemcategory', 'index,edit', '', 1, '2022-07-23 15:07:12');
INSERT INTO `sidebar_sub_menus` (`id`, `sidebar_menu_id`, `menu`, `key`, `lang_key`, `url`, `level`, `access_permissions`, `permission_group_id`, `activate_controller`, `activate_methods`, `addon_permission`, `is_active`, `created_at`) VALUES (104, 20, 'item_store', NULL, 'item_store', 'admin/itemstore', 1, '(\'store\', \'can_view\')', NULL, 'itemstore', 'index,edit,create', '', 1, '2022-09-16 17:19:03');
INSERT INTO `sidebar_sub_menus` (`id`, `sidebar_menu_id`, `menu`, `key`, `lang_key`, `url`, `level`, `access_permissions`, `permission_group_id`, `activate_controller`, `activate_methods`, `addon_permission`, `is_active`, `created_at`) VALUES (105, 20, 'item_supplier', NULL, 'item_supplier', 'admin/itemsupplier', 1, '(\'supplier\', \'can_view\')', NULL, 'itemsupplier', 'index,edit,create', '', 1, '2022-07-23 15:08:22');
INSERT INTO `sidebar_sub_menus` (`id`, `sidebar_menu_id`, `menu`, `key`, `lang_key`, `url`, `level`, `access_permissions`, `permission_group_id`, `activate_controller`, `activate_methods`, `addon_permission`, `is_active`, `created_at`) VALUES (106, 21, 'fees_master', NULL, 'fees_master', 'admin/transport/feemaster', 1, '(\'transport\', \'can_view\')', NULL, 'transport', 'feemaster', '', 1, '2022-07-16 18:45:23');
INSERT INTO `sidebar_sub_menus` (`id`, `sidebar_menu_id`, `menu`, `key`, `lang_key`, `url`, `level`, `access_permissions`, `permission_group_id`, `activate_controller`, `activate_methods`, `addon_permission`, `is_active`, `created_at`) VALUES (107, 21, 'pickup_point', NULL, 'pickup_point', 'admin/pickuppoint', 1, '(\'transport\', \'can_view\')', NULL, 'pickuppoint', 'index', '', 1, '2022-05-16 17:55:27');
INSERT INTO `sidebar_sub_menus` (`id`, `sidebar_menu_id`, `menu`, `key`, `lang_key`, `url`, `level`, `access_permissions`, `permission_group_id`, `activate_controller`, `activate_methods`, `addon_permission`, `is_active`, `created_at`) VALUES (108, 21, 'routes', NULL, 'routes', 'admin/route', 1, '(\'routes\', \'can_view\')', NULL, 'route', 'index,edit', '', 1, '2022-09-17 11:51:23');
INSERT INTO `sidebar_sub_menus` (`id`, `sidebar_menu_id`, `menu`, `key`, `lang_key`, `url`, `level`, `access_permissions`, `permission_group_id`, `activate_controller`, `activate_methods`, `addon_permission`, `is_active`, `created_at`) VALUES (109, 21, 'vehicles', NULL, 'vehicles', 'admin/vehicle', 1, '(\'vehicle\', \'can_view\')', NULL, 'vehicle', 'index', '', 1, '2022-05-16 17:59:35');
INSERT INTO `sidebar_sub_menus` (`id`, `sidebar_menu_id`, `menu`, `key`, `lang_key`, `url`, `level`, `access_permissions`, `permission_group_id`, `activate_controller`, `activate_methods`, `addon_permission`, `is_active`, `created_at`) VALUES (110, 21, 'assign_vehicle', NULL, 'assign_vehicle', 'admin/vehroute', 1, '(\'assign_vehicle\',\'can_view\')', NULL, 'vehroute', 'index,edit', '', 1, '2022-10-19 12:36:08');
INSERT INTO `sidebar_sub_menus` (`id`, `sidebar_menu_id`, `menu`, `key`, `lang_key`, `url`, `level`, `access_permissions`, `permission_group_id`, `activate_controller`, `activate_methods`, `addon_permission`, `is_active`, `created_at`) VALUES (111, 21, 'route_pickup_point', NULL, 'route_pickup_point', 'admin/pickuppoint/assign', 1, '(\'transport\', \'can_view\')', NULL, 'pickuppoint', 'assign', '', 1, '2022-05-16 18:03:05');
INSERT INTO `sidebar_sub_menus` (`id`, `sidebar_menu_id`, `menu`, `key`, `lang_key`, `url`, `level`, `access_permissions`, `permission_group_id`, `activate_controller`, `activate_methods`, `addon_permission`, `is_active`, `created_at`) VALUES (112, 21, 'student_transport_fees', NULL, 'student_transport_fees', 'admin/pickuppoint/student_fees', 1, '(\'transport\', \'can_view\')', NULL, 'pickuppoint', 'student_fees', '', 1, '2022-05-16 18:19:48');
INSERT INTO `sidebar_sub_menus` (`id`, `sidebar_menu_id`, `menu`, `key`, `lang_key`, `url`, `level`, `access_permissions`, `permission_group_id`, `activate_controller`, `activate_methods`, `addon_permission`, `is_active`, `created_at`) VALUES (113, 22, 'hostel_rooms', NULL, 'hostel_rooms', 'admin/hostelroom', 1, '(\'hostel_rooms\', \'can_view\')', NULL, 'hostelroom', 'index,edit', '', 1, '2022-07-23 15:57:48');
INSERT INTO `sidebar_sub_menus` (`id`, `sidebar_menu_id`, `menu`, `key`, `lang_key`, `url`, `level`, `access_permissions`, `permission_group_id`, `activate_controller`, `activate_methods`, `addon_permission`, `is_active`, `created_at`) VALUES (114, 22, 'room_type', NULL, 'room_type', 'admin/roomtype', 2, '(\'room_type\', \'can_view\')', NULL, 'roomtype', 'index,edit', '', 1, '2022-07-23 16:02:14');
INSERT INTO `sidebar_sub_menus` (`id`, `sidebar_menu_id`, `menu`, `key`, `lang_key`, `url`, `level`, `access_permissions`, `permission_group_id`, `activate_controller`, `activate_methods`, `addon_permission`, `is_active`, `created_at`) VALUES (115, 22, 'hostel', NULL, 'hostel', 'admin/hostel', 3, '(\'hostel\', \'can_view\')', NULL, 'hostel', 'index,edit', '', 1, '2022-07-23 16:02:39');
INSERT INTO `sidebar_sub_menus` (`id`, `sidebar_menu_id`, `menu`, `key`, `lang_key`, `url`, `level`, `access_permissions`, `permission_group_id`, `activate_controller`, `activate_methods`, `addon_permission`, `is_active`, `created_at`) VALUES (116, 23, 'student_certificate', NULL, 'student_certificate', 'admin/certificate', 1, '(\'student_certificate\', \'can_view\')', NULL, 'certificate', 'index,edit', '', 1, '2022-07-23 16:14:30');
INSERT INTO `sidebar_sub_menus` (`id`, `sidebar_menu_id`, `menu`, `key`, `lang_key`, `url`, `level`, `access_permissions`, `permission_group_id`, `activate_controller`, `activate_methods`, `addon_permission`, `is_active`, `created_at`) VALUES (117, 23, 'generate_certificate', NULL, 'generate_certificate', 'admin/generatecertificate', 1, '(\'generate_certificate\', \'can_view\')', NULL, 'generatecertificate', 'index,search', '', 1, '2022-07-23 16:16:16');
INSERT INTO `sidebar_sub_menus` (`id`, `sidebar_menu_id`, `menu`, `key`, `lang_key`, `url`, `level`, `access_permissions`, `permission_group_id`, `activate_controller`, `activate_methods`, `addon_permission`, `is_active`, `created_at`) VALUES (118, 23, 'student_id_card', NULL, 'student_id_card', 'admin/studentidcard', 1, '(\'student_id_card\', \'can_view\')', NULL, 'studentidcard', 'index,edit', '', 1, '2022-07-23 16:17:01');
INSERT INTO `sidebar_sub_menus` (`id`, `sidebar_menu_id`, `menu`, `key`, `lang_key`, `url`, `level`, `access_permissions`, `permission_group_id`, `activate_controller`, `activate_methods`, `addon_permission`, `is_active`, `created_at`) VALUES (119, 23, 'generate_id_card', NULL, 'generate_id_card', 'admin/generateidcard/search', 1, '(\'generate_id_card\', \'can_view\')', NULL, 'generateidcard', 'search', '', 1, '2022-05-18 11:05:13');
INSERT INTO `sidebar_sub_menus` (`id`, `sidebar_menu_id`, `menu`, `key`, `lang_key`, `url`, `level`, `access_permissions`, `permission_group_id`, `activate_controller`, `activate_methods`, `addon_permission`, `is_active`, `created_at`) VALUES (120, 23, 'staff_id_card', NULL, 'staff_id_card', 'admin/staffidcard', 1, '(\'staff_id_card\', \'can_view\')', NULL, 'staffidcard', 'index,edit', '', 1, '2022-07-23 16:18:13');
INSERT INTO `sidebar_sub_menus` (`id`, `sidebar_menu_id`, `menu`, `key`, `lang_key`, `url`, `level`, `access_permissions`, `permission_group_id`, `activate_controller`, `activate_methods`, `addon_permission`, `is_active`, `created_at`) VALUES (121, 23, 'generate_staff_id_card', NULL, 'generate_staff_id_card', 'admin/generatestaffidcard', 1, '(\'generate_staff_id_card\', \'can_view\')', NULL, 'generatestaffidcard', 'index,search', '', 1, '2022-07-23 16:19:06');
INSERT INTO `sidebar_sub_menus` (`id`, `sidebar_menu_id`, `menu`, `key`, `lang_key`, `url`, `level`, `access_permissions`, `permission_group_id`, `activate_controller`, `activate_methods`, `addon_permission`, `is_active`, `created_at`) VALUES (122, 24, 'event', NULL, 'event', 'admin/front/events', 1, '(\'event\', \'can_view\')', NULL, 'events', 'index,edit,create', '', 1, '2022-07-23 16:21:51');
INSERT INTO `sidebar_sub_menus` (`id`, `sidebar_menu_id`, `menu`, `key`, `lang_key`, `url`, `level`, `access_permissions`, `permission_group_id`, `activate_controller`, `activate_methods`, `addon_permission`, `is_active`, `created_at`) VALUES (123, 24, 'gallery', NULL, 'gallery', 'admin/front/gallery', 1, '(\'gallery\', \'can_view\')', NULL, 'gallery', 'index,edit,create', '', 1, '2022-07-23 16:22:22');
INSERT INTO `sidebar_sub_menus` (`id`, `sidebar_menu_id`, `menu`, `key`, `lang_key`, `url`, `level`, `access_permissions`, `permission_group_id`, `activate_controller`, `activate_methods`, `addon_permission`, `is_active`, `created_at`) VALUES (124, 24, 'news', NULL, 'news', 'admin/front/notice', 1, '(\'notice\', \'can_view\')', NULL, 'notice', 'index,edit,create', '', 1, '2022-07-23 16:24:23');
INSERT INTO `sidebar_sub_menus` (`id`, `sidebar_menu_id`, `menu`, `key`, `lang_key`, `url`, `level`, `access_permissions`, `permission_group_id`, `activate_controller`, `activate_methods`, `addon_permission`, `is_active`, `created_at`) VALUES (125, 24, 'media_manager', NULL, 'media_manager', 'admin/front/media', 1, '(\'media_manager\', \'can_view\')', NULL, 'media', 'index', '', 1, '2022-05-18 11:33:32');
INSERT INTO `sidebar_sub_menus` (`id`, `sidebar_menu_id`, `menu`, `key`, `lang_key`, `url`, `level`, `access_permissions`, `permission_group_id`, `activate_controller`, `activate_methods`, `addon_permission`, `is_active`, `created_at`) VALUES (126, 24, 'pages', NULL, 'pages', 'admin/front/page', 1, '(\'pages\', \'can_view\')', NULL, 'page', 'index,edit,create', '', 1, '2022-07-23 16:25:28');
INSERT INTO `sidebar_sub_menus` (`id`, `sidebar_menu_id`, `menu`, `key`, `lang_key`, `url`, `level`, `access_permissions`, `permission_group_id`, `activate_controller`, `activate_methods`, `addon_permission`, `is_active`, `created_at`) VALUES (127, 24, 'menus', NULL, 'menus', 'admin/front/menus', 1, '(\'menus\', \'can_view\')', NULL, 'menus', 'index,additem', '', 1, '2022-07-23 16:26:31');
INSERT INTO `sidebar_sub_menus` (`id`, `sidebar_menu_id`, `menu`, `key`, `lang_key`, `url`, `level`, `access_permissions`, `permission_group_id`, `activate_controller`, `activate_methods`, `addon_permission`, `is_active`, `created_at`) VALUES (128, 24, 'banner_images', NULL, 'banner_images', 'admin/front/banner', 1, '(\'banner_images\', \'can_view\')', NULL, 'banner', 'index', '', 1, '2022-05-18 11:40:53');
INSERT INTO `sidebar_sub_menus` (`id`, `sidebar_menu_id`, `menu`, `key`, `lang_key`, `url`, `level`, `access_permissions`, `permission_group_id`, `activate_controller`, `activate_methods`, `addon_permission`, `is_active`, `created_at`) VALUES (129, 25, 'manage_alumini', NULL, 'manage_alumini', 'admin/alumni/alumnilist', 1, '(\'manage_alumni\', \'can_view\')', NULL, 'alumni', 'alumnilist', '', 1, '2022-07-23 16:28:36');
INSERT INTO `sidebar_sub_menus` (`id`, `sidebar_menu_id`, `menu`, `key`, `lang_key`, `url`, `level`, `access_permissions`, `permission_group_id`, `activate_controller`, `activate_methods`, `addon_permission`, `is_active`, `created_at`) VALUES (130, 25, 'events', NULL, 'events', 'admin/alumni/events', 1, '(\'events\', \'can_view\')', NULL, 'alumni', 'events', '', 1, '2022-07-23 16:29:09');
INSERT INTO `sidebar_sub_menus` (`id`, `sidebar_menu_id`, `menu`, `key`, `lang_key`, `url`, `level`, `access_permissions`, `permission_group_id`, `activate_controller`, `activate_methods`, `addon_permission`, `is_active`, `created_at`) VALUES (131, 26, 'student_information', NULL, 'student_information', 'report/studentinformation', 1, '(\'student_report\', \'can_view\') || (\'guardian_report\', \'can_view\') || (\'student_history\', \'can_view\') || (\'student_login_credential_report\', \'can_view\') || (\'class_subject_report\', \'can_view\') || (\'admission_report\', \'can_view\') || (\'sibling_report\', \'can_view\') || (\'homehork_evaluation_report\', \'can_view\') || (\'student_profile\', \'can_view\') || (\'student_gender_ratio_report\', \'can_view\') || (\'student_teacher_ratio_report\', \'can_view\')', NULL, 'report', 'studentinformation,studentreport,online_admission_report,student_teacher_ratio,boys_girls_ratio,student_profile,sibling_report,admission_report,class_subject,classsectionreport,guardianreport,admissionreport,logindetailreport,parentlogindetailreport', '', 1, '2022-09-26 10:56:53');
INSERT INTO `sidebar_sub_menus` (`id`, `sidebar_menu_id`, `menu`, `key`, `lang_key`, `url`, `level`, `access_permissions`, `permission_group_id`, `activate_controller`, `activate_methods`, `addon_permission`, `is_active`, `created_at`) VALUES (132, 26, 'finance', NULL, 'finance', 'financereports/finance', 2, '(\'fees_statement\', \'can_view\') || (\'balance_fees_report\', \'can_view\') || (\'fees_collection_report\', \'can_view\') || (\'online_fees_collection_report\', \'can_view\') || (\'income_report\', \'can_view\') || (\'expense_report\', \'can_view\') || (\'payroll_report\', \'can_view\') || (\'income_group_report\', \'can_view\') || (\'expense_group_report\', \'can_view\') || (\'online_admission\', \'can_view\')', NULL, 'financereports', 'finance,reportduefees,reportdailycollection,reportbyname,studentacademicreport,collection_report,onlinefees_report,duefeesremark,income,expense,payroll,incomegroup,expensegroup,onlineadmission', '', 1, '2022-09-24 17:50:32');
INSERT INTO `sidebar_sub_menus` (`id`, `sidebar_menu_id`, `menu`, `key`, `lang_key`, `url`, `level`, `access_permissions`, `permission_group_id`, `activate_controller`, `activate_methods`, `addon_permission`, `is_active`, `created_at`) VALUES (133, 26, 'attendance', NULL, 'attendance', 'attendencereports/attendance', 3, '(\'attendance_report\', \'can_view\') || (\'student_attendance_type_report\', \'can_view\') || (\'daily_attendance_report\', \'can_view\') || (\'staff_attendance_report\', \'can_view\')', NULL, 'attendencereports', 'attendance,classattendencereport,attendancereport,daily_attendance_report,staffattendancereport,biometric_attlog,reportbymonthstudent,reportbymonth', '', 1, '2022-09-26 17:06:08');
INSERT INTO `sidebar_sub_menus` (`id`, `sidebar_menu_id`, `menu`, `key`, `lang_key`, `url`, `level`, `access_permissions`, `permission_group_id`, `activate_controller`, `activate_methods`, `addon_permission`, `is_active`, `created_at`) VALUES (134, 26, 'examinations', NULL, 'examinations', 'admin/examresult/examinations', 4, '(\'rank_report\', \'can_view\')', NULL, 'examresult', 'rankreport,examinations', '', 1, '2022-09-20 14:04:13');
INSERT INTO `sidebar_sub_menus` (`id`, `sidebar_menu_id`, `menu`, `key`, `lang_key`, `url`, `level`, `access_permissions`, `permission_group_id`, `activate_controller`, `activate_methods`, `addon_permission`, `is_active`, `created_at`) VALUES (135, 26, 'lesson_plan', NULL, 'lesson_plan', 'report/lesson_plan', 6, '(\'syllabus_status_report\', \'can_view\') || (\'teacher_syllabus_status_report\', \'can_view\')', NULL, 'report', 'lesson_plan,teachersyllabusstatus', '', 1, '2022-07-25 17:09:17');
INSERT INTO `sidebar_sub_menus` (`id`, `sidebar_menu_id`, `menu`, `key`, `lang_key`, `url`, `level`, `access_permissions`, `permission_group_id`, `activate_controller`, `activate_methods`, `addon_permission`, `is_active`, `created_at`) VALUES (136, 26, 'human_resource', NULL, 'human_resource', 'report/human_resource', 7, '(\'staff_report\', \'can_view\') || (\'payroll_report\', \'can_view\')', NULL, 'report', 'human_resource,staff_report,payrollreport', '', 1, '2022-07-25 17:08:20');
INSERT INTO `sidebar_sub_menus` (`id`, `sidebar_menu_id`, `menu`, `key`, `lang_key`, `url`, `level`, `access_permissions`, `permission_group_id`, `activate_controller`, `activate_methods`, `addon_permission`, `is_active`, `created_at`) VALUES (137, 26, 'library', NULL, 'library', 'report/library', 9, '(\'book_issue_report\', \'can_view\') || (\'book_due_report\', \'can_view\') || (\'book_issue_return_report\', \'can_view\') || (\'book_inventory_report\', \'can_view\')', NULL, 'report', 'library,studentbookissuereport,bookduereport,bookinventory', '', 1, '2022-09-07 17:23:15');
INSERT INTO `sidebar_sub_menus` (`id`, `sidebar_menu_id`, `menu`, `key`, `lang_key`, `url`, `level`, `access_permissions`, `permission_group_id`, `activate_controller`, `activate_methods`, `addon_permission`, `is_active`, `created_at`) VALUES (138, 26, 'inventory', NULL, 'inventory', 'report/inventory', 10, '(\'stock_report\', \'can_view\') || (\'add_item_report\', \'can_view\') || (\'issue_item_report\', \'can_view\')', NULL, 'report', 'inventory,inventorystock,additem,issueinventory', '', 1, '2022-07-25 17:00:57');
INSERT INTO `sidebar_sub_menus` (`id`, `sidebar_menu_id`, `menu`, `key`, `lang_key`, `url`, `level`, `access_permissions`, `permission_group_id`, `activate_controller`, `activate_methods`, `addon_permission`, `is_active`, `created_at`) VALUES (139, 26, 'hostel', NULL, 'hostel', 'admin/hostelroom/studenthosteldetails', 12, '(\'hostel_report\', \'can_view\')', NULL, 'hostelroom', 'studenthosteldetails', '', 1, '2022-07-20 18:00:07');
INSERT INTO `sidebar_sub_menus` (`id`, `sidebar_menu_id`, `menu`, `key`, `lang_key`, `url`, `level`, `access_permissions`, `permission_group_id`, `activate_controller`, `activate_methods`, `addon_permission`, `is_active`, `created_at`) VALUES (140, 26, 'alumni', NULL, 'alumni', 'report/alumnireport', 13, '(\'alumni_report\', \'can_view\')', NULL, 'report', 'alumnireport', '', 1, '2022-07-20 18:00:07');
INSERT INTO `sidebar_sub_menus` (`id`, `sidebar_menu_id`, `menu`, `key`, `lang_key`, `url`, `level`, `access_permissions`, `permission_group_id`, `activate_controller`, `activate_methods`, `addon_permission`, `is_active`, `created_at`) VALUES (141, 26, 'user_log', NULL, 'user_log', 'admin/userlog', 14, '(\'user_log\', \'can_view\')', NULL, 'userlog', 'index', '', 1, '2022-07-20 18:00:07');
INSERT INTO `sidebar_sub_menus` (`id`, `sidebar_menu_id`, `menu`, `key`, `lang_key`, `url`, `level`, `access_permissions`, `permission_group_id`, `activate_controller`, `activate_methods`, `addon_permission`, `is_active`, `created_at`) VALUES (142, 26, 'audit_trail_report', NULL, 'audit_trail_report', 'admin/audit', 15, '(\'audit_trail_report\', \'can_view\')', NULL, 'audit', 'index', '', 1, '2022-07-20 18:00:07');
INSERT INTO `sidebar_sub_menus` (`id`, `sidebar_menu_id`, `menu`, `key`, `lang_key`, `url`, `level`, `access_permissions`, `permission_group_id`, `activate_controller`, `activate_methods`, `addon_permission`, `is_active`, `created_at`) VALUES (143, 26, 'online_examinations', NULL, 'online_examinations', 'admin/onlineexam/report', 5, '(\'online_exam_wise_report\', \'can_view\') || (\'online_exams_report\', \'can_view\') || (\'online_exams_attempt_report\', \'can_view\') || (\'online_exams_rank_report\', \'can_view\')', NULL, 'onlineexam', 'report,onlineexams', '', 1, '2022-07-25 17:18:23');
INSERT INTO `sidebar_sub_menus` (`id`, `sidebar_menu_id`, `menu`, `key`, `lang_key`, `url`, `level`, `access_permissions`, `permission_group_id`, `activate_controller`, `activate_methods`, `addon_permission`, `is_active`, `created_at`) VALUES (144, 26, 'homework', NULL, 'homework', 'homework/homeworkordailyassignmentreport', 8, '(\'homework\', \'can_view\') || (\'daily_assignment\', \'can_view\')', NULL, 'homework', 'homeworkordailyassignmentreport,homeworkreport,evaluation_report,dailyassignmentreport', '', 1, '2022-09-21 14:58:47');
INSERT INTO `sidebar_sub_menus` (`id`, `sidebar_menu_id`, `menu`, `key`, `lang_key`, `url`, `level`, `access_permissions`, `permission_group_id`, `activate_controller`, `activate_methods`, `addon_permission`, `is_active`, `created_at`) VALUES (145, 26, 'transport', NULL, 'transport', 'admin/route/studenttransportdetails', 11, '(\'transport_report\', \'can_view\')', NULL, 'route', 'studenttransportdetails', '', 1, '2022-07-20 18:00:07');
INSERT INTO `sidebar_sub_menus` (`id`, `sidebar_menu_id`, `menu`, `key`, `lang_key`, `url`, `level`, `access_permissions`, `permission_group_id`, `activate_controller`, `activate_methods`, `addon_permission`, `is_active`, `created_at`) VALUES (146, 27, 'general_setting', NULL, 'general_setting', 'schsettings', 1, '(\'general_setting\', \'can_view\')', NULL, 'schsettings', 'index,logo,miscellaneous,backendtheme,mobileapp,studentguardianpanel,fees,idautogeneration,attendancetype,maintenance', '', 1, '2022-07-25 16:44:13');
INSERT INTO `sidebar_sub_menus` (`id`, `sidebar_menu_id`, `menu`, `key`, `lang_key`, `url`, `level`, `access_permissions`, `permission_group_id`, `activate_controller`, `activate_methods`, `addon_permission`, `is_active`, `created_at`) VALUES (147, 27, 'session_setting', NULL, 'session_setting', 'sessions', 2, '(\'session_setting\', \'can_view\')', NULL, 'sessions', 'index,edit', '', 1, '2022-07-23 17:27:16');
INSERT INTO `sidebar_sub_menus` (`id`, `sidebar_menu_id`, `menu`, `key`, `lang_key`, `url`, `level`, `access_permissions`, `permission_group_id`, `activate_controller`, `activate_methods`, `addon_permission`, `is_active`, `created_at`) VALUES (148, 27, 'notification_setting', NULL, 'notification_setting', 'admin/notification/setting', 3, '(\'notification_setting\', \'can_view\')', NULL, 'notification', 'setting', '', 1, '2022-07-08 13:42:28');
INSERT INTO `sidebar_sub_menus` (`id`, `sidebar_menu_id`, `menu`, `key`, `lang_key`, `url`, `level`, `access_permissions`, `permission_group_id`, `activate_controller`, `activate_methods`, `addon_permission`, `is_active`, `created_at`) VALUES (149, 27, 'sms_setting', NULL, 'sms_setting', 'smsconfig', 4, '(\'sms_setting\', \'can_view\')', NULL, 'smsconfig', 'index', '', 1, '2022-07-08 13:42:28');
INSERT INTO `sidebar_sub_menus` (`id`, `sidebar_menu_id`, `menu`, `key`, `lang_key`, `url`, `level`, `access_permissions`, `permission_group_id`, `activate_controller`, `activate_methods`, `addon_permission`, `is_active`, `created_at`) VALUES (150, 27, 'email_setting', NULL, 'email_setting', 'emailconfig', 5, '(\'email_setting\', \'can_view\')', NULL, 'emailconfig', 'index', '', 1, '2022-07-08 13:42:28');
INSERT INTO `sidebar_sub_menus` (`id`, `sidebar_menu_id`, `menu`, `key`, `lang_key`, `url`, `level`, `access_permissions`, `permission_group_id`, `activate_controller`, `activate_methods`, `addon_permission`, `is_active`, `created_at`) VALUES (151, 27, 'payment_methods', NULL, 'payment_methods', 'admin/paymentsettings', 6, '(\'payment_methods\', \'can_view\')', NULL, 'paymentsettings', 'index', '', 1, '2022-07-08 13:42:28');
INSERT INTO `sidebar_sub_menus` (`id`, `sidebar_menu_id`, `menu`, `key`, `lang_key`, `url`, `level`, `access_permissions`, `permission_group_id`, `activate_controller`, `activate_methods`, `addon_permission`, `is_active`, `created_at`) VALUES (152, 27, 'print_headerfooter', NULL, 'print_headerfooter', 'admin/print_headerfooter', 7, '(\'print_header_footer\', \'can_view\')', NULL, 'print_headerfooter', 'index', '', 1, '2022-07-08 13:42:28');
INSERT INTO `sidebar_sub_menus` (`id`, `sidebar_menu_id`, `menu`, `key`, `lang_key`, `url`, `level`, `access_permissions`, `permission_group_id`, `activate_controller`, `activate_methods`, `addon_permission`, `is_active`, `created_at`) VALUES (153, 27, 'front_cms_setting', NULL, 'front_cms_setting', 'admin/frontcms', 8, '(\'front_cms_setting\', \'can_view\')', NULL, 'frontcms', 'index', '', 1, '2022-07-08 13:42:28');
INSERT INTO `sidebar_sub_menus` (`id`, `sidebar_menu_id`, `menu`, `key`, `lang_key`, `url`, `level`, `access_permissions`, `permission_group_id`, `activate_controller`, `activate_methods`, `addon_permission`, `is_active`, `created_at`) VALUES (154, 27, 'roles_permissions', NULL, 'roles_permissions', 'admin/roles', 9, '(\'superadmin\', \'can_view\')', NULL, 'roles', 'index,permission', '', 1, '2022-09-09 16:33:34');
INSERT INTO `sidebar_sub_menus` (`id`, `sidebar_menu_id`, `menu`, `key`, `lang_key`, `url`, `level`, `access_permissions`, `permission_group_id`, `activate_controller`, `activate_methods`, `addon_permission`, `is_active`, `created_at`) VALUES (155, 27, 'backup_restore', NULL, 'backup_restore', 'admin/admin/backup', 10, '(\'backup\', \'can_view\')', NULL, 'admin', 'backup', '', 1, '2022-07-08 13:42:28');
INSERT INTO `sidebar_sub_menus` (`id`, `sidebar_menu_id`, `menu`, `key`, `lang_key`, `url`, `level`, `access_permissions`, `permission_group_id`, `activate_controller`, `activate_methods`, `addon_permission`, `is_active`, `created_at`) VALUES (156, 27, 'users', NULL, 'users', 'admin/users', 13, '(\'user_status\', \'can_view\')', NULL, 'users', 'index', '', 1, '2022-07-20 18:04:09');
INSERT INTO `sidebar_sub_menus` (`id`, `sidebar_menu_id`, `menu`, `key`, `lang_key`, `url`, `level`, `access_permissions`, `permission_group_id`, `activate_controller`, `activate_methods`, `addon_permission`, `is_active`, `created_at`) VALUES (157, 27, 'languages', NULL, 'languages', 'admin/language', 11, '(\'languages\', \'can_view\')', NULL, 'language', 'index,create', '', 1, '2022-09-10 14:44:52');
INSERT INTO `sidebar_sub_menus` (`id`, `sidebar_menu_id`, `menu`, `key`, `lang_key`, `url`, `level`, `access_permissions`, `permission_group_id`, `activate_controller`, `activate_methods`, `addon_permission`, `is_active`, `created_at`) VALUES (158, 27, 'modules', NULL, 'modules', 'admin/module', 14, '(\'superadmin\', \'can_view\')', NULL, 'module', 'index', '', 1, '2022-07-20 18:04:06');
INSERT INTO `sidebar_sub_menus` (`id`, `sidebar_menu_id`, `menu`, `key`, `lang_key`, `url`, `level`, `access_permissions`, `permission_group_id`, `activate_controller`, `activate_methods`, `addon_permission`, `is_active`, `created_at`) VALUES (159, 27, 'custom_fields', NULL, 'custom_fields', 'admin/customfield', 15, '(\'custom_fields\', \'can_view\')', NULL, 'customfield', 'index,edit', '', 1, '2022-07-23 17:32:14');
INSERT INTO `sidebar_sub_menus` (`id`, `sidebar_menu_id`, `menu`, `key`, `lang_key`, `url`, `level`, `access_permissions`, `permission_group_id`, `activate_controller`, `activate_methods`, `addon_permission`, `is_active`, `created_at`) VALUES (160, 27, 'captcha_setting', NULL, 'captcha_setting', 'admin/captcha', 16, '(\'superadmin\', \'can_view\')', NULL, 'captcha', 'index', '', 1, '2022-07-20 18:04:06');
INSERT INTO `sidebar_sub_menus` (`id`, `sidebar_menu_id`, `menu`, `key`, `lang_key`, `url`, `level`, `access_permissions`, `permission_group_id`, `activate_controller`, `activate_methods`, `addon_permission`, `is_active`, `created_at`) VALUES (161, 27, 'system_fields', NULL, 'system_fields', 'admin/systemfield', 17, '(\'system_fields\', \'can_view\')', NULL, 'systemfield', 'index', '', 1, '2022-07-22 11:37:38');
INSERT INTO `sidebar_sub_menus` (`id`, `sidebar_menu_id`, `menu`, `key`, `lang_key`, `url`, `level`, `access_permissions`, `permission_group_id`, `activate_controller`, `activate_methods`, `addon_permission`, `is_active`, `created_at`) VALUES (162, 27, 'student_profile_update', NULL, 'student_profile_update', 'student/profilesetting', 18, '(\'student_profile_update\', \'can_view\')', NULL, 'student', 'profilesetting', '', 1, '2022-07-20 18:04:06');
INSERT INTO `sidebar_sub_menus` (`id`, `sidebar_menu_id`, `menu`, `key`, `lang_key`, `url`, `level`, `access_permissions`, `permission_group_id`, `activate_controller`, `activate_methods`, `addon_permission`, `is_active`, `created_at`) VALUES (163, 27, 'online_admission', NULL, 'online_admission', 'admin/onlineadmission/admissionsetting', 19, '(\'online_admission\', \'can_view\')', NULL, 'onlineadmission', 'admissionsetting', '', 1, '2022-07-20 18:04:06');
INSERT INTO `sidebar_sub_menus` (`id`, `sidebar_menu_id`, `menu`, `key`, `lang_key`, `url`, `level`, `access_permissions`, `permission_group_id`, `activate_controller`, `activate_methods`, `addon_permission`, `is_active`, `created_at`) VALUES (164, 27, 'file_types', NULL, 'file_types', 'admin/admin/filetype', 20, '(\'superadmin\', \'can_view\')', NULL, 'admin', 'filetype', '', 1, '2022-07-20 18:04:30');
INSERT INTO `sidebar_sub_menus` (`id`, `sidebar_menu_id`, `menu`, `key`, `lang_key`, `url`, `level`, `access_permissions`, `permission_group_id`, `activate_controller`, `activate_methods`, `addon_permission`, `is_active`, `created_at`) VALUES (165, 27, 'system_update', NULL, 'system_update', 'admin/updater', 22, '(\'superadmin\', \'can_view\')', NULL, 'updater', 'index', '', 1, '2022-10-13 17:19:51');
INSERT INTO `sidebar_sub_menus` (`id`, `sidebar_menu_id`, `menu`, `key`, `lang_key`, `url`, `level`, `access_permissions`, `permission_group_id`, `activate_controller`, `activate_methods`, `addon_permission`, `is_active`, `created_at`) VALUES (166, 27, 'sidebar_menu', NULL, 'sidebar_menu', 'admin/sidemenu', 21, '(\'sidebar_menu\', \'can_view\')', NULL, 'sidemenu', 'index', '', 1, '2022-10-13 17:19:51');
INSERT INTO `sidebar_sub_menus` (`id`, `sidebar_menu_id`, `menu`, `key`, `lang_key`, `url`, `level`, `access_permissions`, `permission_group_id`, `activate_controller`, `activate_methods`, `addon_permission`, `is_active`, `created_at`) VALUES (181, 3, 'fees_discount', NULL, 'fees_discount', 'admin/feediscount', 8, '(\'fees_discount\', \'can_view\')', NULL, 'feediscount', 'index,edit,assign', '', 1, '2022-08-08 11:33:27');
INSERT INTO `sidebar_sub_menus` (`id`, `sidebar_menu_id`, `menu`, `key`, `lang_key`, `url`, `level`, `access_permissions`, `permission_group_id`, `activate_controller`, `activate_methods`, `addon_permission`, `is_active`, `created_at`) VALUES (182, 3, 'fees_carry_forward', NULL, 'fees_carry_forward', 'admin/feesforward', 9, '(\'fees_carry_forward\', \'can_view\')', NULL, 'feesforward', 'index', '', 1, '2022-08-08 11:33:24');
INSERT INTO `sidebar_sub_menus` (`id`, `sidebar_menu_id`, `menu`, `key`, `lang_key`, `url`, `level`, `access_permissions`, `permission_group_id`, `activate_controller`, `activate_methods`, `addon_permission`, `is_active`, `created_at`) VALUES (183, 3, 'fees_reminder', NULL, 'fees_reminder', 'admin/feereminder/setting', 10, '(\'fees_reminder\', \'can_view\')', NULL, 'feereminder', 'setting', '', 1, '2022-08-08 11:33:21');
INSERT INTO `sidebar_sub_menus` (`id`, `sidebar_menu_id`, `menu`, `key`, `lang_key`, `url`, `level`, `access_permissions`, `permission_group_id`, `activate_controller`, `activate_methods`, `addon_permission`, `is_active`, `created_at`) VALUES (184, 27, 'currency', NULL, 'currency', 'admin/currency', 12, '(\'currency\', \'can_view\')', NULL, 'currency', 'index', '', 1, '2022-07-20 18:04:09');
INSERT INTO `sidebar_sub_menus` (`id`, `sidebar_menu_id`, `menu`, `key`, `lang_key`, `url`, `level`, `access_permissions`, `permission_group_id`, `activate_controller`, `activate_methods`, `addon_permission`, `is_active`, `created_at`) VALUES (190, 3, 'offline_bank_payments', NULL, 'offline_bank_payments', 'admin/offlinepayment', 2, '(\'offline_bank_payments\', \'can_view\')', NULL, 'offlinepayment', 'index', '', 1, '2022-08-08 11:35:29');
INSERT INTO `sidebar_sub_menus` (`id`, `sidebar_menu_id`, `menu`, `key`, `lang_key`, `url`, `level`, `access_permissions`, `permission_group_id`, `activate_controller`, `activate_methods`, `addon_permission`, `is_active`, `created_at`) VALUES (191, 13, 'Copy Old Lessons', NULL, 'copy_old_lesson', 'admin/lessonplan/copylesson', 1, '(\'copy_old_lesson\', \'can_view\')', NULL, 'lessonplan', 'copylesson', NULL, 1, '2022-09-09 15:50:37');
INSERT INTO `sidebar_sub_menus` (`id`, `sidebar_menu_id`, `menu`, `key`, `lang_key`, `url`, `level`, `access_permissions`, `permission_group_id`, `activate_controller`, `activate_methods`, `addon_permission`, `is_active`, `created_at`) VALUES (192, 10, 'Period Attendance', 'period_attendance', 'period_attendance', 'admin/subjectattendence/index', 4, '(\'student_attendance\',\'can_view\')', NULL, 'subjectattendence', 'index', NULL, 0, '2022-10-20 11:20:25');
INSERT INTO `sidebar_sub_menus` (`id`, `sidebar_menu_id`, `menu`, `key`, `lang_key`, `url`, `level`, `access_permissions`, `permission_group_id`, `activate_controller`, `activate_methods`, `addon_permission`, `is_active`, `created_at`) VALUES (193, 10, 'Period Attendance By Date', 'period_attendance_by_date', 'period_attendance_by_date', 'admin/subjectattendence/reportbydate', 5, '(\'attendance_by_date\', \'can_view\')', NULL, 'subjectattendence', 'reportbydate', NULL, 0, '2022-10-20 11:20:25');
INSERT INTO `sidebar_sub_menus` (`id`, `sidebar_menu_id`, `menu`, `key`, `lang_key`, `url`, `level`, `access_permissions`, `permission_group_id`, `activate_controller`, `activate_methods`, `addon_permission`, `is_active`, `created_at`) VALUES (198, 33, 'overview', NULL, 'overview', 'admin/multibranch/branch/overview', 1, '(\'multi_branch_overview\', \'can_view\')', NULL, 'branch', 'overview', '', 1, '2022-11-15 06:05:27');
INSERT INTO `sidebar_sub_menus` (`id`, `sidebar_menu_id`, `menu`, `key`, `lang_key`, `url`, `level`, `access_permissions`, `permission_group_id`, `activate_controller`, `activate_methods`, `addon_permission`, `is_active`, `created_at`) VALUES (199, 33, 'report', NULL, 'report', 'admin/multibranch/finance/index', 1, '(\'multi_branch_daily_collection_report\', \'can_view\') || (\'multi_branch_payroll\', \'can_view\') || (\'multi_branch_income_report\', \'can_view\') || (\'multi_branch_expense_report\', \'can_view\') || (\'multi_branch_user_log_report\', \'can_view\')', NULL, 'finance', 'dailycollectionreport,payroll,incomelist,expenselist,incomereport,expensereport,userlogreport,index', '', 1, '2022-12-22 05:59:38');
INSERT INTO `sidebar_sub_menus` (`id`, `sidebar_menu_id`, `menu`, `key`, `lang_key`, `url`, `level`, `access_permissions`, `permission_group_id`, `activate_controller`, `activate_methods`, `addon_permission`, `is_active`, `created_at`) VALUES (200, 33, 'setting', NULL, 'setting', 'admin/multibranch/branch', 1, '(\'multi_branch_setting\', \'can_view\')', NULL, 'branch', 'index', '', 1, '2022-11-15 05:45:32');
INSERT INTO `sidebar_sub_menus` (`id`, `sidebar_menu_id`, `menu`, `key`, `lang_key`, `url`, `level`, `access_permissions`, `permission_group_id`, `activate_controller`, `activate_methods`, `addon_permission`, `is_active`, `created_at`) VALUES (300, 35, 'feediscountapproval', NULL, 'fees_discount_approval', 'admin/feesdiscountapproval', 1, '(\'fee_dis_appr_approval\', \'can_view\')', NULL, 'feesdis', 'index,search', '', 1, '2022-11-15 05:45:32');


#
# TABLE STRUCTURE FOR: sms_config
#

DROP TABLE IF EXISTS `sms_config`;

CREATE TABLE `sms_config` (
  `id` int(11) NOT NULL AUTO_INCREMENT,
  `type` varchar(50) NOT NULL,
  `name` varchar(100) NOT NULL,
  `api_id` varchar(100) NOT NULL,
  `authkey` varchar(100) NOT NULL,
  `senderid` varchar(100) NOT NULL,
  `contact` text,
  `username` varchar(150) DEFAULT NULL,
  `url` varchar(150) DEFAULT NULL,
  `password` varchar(150) DEFAULT NULL,
  `is_active` varchar(255) DEFAULT 'disabled',
  `created_at` timestamp NOT NULL DEFAULT CURRENT_TIMESTAMP ON UPDATE CURRENT_TIMESTAMP,
  `updated_at` date DEFAULT NULL,
  PRIMARY KEY (`id`)
) ENGINE=InnoDB AUTO_INCREMENT=2 DEFAULT CHARSET=utf8;

INSERT INTO `sms_config` (`id`, `type`, `name`, `api_id`, `authkey`, `senderid`, `contact`, `username`, `url`, `password`, `is_active`, `created_at`, `updated_at`) VALUES (1, 'custom', '2factor', '', '', '', NULL, NULL, NULL, NULL, 'enabled', '2023-09-02 18:56:26', NULL);


#
# TABLE STRUCTURE FOR: sms_template
#

DROP TABLE IF EXISTS `sms_template`;

CREATE TABLE `sms_template` (
  `id` int(11) NOT NULL AUTO_INCREMENT,
  `title` varchar(100) NOT NULL,
  `message` text NOT NULL,
  `created_at` date NOT NULL,
  PRIMARY KEY (`id`)
) ENGINE=InnoDB AUTO_INCREMENT=6 DEFAULT CHARSET=utf8;

INSERT INTO `sms_template` (`id`, `title`, `message`, `created_at`) VALUES (1, 'National Republic Day', 'India celebrated its 73rd National Republic Day on the 26th of January, 2022. The constitution of India was adopted on the 26th of November, 1949 with Dr. B. R. Ambedkar as the Chairman of the Drafting Committee.', '2023-08-24');
INSERT INTO `sms_template` (`id`, `title`, `message`, `created_at`) VALUES (2, 'Sports Day Events', 'Games that are played on school sports days can be wide and varied. They can include straightforward sprints and longer races for all age groups as well as egg and spoon races.', '2023-08-24');
INSERT INTO `sms_template` (`id`, `title`, `message`, `created_at`) VALUES (3, 'Independence Day', 'I cordially invite you to the 76th independence day celebrations in our school on 15th August. The program will have cultural activities by our students and flag hoisting.', '2023-08-24');
INSERT INTO `sms_template` (`id`, `title`, `message`, `created_at`) VALUES (4, 'Online Classes', 'Be very punctual in log in time, screen off time, activity time table etc. Be ready with necessary text books, note books, pen, pencil and other accessories before class begins. Make sure the device is sufficiently charged before the beginning of the class.', '2023-08-24');
INSERT INTO `sms_template` (`id`, `title`, `message`, `created_at`) VALUES (5, 'International Day of Yoga', 'When proposing 21 June as the date, Modi said that the date was the longest day of the year in the northern hemisphere (shortest in the southern hemisphere), having special significance in many parts of the world.', '2023-08-24');


#
# TABLE STRUCTURE FOR: source
#

DROP TABLE IF EXISTS `source`;

CREATE TABLE `source` (
  `id` int(11) NOT NULL AUTO_INCREMENT,
  `source` varchar(100) NOT NULL,
  `description` text NOT NULL,
  PRIMARY KEY (`id`)
) ENGINE=InnoDB AUTO_INCREMENT=6 DEFAULT CHARSET=utf8;

INSERT INTO `source` (`id`, `source`, `description`) VALUES (1, 'Advertisement', '');
INSERT INTO `source` (`id`, `source`, `description`) VALUES (2, 'Online Front Site', '');
INSERT INTO `source` (`id`, `source`, `description`) VALUES (3, 'Google Ads', '');
INSERT INTO `source` (`id`, `source`, `description`) VALUES (4, 'Admission Campaign', '');
INSERT INTO `source` (`id`, `source`, `description`) VALUES (5, 'Front Office', '');


#
# TABLE STRUCTURE FOR: staff
#

DROP TABLE IF EXISTS `staff`;

CREATE TABLE `staff` (
  `id` int(11) NOT NULL AUTO_INCREMENT,
  `employee_id` varchar(200) NOT NULL,
  `lang_id` int(11) NOT NULL,
  `currency_id` int(11) DEFAULT '0',
  `department` int(11) DEFAULT NULL,
  `designation` int(11) DEFAULT NULL,
  `qualification` varchar(200) NOT NULL,
  `work_exp` varchar(200) NOT NULL,
  `name` varchar(200) NOT NULL,
  `surname` varchar(200) NOT NULL,
  `father_name` varchar(200) NOT NULL,
  `mother_name` varchar(200) NOT NULL,
  `contact_no` varchar(200) NOT NULL,
  `emergency_contact_no` varchar(200) NOT NULL,
  `email` varchar(200) NOT NULL,
  `dob` date NOT NULL,
  `marital_status` varchar(100) NOT NULL,
  `date_of_joining` date DEFAULT NULL,
  `date_of_leaving` date DEFAULT NULL,
  `local_address` varchar(300) NOT NULL,
  `permanent_address` varchar(200) NOT NULL,
  `note` varchar(200) NOT NULL,
  `image` varchar(200) NOT NULL,
  `password` varchar(250) NOT NULL,
  `gender` varchar(50) NOT NULL,
  `account_title` varchar(200) NOT NULL,
  `bank_account_no` varchar(200) NOT NULL,
  `bank_name` varchar(200) NOT NULL,
  `ifsc_code` varchar(200) NOT NULL,
  `bank_branch` varchar(100) NOT NULL,
  `payscale` varchar(200) NOT NULL,
  `basic_salary` int(11) DEFAULT NULL,
  `epf_no` varchar(200) NOT NULL,
  `contract_type` varchar(100) NOT NULL,
  `shift` varchar(100) NOT NULL,
  `location` varchar(100) NOT NULL,
  `facebook` varchar(200) NOT NULL,
  `twitter` varchar(200) NOT NULL,
  `linkedin` varchar(200) NOT NULL,
  `instagram` varchar(200) NOT NULL,
  `resume` varchar(200) NOT NULL,
  `joining_letter` varchar(200) NOT NULL,
  `resignation_letter` varchar(200) NOT NULL,
  `other_document_name` varchar(200) NOT NULL,
  `other_document_file` varchar(200) NOT NULL,
  `user_id` int(11) NOT NULL,
  `is_active` int(11) NOT NULL,
  `verification_code` varchar(100) NOT NULL,
  `disable_at` date DEFAULT NULL,
  PRIMARY KEY (`id`),
  UNIQUE KEY `employee_id` (`employee_id`),
  KEY `designation` (`designation`),
  KEY `department` (`department`),
  CONSTRAINT `staff_ibfk_1` FOREIGN KEY (`designation`) REFERENCES `staff_designation` (`id`) ON DELETE CASCADE,
  CONSTRAINT `staff_ibfk_2` FOREIGN KEY (`department`) REFERENCES `department` (`id`) ON DELETE CASCADE
) ENGINE=InnoDB AUTO_INCREMENT=10 DEFAULT CHARSET=utf8;

INSERT INTO `staff` (`id`, `employee_id`, `lang_id`, `currency_id`, `department`, `designation`, `qualification`, `work_exp`, `name`, `surname`, `father_name`, `mother_name`, `contact_no`, `emergency_contact_no`, `email`, `dob`, `marital_status`, `date_of_joining`, `date_of_leaving`, `local_address`, `permanent_address`, `note`, `image`, `password`, `gender`, `account_title`, `bank_account_no`, `bank_name`, `ifsc_code`, `bank_branch`, `payscale`, `basic_salary`, `epf_no`, `contract_type`, `shift`, `location`, `facebook`, `twitter`, `linkedin`, `instagram`, `resume`, `joining_letter`, `resignation_letter`, `other_document_name`, `other_document_file`, `user_id`, `is_active`, `verification_code`, `disable_at`) VALUES (1, '9000', 0, 68, NULL, NULL, '', '', 'Super Admin', '', '', '', '', '', 'admin@gmail.com', '2020-01-01', '', NULL, NULL, '', '', '', '', '$2y$10$udNio7e6IItUbV94XCbaGO20MHV7LcwqvuCWMRxy52bnhfLAz9tR.', 'Male', '', '', '', '', '', '', 0, '', '', '', '', '', '', '', '', '', '', '', 'Other Document', '', 0, 1, '', NULL);
INSERT INTO `staff` (`id`, `employee_id`, `lang_id`, `currency_id`, `department`, `designation`, `qualification`, `work_exp`, `name`, `surname`, `father_name`, `mother_name`, `contact_no`, `emergency_contact_no`, `email`, `dob`, `marital_status`, `date_of_joining`, `date_of_leaving`, `local_address`, `permanent_address`, `note`, `image`, `password`, `gender`, `account_title`, `bank_account_no`, `bank_name`, `ifsc_code`, `bank_branch`, `payscale`, `basic_salary`, `epf_no`, `contract_type`, `shift`, `location`, `facebook`, `twitter`, `linkedin`, `instagram`, `resume`, `joining_letter`, `resignation_letter`, `other_document_name`, `other_document_file`, `user_id`, `is_active`, `verification_code`, `disable_at`) VALUES (2, '9002', 0, 0, 1, 1, 'Msc ', '12 Year ', 'Shivam', 'Verma', 'Pulkit Verma', 'Manisha Verma', '9552654564', '544454747', 'manisha@gmail.com', '1982-06-06', 'Married', '2010-10-03', NULL, '097 Avon Apartment', '097 Avon Apartment', '', '', '$2y$10$pTa3ETvoVNYJbRwtHVvvDuH2GTcU60.rz5e4AgBIYBbPNcdE.haGC', 'Male', '', '', '', '', '', '', 0, '', '', '', '', '', '', '', '', '', '', '', 'Other Document', '', 0, 1, '', NULL);
INSERT INTO `staff` (`id`, `employee_id`, `lang_id`, `currency_id`, `department`, `designation`, `qualification`, `work_exp`, `name`, `surname`, `father_name`, `mother_name`, `contact_no`, `emergency_contact_no`, `email`, `dob`, `marital_status`, `date_of_joining`, `date_of_leaving`, `local_address`, `permanent_address`, `note`, `image`, `password`, `gender`, `account_title`, `bank_account_no`, `bank_name`, `ifsc_code`, `bank_branch`, `payscale`, `basic_salary`, `epf_no`, `contract_type`, `shift`, `location`, `facebook`, `twitter`, `linkedin`, `instagram`, `resume`, `joining_letter`, `resignation_letter`, `other_document_name`, `other_document_file`, `user_id`, `is_active`, `verification_code`, `disable_at`) VALUES (3, '9006', 0, 0, 2, 7, 'B.Lib.', '6 year ', 'Brandon', 'Heart', 'Joseph Heart', 'Maxy Heart', '34564654', '456456456', 'brandon@gmail.com', '1988-04-03', 'Single', '2011-09-09', NULL, 'Boys Hostel', '323 Dox Street', '', '', '$2y$10$DT5R.F65nZoNyk21LiIScO/T8DZFHUKE.l2D21EGSRptrs5f/qzB.', 'Male', '', '', '', '', '', '', 0, '', '', '', '', '', '', '', '', '', '', '', '', '', 0, 0, '', '2023-08-31');
INSERT INTO `staff` (`id`, `employee_id`, `lang_id`, `currency_id`, `department`, `designation`, `qualification`, `work_exp`, `name`, `surname`, `father_name`, `mother_name`, `contact_no`, `emergency_contact_no`, `email`, `dob`, `marital_status`, `date_of_joining`, `date_of_leaving`, `local_address`, `permanent_address`, `note`, `image`, `password`, `gender`, `account_title`, `bank_account_no`, `bank_name`, `ifsc_code`, `bank_branch`, `payscale`, `basic_salary`, `epf_no`, `contract_type`, `shift`, `location`, `facebook`, `twitter`, `linkedin`, `instagram`, `resume`, `joining_letter`, `resignation_letter`, `other_document_name`, `other_document_file`, `user_id`, `is_active`, `verification_code`, `disable_at`) VALUES (4, '9003', 0, 0, 8, 5, 'M.S. M.Ed.', '18 Yrs', 'William', 'Abbot', 'Steve Abbot', 'Kim Abbot', '56465465', '56465465', 'william@gmail.com', '1962-03-06', 'Widowed', '2012-04-11', NULL, '12 Tower Apartment, Brooklyn', '12 Tower Apartment, Brooklyn', '', '', '$2y$10$0jDcwBJvtyIQWE0FpuXrOOte1pGys2RsexBPjrQMeqbdbwH4aLT/G', 'Male', '', '', '', '', '', '', 0, '', '', '', '', '', '', '', '', '', '', '', 'Other Document', '', 0, 1, '', NULL);
INSERT INTO `staff` (`id`, `employee_id`, `lang_id`, `currency_id`, `department`, `designation`, `qualification`, `work_exp`, `name`, `surname`, `father_name`, `mother_name`, `contact_no`, `emergency_contact_no`, `email`, `dob`, `marital_status`, `date_of_joining`, `date_of_leaving`, `local_address`, `permanent_address`, `note`, `image`, `password`, `gender`, `account_title`, `bank_account_no`, `bank_name`, `ifsc_code`, `bank_branch`, `payscale`, `basic_salary`, `epf_no`, `contract_type`, `shift`, `location`, `facebook`, `twitter`, `linkedin`, `instagram`, `resume`, `joining_letter`, `resignation_letter`, `other_document_name`, `other_document_file`, `user_id`, `is_active`, `verification_code`, `disable_at`) VALUES (5, '900002301', 0, 0, 1, 1, 'B.Ed.', '3 Yrs', 'Jason', 'Sharlton', 'Max Sharlton', 'Arya Sharlton', '46546654564', '5456121565', 'jason@gmail.com', '1980-04-06', 'Married', '2018-12-06', NULL, '83 Evan Street Brooklyn', '83 Evan Street Brooklyn', '', '', '$2y$10$Iq2xNUvTUFl515oPQbjQxu5P8S1/Okl4xndkxB.k2yyrQz4gAB9iK', 'Male', '', '', '', '', '', '', 0, '', '', '', '', '', '', '', '', '', '', '', 'Other Document', '', 0, 1, '', NULL);
INSERT INTO `staff` (`id`, `employee_id`, `lang_id`, `currency_id`, `department`, `designation`, `qualification`, `work_exp`, `name`, `surname`, `father_name`, `mother_name`, `contact_no`, `emergency_contact_no`, `email`, `dob`, `marital_status`, `date_of_joining`, `date_of_leaving`, `local_address`, `permanent_address`, `note`, `image`, `password`, `gender`, `account_title`, `bank_account_no`, `bank_name`, `ifsc_code`, `bank_branch`, `payscale`, `basic_salary`, `epf_no`, `contract_type`, `shift`, `location`, `facebook`, `twitter`, `linkedin`, `instagram`, `resume`, `joining_letter`, `resignation_letter`, `other_document_name`, `other_document_file`, `user_id`, `is_active`, `verification_code`, `disable_at`) VALUES (6, '9004', 0, 0, 9, 2, 'B.Com.', '5 Yrs', 'James', 'Deckar', 'Manu Deckar', 'Jen Deckar', '79786546463', '', 'james.deckar@gmail.com', '1987-01-10', 'Not Specified', '2015-03-02', NULL, '232, Saint Street, Boston, CA', '232, Saint Street, Boston, CA', '', '', '$2y$10$ohNPpPje5QY2TzNB5wqnjuTuVSnrfabuu2yajWA70rt9SFQb2VXRe', 'Male', '', '', '', '', '', '', 0, '', '', '', '', '', '', '', '', '', '', '', 'Other Document', '', 0, 1, '', NULL);
INSERT INTO `staff` (`id`, `employee_id`, `lang_id`, `currency_id`, `department`, `designation`, `qualification`, `work_exp`, `name`, `surname`, `father_name`, `mother_name`, `contact_no`, `emergency_contact_no`, `email`, `dob`, `marital_status`, `date_of_joining`, `date_of_leaving`, `local_address`, `permanent_address`, `note`, `image`, `password`, `gender`, `account_title`, `bank_account_no`, `bank_name`, `ifsc_code`, `bank_branch`, `payscale`, `basic_salary`, `epf_no`, `contract_type`, `shift`, `location`, `facebook`, `twitter`, `linkedin`, `instagram`, `resume`, `joining_letter`, `resignation_letter`, `other_document_name`, `other_document_file`, `user_id`, `is_active`, `verification_code`, `disable_at`) VALUES (7, '9005', 0, 0, 1, 4, 'M.B.A', '3 Yrs', 'Maria', 'Ford', 'James Ford', 'Lara Ford', '8521479630', '741258', 'maria.ford@gmail.com', '1992-10-02', 'Single', '2010-08-05', NULL, '8936 Wallace Street', '8936 Wallace Street', '', '', '$2y$10$AGARnFMkstkvqbXgxh6oLOLDfPwsJj4Zz1fTIWB5X0UK7rIgC./jy', 'Female', '', '', '', '', '', '', 0, '', '', '', '', '', '', '', '', '', '', '', 'Other Document', '', 0, 1, '', NULL);
INSERT INTO `staff` (`id`, `employee_id`, `lang_id`, `currency_id`, `department`, `designation`, `qualification`, `work_exp`, `name`, `surname`, `father_name`, `mother_name`, `contact_no`, `emergency_contact_no`, `email`, `dob`, `marital_status`, `date_of_joining`, `date_of_leaving`, `local_address`, `permanent_address`, `note`, `image`, `password`, `gender`, `account_title`, `bank_account_no`, `bank_name`, `ifsc_code`, `bank_branch`, `payscale`, `basic_salary`, `epf_no`, `contract_type`, `shift`, `location`, `facebook`, `twitter`, `linkedin`, `instagram`, `resume`, `joining_letter`, `resignation_letter`, `other_document_name`, `other_document_file`, `user_id`, `is_active`, `verification_code`, `disable_at`) VALUES (8, '52201', 0, 0, 6, 1, '', '', 'Albert', 'Thomas', 'David', '', '890879879', '', 'alvert@gmail.com', '2003-08-05', 'Married', '2022-03-07', NULL, '', '', '', '', '$2y$10$ZaEuvro9PqHr3NIg/E2.y.OJqWIHtSO0VKHTBdMATyh3MqQCnandC', 'Male', '', '', '', '', '', '', 0, '', '', '', '', '', '', '', '', '', '', '', 'Other Document', '', 0, 1, '', NULL);
INSERT INTO `staff` (`id`, `employee_id`, `lang_id`, `currency_id`, `department`, `designation`, `qualification`, `work_exp`, `name`, `surname`, `father_name`, `mother_name`, `contact_no`, `emergency_contact_no`, `email`, `dob`, `marital_status`, `date_of_joining`, `date_of_leaving`, `local_address`, `permanent_address`, `note`, `image`, `password`, `gender`, `account_title`, `bank_account_no`, `bank_name`, `ifsc_code`, `bank_branch`, `payscale`, `basic_salary`, `epf_no`, `contract_type`, `shift`, `location`, `facebook`, `twitter`, `linkedin`, `instagram`, `resume`, `joining_letter`, `resignation_letter`, `other_document_name`, `other_document_file`, `user_id`, `is_active`, `verification_code`, `disable_at`) VALUES (9, '459087', 0, 0, 8, 3, '', '', 'sunil', 'kumar', '', '', '', '', 'sunil@gmail.com', '2000-11-10', '', NULL, NULL, '', '', '', '', '$2y$10$3wwwLKD93c0PhK4v2lOPduXwjUScC0vKVtQMQN929G8mnseu.2jym', 'Male', '', '', '', '', '', '', 0, '', '', '', '', '', '', '', '', '', '', '', 'Other Document', '', 0, 1, '', NULL);


#
# TABLE STRUCTURE FOR: staff_attendance
#

DROP TABLE IF EXISTS `staff_attendance`;

CREATE TABLE `staff_attendance` (
  `id` int(11) NOT NULL AUTO_INCREMENT,
  `date` date NOT NULL,
  `staff_id` int(11) NOT NULL,
  `staff_attendance_type_id` int(11) NOT NULL,
  `biometric_attendence` int(1) DEFAULT '0',
  `biometric_device_data` text,
  `remark` varchar(200) NOT NULL,
  `is_active` int(11) NOT NULL,
  `created_at` datetime NOT NULL,
  `updated_at` date DEFAULT NULL,
  PRIMARY KEY (`id`),
  KEY `FK_staff_attendance_staff` (`staff_id`),
  KEY `FK_staff_attendance_staff_attendance_type` (`staff_attendance_type_id`),
  CONSTRAINT `FK_staff_attendance_staff` FOREIGN KEY (`staff_id`) REFERENCES `staff` (`id`) ON DELETE CASCADE,
  CONSTRAINT `FK_staff_attendance_staff_attendance_type` FOREIGN KEY (`staff_attendance_type_id`) REFERENCES `staff_attendance_type` (`id`) ON DELETE CASCADE
) ENGINE=InnoDB AUTO_INCREMENT=22 DEFAULT CHARSET=utf8;

INSERT INTO `staff_attendance` (`id`, `date`, `staff_id`, `staff_attendance_type_id`, `biometric_attendence`, `biometric_device_data`, `remark`, `is_active`, `created_at`, `updated_at`) VALUES (1, '2023-08-31', 2, 1, 0, NULL, '', 0, '0000-00-00 00:00:00', NULL);
INSERT INTO `staff_attendance` (`id`, `date`, `staff_id`, `staff_attendance_type_id`, `biometric_attendence`, `biometric_device_data`, `remark`, `is_active`, `created_at`, `updated_at`) VALUES (2, '2023-08-31', 5, 1, 0, NULL, '', 0, '0000-00-00 00:00:00', NULL);
INSERT INTO `staff_attendance` (`id`, `date`, `staff_id`, `staff_attendance_type_id`, `biometric_attendence`, `biometric_device_data`, `remark`, `is_active`, `created_at`, `updated_at`) VALUES (3, '2023-08-31', 8, 1, 0, NULL, '', 0, '0000-00-00 00:00:00', NULL);
INSERT INTO `staff_attendance` (`id`, `date`, `staff_id`, `staff_attendance_type_id`, `biometric_attendence`, `biometric_device_data`, `remark`, `is_active`, `created_at`, `updated_at`) VALUES (4, '2023-08-30', 2, 3, 0, NULL, '', 0, '0000-00-00 00:00:00', NULL);
INSERT INTO `staff_attendance` (`id`, `date`, `staff_id`, `staff_attendance_type_id`, `biometric_attendence`, `biometric_device_data`, `remark`, `is_active`, `created_at`, `updated_at`) VALUES (5, '2023-08-30', 5, 1, 0, NULL, '', 0, '0000-00-00 00:00:00', NULL);
INSERT INTO `staff_attendance` (`id`, `date`, `staff_id`, `staff_attendance_type_id`, `biometric_attendence`, `biometric_device_data`, `remark`, `is_active`, `created_at`, `updated_at`) VALUES (6, '2023-08-30', 8, 2, 0, NULL, '', 0, '0000-00-00 00:00:00', NULL);
INSERT INTO `staff_attendance` (`id`, `date`, `staff_id`, `staff_attendance_type_id`, `biometric_attendence`, `biometric_device_data`, `remark`, `is_active`, `created_at`, `updated_at`) VALUES (7, '2023-08-29', 2, 1, 0, NULL, '', 0, '0000-00-00 00:00:00', NULL);
INSERT INTO `staff_attendance` (`id`, `date`, `staff_id`, `staff_attendance_type_id`, `biometric_attendence`, `biometric_device_data`, `remark`, `is_active`, `created_at`, `updated_at`) VALUES (8, '2023-08-29', 5, 4, 0, NULL, '', 0, '0000-00-00 00:00:00', NULL);
INSERT INTO `staff_attendance` (`id`, `date`, `staff_id`, `staff_attendance_type_id`, `biometric_attendence`, `biometric_device_data`, `remark`, `is_active`, `created_at`, `updated_at`) VALUES (9, '2023-08-29', 8, 4, 0, NULL, '', 0, '0000-00-00 00:00:00', NULL);
INSERT INTO `staff_attendance` (`id`, `date`, `staff_id`, `staff_attendance_type_id`, `biometric_attendence`, `biometric_device_data`, `remark`, `is_active`, `created_at`, `updated_at`) VALUES (10, '2023-08-19', 2, 1, 0, NULL, '', 0, '0000-00-00 00:00:00', NULL);
INSERT INTO `staff_attendance` (`id`, `date`, `staff_id`, `staff_attendance_type_id`, `biometric_attendence`, `biometric_device_data`, `remark`, `is_active`, `created_at`, `updated_at`) VALUES (11, '2023-08-19', 5, 2, 0, NULL, '', 0, '0000-00-00 00:00:00', NULL);
INSERT INTO `staff_attendance` (`id`, `date`, `staff_id`, `staff_attendance_type_id`, `biometric_attendence`, `biometric_device_data`, `remark`, `is_active`, `created_at`, `updated_at`) VALUES (12, '2023-08-19', 8, 2, 0, NULL, '', 0, '0000-00-00 00:00:00', NULL);
INSERT INTO `staff_attendance` (`id`, `date`, `staff_id`, `staff_attendance_type_id`, `biometric_attendence`, `biometric_device_data`, `remark`, `is_active`, `created_at`, `updated_at`) VALUES (13, '2023-08-20', 2, 1, 0, NULL, '', 0, '0000-00-00 00:00:00', NULL);
INSERT INTO `staff_attendance` (`id`, `date`, `staff_id`, `staff_attendance_type_id`, `biometric_attendence`, `biometric_device_data`, `remark`, `is_active`, `created_at`, `updated_at`) VALUES (14, '2023-08-20', 5, 4, 0, NULL, '', 0, '0000-00-00 00:00:00', NULL);
INSERT INTO `staff_attendance` (`id`, `date`, `staff_id`, `staff_attendance_type_id`, `biometric_attendence`, `biometric_device_data`, `remark`, `is_active`, `created_at`, `updated_at`) VALUES (15, '2023-08-20', 8, 4, 0, NULL, '', 0, '0000-00-00 00:00:00', NULL);
INSERT INTO `staff_attendance` (`id`, `date`, `staff_id`, `staff_attendance_type_id`, `biometric_attendence`, `biometric_device_data`, `remark`, `is_active`, `created_at`, `updated_at`) VALUES (16, '2023-08-21', 2, 1, 0, NULL, '', 0, '0000-00-00 00:00:00', NULL);
INSERT INTO `staff_attendance` (`id`, `date`, `staff_id`, `staff_attendance_type_id`, `biometric_attendence`, `biometric_device_data`, `remark`, `is_active`, `created_at`, `updated_at`) VALUES (17, '2023-08-21', 5, 1, 0, NULL, '', 0, '0000-00-00 00:00:00', NULL);
INSERT INTO `staff_attendance` (`id`, `date`, `staff_id`, `staff_attendance_type_id`, `biometric_attendence`, `biometric_device_data`, `remark`, `is_active`, `created_at`, `updated_at`) VALUES (18, '2023-08-21', 8, 1, 0, NULL, '', 0, '0000-00-00 00:00:00', NULL);
INSERT INTO `staff_attendance` (`id`, `date`, `staff_id`, `staff_attendance_type_id`, `biometric_attendence`, `biometric_device_data`, `remark`, `is_active`, `created_at`, `updated_at`) VALUES (19, '2023-08-17', 2, 1, 0, NULL, '', 0, '0000-00-00 00:00:00', NULL);
INSERT INTO `staff_attendance` (`id`, `date`, `staff_id`, `staff_attendance_type_id`, `biometric_attendence`, `biometric_device_data`, `remark`, `is_active`, `created_at`, `updated_at`) VALUES (20, '2023-08-17', 5, 1, 0, NULL, '', 0, '0000-00-00 00:00:00', NULL);
INSERT INTO `staff_attendance` (`id`, `date`, `staff_id`, `staff_attendance_type_id`, `biometric_attendence`, `biometric_device_data`, `remark`, `is_active`, `created_at`, `updated_at`) VALUES (21, '2023-08-17', 8, 1, 0, NULL, '', 0, '0000-00-00 00:00:00', NULL);


#
# TABLE STRUCTURE FOR: staff_attendance_type
#

DROP TABLE IF EXISTS `staff_attendance_type`;

CREATE TABLE `staff_attendance_type` (
  `id` int(11) NOT NULL AUTO_INCREMENT,
  `type` varchar(200) NOT NULL,
  `key_value` varchar(200) NOT NULL,
  `is_active` varchar(50) NOT NULL,
  `created_at` timestamp NOT NULL DEFAULT CURRENT_TIMESTAMP ON UPDATE CURRENT_TIMESTAMP,
  `updated_at` date DEFAULT NULL,
  PRIMARY KEY (`id`)
) ENGINE=InnoDB AUTO_INCREMENT=6 DEFAULT CHARSET=utf8;

INSERT INTO `staff_attendance_type` (`id`, `type`, `key_value`, `is_active`, `created_at`, `updated_at`) VALUES (1, 'Present', '<b class=\"text text-success\">P</b>', 'yes', '0000-00-00 00:00:00', '0000-00-00');
INSERT INTO `staff_attendance_type` (`id`, `type`, `key_value`, `is_active`, `created_at`, `updated_at`) VALUES (2, 'Late', '<b class=\"text text-warning\">L</b>', 'yes', '0000-00-00 00:00:00', '0000-00-00');
INSERT INTO `staff_attendance_type` (`id`, `type`, `key_value`, `is_active`, `created_at`, `updated_at`) VALUES (3, 'Absent', '<b class=\"text text-danger\">A</b>', 'yes', '0000-00-00 00:00:00', '0000-00-00');
INSERT INTO `staff_attendance_type` (`id`, `type`, `key_value`, `is_active`, `created_at`, `updated_at`) VALUES (4, 'Half Day', '<b class=\"text text-warning\">F</b>', 'yes', '2018-05-07 07:26:16', '0000-00-00');
INSERT INTO `staff_attendance_type` (`id`, `type`, `key_value`, `is_active`, `created_at`, `updated_at`) VALUES (5, 'Holiday', 'H', 'yes', '0000-00-00 00:00:00', '0000-00-00');


#
# TABLE STRUCTURE FOR: staff_designation
#

DROP TABLE IF EXISTS `staff_designation`;

CREATE TABLE `staff_designation` (
  `id` int(11) NOT NULL AUTO_INCREMENT,
  `designation` varchar(200) NOT NULL,
  `is_active` varchar(100) NOT NULL,
  PRIMARY KEY (`id`)
) ENGINE=InnoDB AUTO_INCREMENT=9 DEFAULT CHARSET=utf8;

INSERT INTO `staff_designation` (`id`, `designation`, `is_active`) VALUES (1, 'Faculty', 'yes');
INSERT INTO `staff_designation` (`id`, `designation`, `is_active`) VALUES (2, 'Accountant', 'yes');
INSERT INTO `staff_designation` (`id`, `designation`, `is_active`) VALUES (3, 'Admin', 'yes');
INSERT INTO `staff_designation` (`id`, `designation`, `is_active`) VALUES (4, 'Receptionist', 'yes');
INSERT INTO `staff_designation` (`id`, `designation`, `is_active`) VALUES (5, 'Principal', 'yes');
INSERT INTO `staff_designation` (`id`, `designation`, `is_active`) VALUES (6, 'Director', 'yes');
INSERT INTO `staff_designation` (`id`, `designation`, `is_active`) VALUES (7, 'Librarian', 'yes');
INSERT INTO `staff_designation` (`id`, `designation`, `is_active`) VALUES (8, 'Technical Head	', 'yes');


#
# TABLE STRUCTURE FOR: staff_id_card
#

DROP TABLE IF EXISTS `staff_id_card`;

CREATE TABLE `staff_id_card` (
  `id` int(11) NOT NULL AUTO_INCREMENT,
  `title` varchar(255) NOT NULL,
  `school_name` varchar(255) NOT NULL,
  `school_address` varchar(255) NOT NULL,
  `background` varchar(100) NOT NULL,
  `logo` varchar(100) NOT NULL,
  `sign_image` varchar(100) NOT NULL,
  `header_color` varchar(100) NOT NULL,
  `enable_vertical_card` int(11) NOT NULL DEFAULT '0',
  `enable_staff_role` tinyint(1) NOT NULL COMMENT '0=disable,1=enable',
  `enable_staff_id` tinyint(1) NOT NULL COMMENT '0=disable,1=enable',
  `enable_staff_department` tinyint(1) NOT NULL COMMENT '0=disable,1=enable',
  `enable_designation` tinyint(1) NOT NULL COMMENT '0=disable,1=enable',
  `enable_name` tinyint(1) NOT NULL COMMENT '0=disable,1=enable',
  `enable_fathers_name` tinyint(1) NOT NULL COMMENT '0=disable,1=enable',
  `enable_mothers_name` tinyint(1) NOT NULL COMMENT '0=disable,1=enable',
  `enable_date_of_joining` tinyint(1) NOT NULL COMMENT '0=disable,1=enable',
  `enable_permanent_address` tinyint(1) NOT NULL COMMENT '0=disable,1=enable',
  `enable_staff_dob` tinyint(1) NOT NULL COMMENT '0=disable,1=enable',
  `enable_staff_phone` tinyint(1) NOT NULL COMMENT '0=disable,1=enable',
  `enable_staff_barcode` tinyint(1) NOT NULL COMMENT '0=disable,1=enable',
  `status` tinyint(1) NOT NULL COMMENT '0=disable,1=enable',
  PRIMARY KEY (`id`)
) ENGINE=InnoDB AUTO_INCREMENT=3 DEFAULT CHARSET=utf8;

INSERT INTO `staff_id_card` (`id`, `title`, `school_name`, `school_address`, `background`, `logo`, `sign_image`, `header_color`, `enable_vertical_card`, `enable_staff_role`, `enable_staff_id`, `enable_staff_department`, `enable_designation`, `enable_name`, `enable_fathers_name`, `enable_mothers_name`, `enable_date_of_joining`, `enable_permanent_address`, `enable_staff_dob`, `enable_staff_phone`, `enable_staff_barcode`, `status`) VALUES (1, 'Sample Staff ID Card Horizontal', 'Mount Carmel School', '110 Kings Street, CA', 'background1.png', 'logo1.png', 'sign1.png', '#9b1818', 0, 0, 1, 0, 0, 1, 1, 1, 1, 1, 1, 1, 0, 1);
INSERT INTO `staff_id_card` (`id`, `title`, `school_name`, `school_address`, `background`, `logo`, `sign_image`, `header_color`, `enable_vertical_card`, `enable_staff_role`, `enable_staff_id`, `enable_staff_department`, `enable_designation`, `enable_name`, `enable_fathers_name`, `enable_mothers_name`, `enable_date_of_joining`, `enable_permanent_address`, `enable_staff_dob`, `enable_staff_phone`, `enable_staff_barcode`, `status`) VALUES (2, 'Sample Staff ID Card Vertical', 'Mount Carmel School', '110 Kings Street, CA', 'background1.png', 'logo1.png', 'sign1.png', '#9b1818', 1, 0, 1, 0, 0, 1, 1, 1, 1, 1, 1, 1, 0, 1);


#
# TABLE STRUCTURE FOR: staff_leave_details
#

DROP TABLE IF EXISTS `staff_leave_details`;

CREATE TABLE `staff_leave_details` (
  `id` int(11) NOT NULL AUTO_INCREMENT,
  `staff_id` int(11) NOT NULL,
  `leave_type_id` int(11) NOT NULL,
  `alloted_leave` varchar(100) NOT NULL,
  PRIMARY KEY (`id`),
  KEY `FK_staff_leave_details_staff` (`staff_id`),
  KEY `FK_staff_leave_details_leave_types` (`leave_type_id`),
  CONSTRAINT `FK_staff_leave_details_leave_types` FOREIGN KEY (`leave_type_id`) REFERENCES `leave_types` (`id`) ON DELETE CASCADE,
  CONSTRAINT `FK_staff_leave_details_staff` FOREIGN KEY (`staff_id`) REFERENCES `staff` (`id`) ON DELETE CASCADE
) ENGINE=InnoDB AUTO_INCREMENT=36 DEFAULT CHARSET=utf8;

INSERT INTO `staff_leave_details` (`id`, `staff_id`, `leave_type_id`, `alloted_leave`) VALUES (1, 2, 1, '5');
INSERT INTO `staff_leave_details` (`id`, `staff_id`, `leave_type_id`, `alloted_leave`) VALUES (2, 2, 2, '5');
INSERT INTO `staff_leave_details` (`id`, `staff_id`, `leave_type_id`, `alloted_leave`) VALUES (3, 2, 3, '5');
INSERT INTO `staff_leave_details` (`id`, `staff_id`, `leave_type_id`, `alloted_leave`) VALUES (4, 3, 1, '');
INSERT INTO `staff_leave_details` (`id`, `staff_id`, `leave_type_id`, `alloted_leave`) VALUES (5, 3, 2, '');
INSERT INTO `staff_leave_details` (`id`, `staff_id`, `leave_type_id`, `alloted_leave`) VALUES (6, 3, 3, '');
INSERT INTO `staff_leave_details` (`id`, `staff_id`, `leave_type_id`, `alloted_leave`) VALUES (7, 4, 1, '5');
INSERT INTO `staff_leave_details` (`id`, `staff_id`, `leave_type_id`, `alloted_leave`) VALUES (8, 4, 2, '5');
INSERT INTO `staff_leave_details` (`id`, `staff_id`, `leave_type_id`, `alloted_leave`) VALUES (9, 4, 3, '5');
INSERT INTO `staff_leave_details` (`id`, `staff_id`, `leave_type_id`, `alloted_leave`) VALUES (10, 5, 1, '5');
INSERT INTO `staff_leave_details` (`id`, `staff_id`, `leave_type_id`, `alloted_leave`) VALUES (11, 5, 2, '5');
INSERT INTO `staff_leave_details` (`id`, `staff_id`, `leave_type_id`, `alloted_leave`) VALUES (12, 5, 3, '5');
INSERT INTO `staff_leave_details` (`id`, `staff_id`, `leave_type_id`, `alloted_leave`) VALUES (13, 6, 1, '5');
INSERT INTO `staff_leave_details` (`id`, `staff_id`, `leave_type_id`, `alloted_leave`) VALUES (14, 6, 2, '5');
INSERT INTO `staff_leave_details` (`id`, `staff_id`, `leave_type_id`, `alloted_leave`) VALUES (15, 6, 3, '5');
INSERT INTO `staff_leave_details` (`id`, `staff_id`, `leave_type_id`, `alloted_leave`) VALUES (16, 7, 1, '5');
INSERT INTO `staff_leave_details` (`id`, `staff_id`, `leave_type_id`, `alloted_leave`) VALUES (17, 7, 2, '5');
INSERT INTO `staff_leave_details` (`id`, `staff_id`, `leave_type_id`, `alloted_leave`) VALUES (18, 7, 3, '5');
INSERT INTO `staff_leave_details` (`id`, `staff_id`, `leave_type_id`, `alloted_leave`) VALUES (19, 8, 1, '5');
INSERT INTO `staff_leave_details` (`id`, `staff_id`, `leave_type_id`, `alloted_leave`) VALUES (20, 8, 2, '5');
INSERT INTO `staff_leave_details` (`id`, `staff_id`, `leave_type_id`, `alloted_leave`) VALUES (21, 8, 3, '5');
INSERT INTO `staff_leave_details` (`id`, `staff_id`, `leave_type_id`, `alloted_leave`) VALUES (22, 1, 1, '5');
INSERT INTO `staff_leave_details` (`id`, `staff_id`, `leave_type_id`, `alloted_leave`) VALUES (23, 1, 2, '5');
INSERT INTO `staff_leave_details` (`id`, `staff_id`, `leave_type_id`, `alloted_leave`) VALUES (24, 1, 3, '5');
INSERT INTO `staff_leave_details` (`id`, `staff_id`, `leave_type_id`, `alloted_leave`) VALUES (25, 1, 4, '5');
INSERT INTO `staff_leave_details` (`id`, `staff_id`, `leave_type_id`, `alloted_leave`) VALUES (26, 2, 4, '5');
INSERT INTO `staff_leave_details` (`id`, `staff_id`, `leave_type_id`, `alloted_leave`) VALUES (27, 5, 4, '5');
INSERT INTO `staff_leave_details` (`id`, `staff_id`, `leave_type_id`, `alloted_leave`) VALUES (28, 8, 4, '5');
INSERT INTO `staff_leave_details` (`id`, `staff_id`, `leave_type_id`, `alloted_leave`) VALUES (29, 6, 4, '5');
INSERT INTO `staff_leave_details` (`id`, `staff_id`, `leave_type_id`, `alloted_leave`) VALUES (30, 4, 4, '5');
INSERT INTO `staff_leave_details` (`id`, `staff_id`, `leave_type_id`, `alloted_leave`) VALUES (31, 7, 4, '5');
INSERT INTO `staff_leave_details` (`id`, `staff_id`, `leave_type_id`, `alloted_leave`) VALUES (32, 9, 1, '');
INSERT INTO `staff_leave_details` (`id`, `staff_id`, `leave_type_id`, `alloted_leave`) VALUES (33, 9, 2, '');
INSERT INTO `staff_leave_details` (`id`, `staff_id`, `leave_type_id`, `alloted_leave`) VALUES (34, 9, 3, '');
INSERT INTO `staff_leave_details` (`id`, `staff_id`, `leave_type_id`, `alloted_leave`) VALUES (35, 9, 4, '');


#
# TABLE STRUCTURE FOR: staff_leave_request
#

DROP TABLE IF EXISTS `staff_leave_request`;

CREATE TABLE `staff_leave_request` (
  `id` int(11) NOT NULL AUTO_INCREMENT,
  `staff_id` int(11) NOT NULL,
  `leave_type_id` int(11) NOT NULL,
  `leave_from` date NOT NULL,
  `leave_to` date NOT NULL,
  `leave_days` int(11) NOT NULL,
  `employee_remark` varchar(200) NOT NULL,
  `admin_remark` varchar(200) NOT NULL,
  `status` varchar(50) NOT NULL,
  `applied_by` int(11) DEFAULT NULL,
  `document_file` varchar(200) NOT NULL,
  `date` date NOT NULL,
  `created_at` timestamp NOT NULL DEFAULT CURRENT_TIMESTAMP,
  PRIMARY KEY (`id`),
  KEY `FK_staff_leave_request_staff` (`staff_id`),
  KEY `FK_staff_leave_request_leave_types` (`leave_type_id`),
  KEY `applied_by` (`applied_by`),
  CONSTRAINT `FK_staff_leave_request_staff` FOREIGN KEY (`staff_id`) REFERENCES `staff` (`id`) ON DELETE CASCADE,
  CONSTRAINT `staff_leave_request_ibfk_1` FOREIGN KEY (`applied_by`) REFERENCES `staff` (`id`) ON DELETE CASCADE,
  CONSTRAINT `staff_leave_request_ibfk_2` FOREIGN KEY (`leave_type_id`) REFERENCES `leave_types` (`id`) ON DELETE CASCADE
) ENGINE=InnoDB AUTO_INCREMENT=5 DEFAULT CHARSET=utf8;

INSERT INTO `staff_leave_request` (`id`, `staff_id`, `leave_type_id`, `leave_from`, `leave_to`, `leave_days`, `employee_remark`, `admin_remark`, `status`, `applied_by`, `document_file`, `date`, `created_at`) VALUES (1, 2, 1, '2023-09-01', '2023-09-05', 5, 'wdfgh', 'zxcvb ', 'pending', 1, '', '2023-08-31', '2023-08-31 14:13:43');
INSERT INTO `staff_leave_request` (`id`, `staff_id`, `leave_type_id`, `leave_from`, `leave_to`, `leave_days`, `employee_remark`, `admin_remark`, `status`, `applied_by`, `document_file`, `date`, `created_at`) VALUES (2, 2, 3, '2023-09-01', '2023-09-03', 3, '', '', 'approved', 1, '', '2023-08-31', '2023-08-31 14:14:37');
INSERT INTO `staff_leave_request` (`id`, `staff_id`, `leave_type_id`, `leave_from`, `leave_to`, `leave_days`, `employee_remark`, `admin_remark`, `status`, `applied_by`, `document_file`, `date`, `created_at`) VALUES (3, 6, 2, '2023-09-01', '2023-09-04', 4, 'werfghj', 'sdfg', 'disapproved', 1, '', '2023-08-31', '2023-08-31 14:15:27');
INSERT INTO `staff_leave_request` (`id`, `staff_id`, `leave_type_id`, `leave_from`, `leave_to`, `leave_days`, `employee_remark`, `admin_remark`, `status`, `applied_by`, `document_file`, `date`, `created_at`) VALUES (4, 1, 1, '2023-09-01', '2023-09-02', 2, 'werghjk', '', 'pending', 1, '', '2023-08-31', '2023-08-31 14:17:48');


#
# TABLE STRUCTURE FOR: staff_payroll
#

DROP TABLE IF EXISTS `staff_payroll`;

CREATE TABLE `staff_payroll` (
  `id` int(11) NOT NULL AUTO_INCREMENT,
  `basic_salary` int(11) NOT NULL,
  `pay_scale` varchar(200) NOT NULL,
  `grade` varchar(50) NOT NULL,
  `is_active` varchar(50) NOT NULL,
  PRIMARY KEY (`id`)
) ENGINE=InnoDB DEFAULT CHARSET=utf8;

#
# TABLE STRUCTURE FOR: staff_payslip
#

DROP TABLE IF EXISTS `staff_payslip`;

CREATE TABLE `staff_payslip` (
  `id` int(11) NOT NULL AUTO_INCREMENT,
  `staff_id` int(11) NOT NULL,
  `basic` float(10,2) NOT NULL,
  `total_allowance` float(10,2) NOT NULL,
  `total_deduction` float(10,2) NOT NULL,
  `leave_deduction` int(11) NOT NULL,
  `tax` varchar(200) NOT NULL,
  `net_salary` float(10,2) NOT NULL,
  `status` varchar(100) NOT NULL,
  `month` varchar(200) NOT NULL,
  `year` varchar(200) NOT NULL,
  `payment_mode` varchar(200) NOT NULL,
  `payment_date` date NOT NULL,
  `remark` varchar(200) NOT NULL,
  `generated_by` int(11) DEFAULT NULL,
  `created_at` timestamp NOT NULL DEFAULT CURRENT_TIMESTAMP ON UPDATE CURRENT_TIMESTAMP,
  PRIMARY KEY (`id`),
  KEY `FK_staff_payslip_staff` (`staff_id`),
  CONSTRAINT `FK_staff_payslip_staff` FOREIGN KEY (`staff_id`) REFERENCES `staff` (`id`) ON DELETE CASCADE
) ENGINE=InnoDB AUTO_INCREMENT=2 DEFAULT CHARSET=utf8;

INSERT INTO `staff_payslip` (`id`, `staff_id`, `basic`, `total_allowance`, `total_deduction`, `leave_deduction`, `tax`, `net_salary`, `status`, `month`, `year`, `payment_mode`, `payment_date`, `remark`, `generated_by`, `created_at`) VALUES (1, 2, '21000.00', '500.00', '300.00', 0, '500', '23000.00', 'paid', 'July', '2023', 'cash', '2023-08-31', '', 1, '2023-08-31 11:14:46');


#
# TABLE STRUCTURE FOR: staff_rating
#

DROP TABLE IF EXISTS `staff_rating`;

CREATE TABLE `staff_rating` (
  `id` int(11) NOT NULL AUTO_INCREMENT,
  `staff_id` int(11) NOT NULL,
  `comment` text NOT NULL,
  `rate` int(11) NOT NULL,
  `user_id` int(11) NOT NULL,
  `role` varchar(255) NOT NULL,
  `status` int(11) NOT NULL COMMENT '0 decline, 1 Approve',
  `entrydt` timestamp NOT NULL DEFAULT CURRENT_TIMESTAMP ON UPDATE CURRENT_TIMESTAMP,
  PRIMARY KEY (`id`),
  KEY `FK_staff_rating_staff` (`staff_id`),
  CONSTRAINT `FK_staff_rating_staff` FOREIGN KEY (`staff_id`) REFERENCES `staff` (`id`) ON DELETE CASCADE
) ENGINE=InnoDB AUTO_INCREMENT=3 DEFAULT CHARSET=utf8;

INSERT INTO `staff_rating` (`id`, `staff_id`, `comment`, `rate`, `user_id`, `role`, `status`, `entrydt`) VALUES (1, 5, 'good explanation', 4, 207, 'student', 1, '2023-08-31 14:33:21');
INSERT INTO `staff_rating` (`id`, `staff_id`, `comment`, `rate`, `user_id`, `role`, `status`, `entrydt`) VALUES (2, 8, 'excellent', 5, 207, 'student', 0, '2023-08-31 14:32:20');


#
# TABLE STRUCTURE FOR: staff_roles
#

DROP TABLE IF EXISTS `staff_roles`;

CREATE TABLE `staff_roles` (
  `id` int(11) NOT NULL AUTO_INCREMENT,
  `role_id` int(11) DEFAULT NULL,
  `staff_id` int(11) DEFAULT NULL,
  `is_active` int(11) DEFAULT '0',
  `created_at` timestamp NOT NULL DEFAULT CURRENT_TIMESTAMP ON UPDATE CURRENT_TIMESTAMP,
  `updated_at` date DEFAULT NULL,
  PRIMARY KEY (`id`),
  KEY `role_id` (`role_id`),
  KEY `staff_id` (`staff_id`),
  CONSTRAINT `FK_staff_roles_roles` FOREIGN KEY (`role_id`) REFERENCES `roles` (`id`) ON DELETE CASCADE,
  CONSTRAINT `FK_staff_roles_staff` FOREIGN KEY (`staff_id`) REFERENCES `staff` (`id`) ON DELETE CASCADE
) ENGINE=InnoDB AUTO_INCREMENT=10 DEFAULT CHARSET=utf8;

INSERT INTO `staff_roles` (`id`, `role_id`, `staff_id`, `is_active`, `created_at`, `updated_at`) VALUES (1, 7, 1, 0, '2023-07-29 09:05:51', NULL);
INSERT INTO `staff_roles` (`id`, `role_id`, `staff_id`, `is_active`, `created_at`, `updated_at`) VALUES (2, 2, 2, 0, '2023-08-11 22:42:16', NULL);
INSERT INTO `staff_roles` (`id`, `role_id`, `staff_id`, `is_active`, `created_at`, `updated_at`) VALUES (3, 4, 3, 0, '2023-08-11 22:44:51', NULL);
INSERT INTO `staff_roles` (`id`, `role_id`, `staff_id`, `is_active`, `created_at`, `updated_at`) VALUES (4, 1, 4, 0, '2023-08-11 22:47:15', NULL);
INSERT INTO `staff_roles` (`id`, `role_id`, `staff_id`, `is_active`, `created_at`, `updated_at`) VALUES (5, 2, 5, 0, '2023-08-11 22:49:50', NULL);
INSERT INTO `staff_roles` (`id`, `role_id`, `staff_id`, `is_active`, `created_at`, `updated_at`) VALUES (6, 3, 6, 0, '2023-08-11 22:51:36', NULL);
INSERT INTO `staff_roles` (`id`, `role_id`, `staff_id`, `is_active`, `created_at`, `updated_at`) VALUES (7, 6, 7, 0, '2023-08-11 22:53:56', NULL);
INSERT INTO `staff_roles` (`id`, `role_id`, `staff_id`, `is_active`, `created_at`, `updated_at`) VALUES (8, 2, 8, 0, '2023-08-11 22:55:36', NULL);
INSERT INTO `staff_roles` (`id`, `role_id`, `staff_id`, `is_active`, `created_at`, `updated_at`) VALUES (9, 1, 9, 0, '2023-09-04 20:31:13', NULL);


#
# TABLE STRUCTURE FOR: staff_timeline
#

DROP TABLE IF EXISTS `staff_timeline`;

CREATE TABLE `staff_timeline` (
  `id` int(11) NOT NULL AUTO_INCREMENT,
  `staff_id` int(11) NOT NULL,
  `title` varchar(200) NOT NULL,
  `timeline_date` date NOT NULL,
  `description` varchar(300) NOT NULL,
  `document` varchar(200) NOT NULL,
  `status` varchar(200) NOT NULL,
  `date` date NOT NULL,
  `created_at` timestamp NOT NULL DEFAULT CURRENT_TIMESTAMP,
  PRIMARY KEY (`id`),
  KEY `FK_staff_timeline_staff` (`staff_id`),
  CONSTRAINT `FK_staff_timeline_staff` FOREIGN KEY (`staff_id`) REFERENCES `staff` (`id`) ON DELETE CASCADE
) ENGINE=InnoDB DEFAULT CHARSET=utf8;

#
# TABLE STRUCTURE FOR: student_applyleave
#

DROP TABLE IF EXISTS `student_applyleave`;

CREATE TABLE `student_applyleave` (
  `id` int(11) NOT NULL AUTO_INCREMENT,
  `student_session_id` int(11) NOT NULL,
  `from_date` date NOT NULL,
  `to_date` date NOT NULL,
  `apply_date` date NOT NULL,
  `status` int(1) NOT NULL,
  `docs` varchar(200) DEFAULT NULL,
  `reason` text NOT NULL,
  `approve_by` int(11) DEFAULT NULL,
  `approve_date` date DEFAULT NULL,
  `request_type` int(11) NOT NULL COMMENT '0 student,1 staff',
  `created_at` timestamp NOT NULL DEFAULT CURRENT_TIMESTAMP ON UPDATE CURRENT_TIMESTAMP,
  PRIMARY KEY (`id`),
  KEY `student_session_id` (`student_session_id`),
  KEY `approve_by` (`approve_by`),
  CONSTRAINT `student_applyleave_ibfk_1` FOREIGN KEY (`student_session_id`) REFERENCES `student_session` (`id`) ON DELETE CASCADE,
  CONSTRAINT `student_applyleave_ibfk_2` FOREIGN KEY (`approve_by`) REFERENCES `staff` (`id`) ON DELETE CASCADE
) ENGINE=InnoDB AUTO_INCREMENT=3 DEFAULT CHARSET=utf8;

INSERT INTO `student_applyleave` (`id`, `student_session_id`, `from_date`, `to_date`, `apply_date`, `status`, `docs`, `reason`, `approve_by`, `approve_date`, `request_type`, `created_at`) VALUES (1, 107, '2023-08-12', '2023-08-29', '2023-08-30', 1, NULL, 'wedfghjk', 1, '2023-08-30', 1, '2023-08-30 16:50:49');
INSERT INTO `student_applyleave` (`id`, `student_session_id`, `from_date`, `to_date`, `apply_date`, `status`, `docs`, `reason`, `approve_by`, `approve_date`, `request_type`, `created_at`) VALUES (2, 109, '2023-08-01', '2023-08-25', '2023-08-30', 0, NULL, 'oiuygfds', NULL, NULL, 1, '2023-08-30 16:51:13');


#
# TABLE STRUCTURE FOR: student_attendences
#

DROP TABLE IF EXISTS `student_attendences`;

CREATE TABLE `student_attendences` (
  `id` int(11) NOT NULL AUTO_INCREMENT,
  `student_session_id` int(11) DEFAULT NULL,
  `biometric_attendence` int(1) NOT NULL DEFAULT '0',
  `date` date DEFAULT NULL,
  `attendence_type_id` int(11) DEFAULT NULL,
  `remark` varchar(200) NOT NULL,
  `biometric_device_data` text,
  `is_active` varchar(255) DEFAULT 'no',
  `created_at` timestamp NOT NULL DEFAULT CURRENT_TIMESTAMP ON UPDATE CURRENT_TIMESTAMP,
  `updated_at` timestamp NULL DEFAULT NULL,
  PRIMARY KEY (`id`),
  KEY `student_session_id` (`student_session_id`),
  KEY `attendence_type_id` (`attendence_type_id`),
  CONSTRAINT `student_attendences_ibfk_1` FOREIGN KEY (`attendence_type_id`) REFERENCES `attendence_type` (`id`) ON DELETE CASCADE,
  CONSTRAINT `student_attendences_ibfk_2` FOREIGN KEY (`student_session_id`) REFERENCES `student_session` (`id`) ON DELETE CASCADE
) ENGINE=InnoDB DEFAULT CHARSET=utf8;

#
# TABLE STRUCTURE FOR: student_doc
#

DROP TABLE IF EXISTS `student_doc`;

CREATE TABLE `student_doc` (
  `id` int(11) NOT NULL AUTO_INCREMENT,
  `student_id` int(11) DEFAULT NULL,
  `title` varchar(200) DEFAULT NULL,
  `doc` varchar(200) DEFAULT NULL,
  PRIMARY KEY (`id`)
) ENGINE=InnoDB DEFAULT CHARSET=utf8;

#
# TABLE STRUCTURE FOR: student_edit_fields
#

DROP TABLE IF EXISTS `student_edit_fields`;

CREATE TABLE `student_edit_fields` (
  `id` int(11) NOT NULL AUTO_INCREMENT,
  `name` varchar(250) DEFAULT NULL,
  `status` int(1) DEFAULT NULL,
  `created_at` timestamp NOT NULL DEFAULT CURRENT_TIMESTAMP ON UPDATE CURRENT_TIMESTAMP,
  PRIMARY KEY (`id`)
) ENGINE=InnoDB AUTO_INCREMENT=8 DEFAULT CHARSET=utf8;

INSERT INTO `student_edit_fields` (`id`, `name`, `status`, `created_at`) VALUES (1, 'firstname', 1, '2023-09-02 19:24:32');
INSERT INTO `student_edit_fields` (`id`, `name`, `status`, `created_at`) VALUES (2, 'lastname', 0, '2023-09-02 19:31:14');
INSERT INTO `student_edit_fields` (`id`, `name`, `status`, `created_at`) VALUES (3, 'student_photo', 1, '2023-09-02 19:24:43');
INSERT INTO `student_edit_fields` (`id`, `name`, `status`, `created_at`) VALUES (4, 'student_email', 1, '2023-09-02 19:24:47');
INSERT INTO `student_edit_fields` (`id`, `name`, `status`, `created_at`) VALUES (5, 'mobile_no', 1, '2023-09-02 19:24:50');
INSERT INTO `student_edit_fields` (`id`, `name`, `status`, `created_at`) VALUES (6, 'is_blood_group', 1, '2023-09-02 19:24:56');
INSERT INTO `student_edit_fields` (`id`, `name`, `status`, `created_at`) VALUES (7, 'current_address', 1, '2023-09-02 19:25:04');


#
# TABLE STRUCTURE FOR: student_fees
#

DROP TABLE IF EXISTS `student_fees`;

CREATE TABLE `student_fees` (
  `id` int(11) NOT NULL AUTO_INCREMENT,
  `student_session_id` int(11) DEFAULT NULL,
  `feemaster_id` int(11) DEFAULT NULL,
  `amount` float(10,2) DEFAULT NULL,
  `amount_discount` float(10,2) NOT NULL,
  `amount_fine` float(10,2) NOT NULL DEFAULT '0.00',
  `description` text,
  `date` date DEFAULT NULL,
  `payment_mode` varchar(50) NOT NULL,
  `is_active` varchar(255) DEFAULT 'no',
  `created_at` timestamp NOT NULL DEFAULT CURRENT_TIMESTAMP ON UPDATE CURRENT_TIMESTAMP,
  `updated_at` date DEFAULT NULL,
  PRIMARY KEY (`id`),
  KEY `feemaster_id` (`feemaster_id`),
  KEY `student_session_id` (`student_session_id`),
  CONSTRAINT `student_fees_ibfk_1` FOREIGN KEY (`feemaster_id`) REFERENCES `feemasters` (`id`) ON DELETE CASCADE,
  CONSTRAINT `student_fees_ibfk_2` FOREIGN KEY (`student_session_id`) REFERENCES `student_session` (`id`) ON DELETE CASCADE
) ENGINE=InnoDB DEFAULT CHARSET=utf8;

#
# TABLE STRUCTURE FOR: student_fees_deposite
#

DROP TABLE IF EXISTS `student_fees_deposite`;

CREATE TABLE `student_fees_deposite` (
  `id` int(11) NOT NULL AUTO_INCREMENT,
  `student_fees_master_id` int(11) DEFAULT NULL,
  `fee_groups_feetype_id` int(11) DEFAULT NULL,
  `student_transport_fee_id` int(11) DEFAULT NULL,
  `amount_detail` text,
  `is_active` varchar(10) NOT NULL DEFAULT 'no',
  `created_at` timestamp NOT NULL DEFAULT CURRENT_TIMESTAMP ON UPDATE CURRENT_TIMESTAMP,
  PRIMARY KEY (`id`),
  KEY `student_fees_master_id` (`student_fees_master_id`),
  KEY `fee_groups_feetype_id` (`fee_groups_feetype_id`),
  KEY `student_transport_fee_id` (`student_transport_fee_id`),
  CONSTRAINT `student_fees_deposite_ibfk_1` FOREIGN KEY (`student_transport_fee_id`) REFERENCES `student_transport_fees` (`id`) ON DELETE CASCADE,
  CONSTRAINT `student_fees_deposite_ibfk_2` FOREIGN KEY (`student_fees_master_id`) REFERENCES `student_fees_master` (`id`) ON DELETE CASCADE,
  CONSTRAINT `student_fees_deposite_ibfk_3` FOREIGN KEY (`fee_groups_feetype_id`) REFERENCES `fee_groups_feetype` (`id`) ON DELETE CASCADE
) ENGINE=InnoDB AUTO_INCREMENT=13 DEFAULT CHARSET=utf8;

INSERT INTO `student_fees_deposite` (`id`, `student_fees_master_id`, `fee_groups_feetype_id`, `student_transport_fee_id`, `amount_detail`, `is_active`, `created_at`) VALUES (6, 25, 8, NULL, '{\"1\":{\"amount\":250,\"amount_discount\":0,\"amount_fine\":0,\"date\":\"2023-08-28\",\"description\":\"\",\"collected_by\":\"Super Admin(9000)\",\"payment_mode\":\"Cash\",\"received_by\":\"1\",\"inv_no\":1}}', 'no', '2023-08-28 18:34:55');
INSERT INTO `student_fees_deposite` (`id`, `student_fees_master_id`, `fee_groups_feetype_id`, `student_transport_fee_id`, `amount_detail`, `is_active`, `created_at`) VALUES (7, 24, 2, NULL, '{\"1\":{\"amount\":2000,\"amount_discount\":0,\"amount_fine\":200,\"date\":\"2023-08-28\",\"description\":\"\",\"collected_by\":\"Super Admin(9000)\",\"payment_mode\":\"Cash\",\"received_by\":\"1\",\"inv_no\":1}}', 'no', '2023-08-28 18:35:03');
INSERT INTO `student_fees_deposite` (`id`, `student_fees_master_id`, `fee_groups_feetype_id`, `student_transport_fee_id`, `amount_detail`, `is_active`, `created_at`) VALUES (8, 24, 3, NULL, '{\"1\":{\"amount\":350,\"amount_discount\":0,\"amount_fine\":50,\"date\":\"2023-08-28\",\"description\":\"\",\"collected_by\":\"Super Admin(9000)\",\"payment_mode\":\"Cash\",\"received_by\":\"1\",\"inv_no\":1}}', 'no', '2023-08-28 18:35:15');
INSERT INTO `student_fees_deposite` (`id`, `student_fees_master_id`, `fee_groups_feetype_id`, `student_transport_fee_id`, `amount_detail`, `is_active`, `created_at`) VALUES (9, 3, 3, NULL, '{\"1\":{\"amount\":350,\"amount_discount\":0,\"amount_fine\":50,\"date\":\"2023-08-30\",\"description\":\"\",\"collected_by\":\"Super Admin(9000)\",\"payment_mode\":\"Cash\",\"received_by\":\"1\",\"inv_no\":1}}', 'no', '2023-08-30 15:28:56');
INSERT INTO `student_fees_deposite` (`id`, `student_fees_master_id`, `fee_groups_feetype_id`, `student_transport_fee_id`, `amount_detail`, `is_active`, `created_at`) VALUES (10, 8, 3, NULL, '{\"1\":{\"amount\":350,\"amount_discount\":0,\"amount_fine\":50,\"date\":\"2023-08-31\",\"description\":\"\",\"collected_by\":\"Super Admin(9000)\",\"payment_mode\":\"Cash\",\"received_by\":\"1\",\"inv_no\":1}}', 'no', '2023-08-31 00:07:31');
INSERT INTO `student_fees_deposite` (`id`, `student_fees_master_id`, `fee_groups_feetype_id`, `student_transport_fee_id`, `amount_detail`, `is_active`, `created_at`) VALUES (11, 72, 15, NULL, '{\"1\":{\"amount\":2000,\"amount_discount\":0,\"amount_fine\":0,\"date\":\"2023-08-31\",\"description\":\"\",\"collected_by\":\"Super Admin(9000)\",\"payment_mode\":\"Cash\",\"received_by\":\"1\",\"inv_no\":1}}', 'no', '2023-08-31 19:34:23');
INSERT INTO `student_fees_deposite` (`id`, `student_fees_master_id`, `fee_groups_feetype_id`, `student_transport_fee_id`, `amount_detail`, `is_active`, `created_at`) VALUES (12, 16, 7, NULL, '{\"1\":{\"amount\":300,\"amount_discount\":0,\"amount_fine\":0,\"date\":\"2023-09-05\",\"description\":\"\",\"collected_by\":\"Super Admin(9000)\",\"payment_mode\":\"Cash\",\"received_by\":\"1\",\"inv_no\":1}}', 'no', '2023-09-05 17:06:12');


#
# TABLE STRUCTURE FOR: student_fees_discounts
#

DROP TABLE IF EXISTS `student_fees_discounts`;

CREATE TABLE `student_fees_discounts` (
  `id` int(11) NOT NULL AUTO_INCREMENT,
  `student_session_id` int(11) DEFAULT NULL,
  `fees_discount_id` int(11) DEFAULT NULL,
  `status` varchar(20) DEFAULT 'assigned',
  `payment_id` varchar(50) DEFAULT NULL,
  `description` text,
  `is_active` varchar(10) NOT NULL DEFAULT 'no',
  `created_at` timestamp NOT NULL DEFAULT CURRENT_TIMESTAMP ON UPDATE CURRENT_TIMESTAMP,
  PRIMARY KEY (`id`),
  KEY `student_session_id` (`student_session_id`),
  KEY `fees_discount_id` (`fees_discount_id`),
  CONSTRAINT `student_fees_discounts_ibfk_1` FOREIGN KEY (`fees_discount_id`) REFERENCES `fees_discounts` (`id`) ON DELETE CASCADE,
  CONSTRAINT `student_fees_discounts_ibfk_2` FOREIGN KEY (`student_session_id`) REFERENCES `student_session` (`id`) ON DELETE CASCADE
) ENGINE=InnoDB DEFAULT CHARSET=utf8;

#
# TABLE STRUCTURE FOR: student_fees_master
#

DROP TABLE IF EXISTS `student_fees_master`;

CREATE TABLE `student_fees_master` (
  `id` int(11) NOT NULL AUTO_INCREMENT,
  `is_system` int(1) NOT NULL DEFAULT '0',
  `student_session_id` int(11) DEFAULT NULL,
  `fee_session_group_id` int(11) DEFAULT NULL,
  `amount` float(10,2) DEFAULT '0.00',
  `is_active` varchar(10) NOT NULL DEFAULT 'no',
  `created_at` timestamp NOT NULL DEFAULT CURRENT_TIMESTAMP ON UPDATE CURRENT_TIMESTAMP,
  PRIMARY KEY (`id`),
  KEY `student_session_id` (`student_session_id`),
  KEY `fee_session_group_id` (`fee_session_group_id`),
  CONSTRAINT `student_fees_master_ibfk_1` FOREIGN KEY (`fee_session_group_id`) REFERENCES `fee_session_groups` (`id`) ON DELETE CASCADE,
  CONSTRAINT `student_fees_master_ibfk_2` FOREIGN KEY (`student_session_id`) REFERENCES `student_session` (`id`) ON DELETE CASCADE
) ENGINE=InnoDB AUTO_INCREMENT=76 DEFAULT CHARSET=utf8;

INSERT INTO `student_fees_master` (`id`, `is_system`, `student_session_id`, `fee_session_group_id`, `amount`, `is_active`, `created_at`) VALUES (3, 0, 105, 2, '0.00', 'no', '2023-08-12 10:46:46');
INSERT INTO `student_fees_master` (`id`, `is_system`, `student_session_id`, `fee_session_group_id`, `amount`, `is_active`, `created_at`) VALUES (4, 0, 105, 4, '0.00', 'no', '2023-08-12 10:46:46');
INSERT INTO `student_fees_master` (`id`, `is_system`, `student_session_id`, `fee_session_group_id`, `amount`, `is_active`, `created_at`) VALUES (5, 0, 105, 6, '0.00', 'no', '2023-08-12 10:46:46');
INSERT INTO `student_fees_master` (`id`, `is_system`, `student_session_id`, `fee_session_group_id`, `amount`, `is_active`, `created_at`) VALUES (6, 0, 105, 3, '0.00', 'no', '2023-08-12 10:46:46');
INSERT INTO `student_fees_master` (`id`, `is_system`, `student_session_id`, `fee_session_group_id`, `amount`, `is_active`, `created_at`) VALUES (7, 0, 105, 5, '0.00', 'no', '2023-08-12 10:46:46');
INSERT INTO `student_fees_master` (`id`, `is_system`, `student_session_id`, `fee_session_group_id`, `amount`, `is_active`, `created_at`) VALUES (8, 0, 106, 2, '0.00', 'no', '2023-08-12 10:50:29');
INSERT INTO `student_fees_master` (`id`, `is_system`, `student_session_id`, `fee_session_group_id`, `amount`, `is_active`, `created_at`) VALUES (9, 0, 106, 4, '0.00', 'no', '2023-08-12 10:50:29');
INSERT INTO `student_fees_master` (`id`, `is_system`, `student_session_id`, `fee_session_group_id`, `amount`, `is_active`, `created_at`) VALUES (10, 0, 106, 6, '0.00', 'no', '2023-08-12 10:50:29');
INSERT INTO `student_fees_master` (`id`, `is_system`, `student_session_id`, `fee_session_group_id`, `amount`, `is_active`, `created_at`) VALUES (11, 0, 106, 3, '0.00', 'no', '2023-08-12 10:50:29');
INSERT INTO `student_fees_master` (`id`, `is_system`, `student_session_id`, `fee_session_group_id`, `amount`, `is_active`, `created_at`) VALUES (12, 0, 106, 5, '0.00', 'no', '2023-08-12 10:50:29');
INSERT INTO `student_fees_master` (`id`, `is_system`, `student_session_id`, `fee_session_group_id`, `amount`, `is_active`, `created_at`) VALUES (13, 0, 107, 2, '0.00', 'no', '2023-08-12 10:53:18');
INSERT INTO `student_fees_master` (`id`, `is_system`, `student_session_id`, `fee_session_group_id`, `amount`, `is_active`, `created_at`) VALUES (14, 0, 107, 6, '0.00', 'no', '2023-08-12 10:53:18');
INSERT INTO `student_fees_master` (`id`, `is_system`, `student_session_id`, `fee_session_group_id`, `amount`, `is_active`, `created_at`) VALUES (15, 0, 107, 5, '0.00', 'no', '2023-08-12 10:53:18');
INSERT INTO `student_fees_master` (`id`, `is_system`, `student_session_id`, `fee_session_group_id`, `amount`, `is_active`, `created_at`) VALUES (16, 0, 108, 4, '0.00', 'no', '2023-08-12 10:55:59');
INSERT INTO `student_fees_master` (`id`, `is_system`, `student_session_id`, `fee_session_group_id`, `amount`, `is_active`, `created_at`) VALUES (17, 0, 108, 6, '0.00', 'no', '2023-08-12 10:55:59');
INSERT INTO `student_fees_master` (`id`, `is_system`, `student_session_id`, `fee_session_group_id`, `amount`, `is_active`, `created_at`) VALUES (18, 0, 108, 3, '0.00', 'no', '2023-08-12 10:55:59');
INSERT INTO `student_fees_master` (`id`, `is_system`, `student_session_id`, `fee_session_group_id`, `amount`, `is_active`, `created_at`) VALUES (19, 0, 109, 2, '0.00', 'no', '2023-08-12 10:59:34');
INSERT INTO `student_fees_master` (`id`, `is_system`, `student_session_id`, `fee_session_group_id`, `amount`, `is_active`, `created_at`) VALUES (20, 0, 109, 4, '0.00', 'no', '2023-08-12 10:59:34');
INSERT INTO `student_fees_master` (`id`, `is_system`, `student_session_id`, `fee_session_group_id`, `amount`, `is_active`, `created_at`) VALUES (21, 0, 109, 6, '0.00', 'no', '2023-08-12 10:59:34');
INSERT INTO `student_fees_master` (`id`, `is_system`, `student_session_id`, `fee_session_group_id`, `amount`, `is_active`, `created_at`) VALUES (22, 0, 109, 3, '0.00', 'no', '2023-08-12 10:59:34');
INSERT INTO `student_fees_master` (`id`, `is_system`, `student_session_id`, `fee_session_group_id`, `amount`, `is_active`, `created_at`) VALUES (23, 0, 109, 5, '0.00', 'no', '2023-08-12 10:59:34');
INSERT INTO `student_fees_master` (`id`, `is_system`, `student_session_id`, `fee_session_group_id`, `amount`, `is_active`, `created_at`) VALUES (24, 0, 110, 2, '0.00', 'no', '2023-08-12 11:01:55');
INSERT INTO `student_fees_master` (`id`, `is_system`, `student_session_id`, `fee_session_group_id`, `amount`, `is_active`, `created_at`) VALUES (25, 0, 110, 5, '0.00', 'no', '2023-08-12 11:01:55');
INSERT INTO `student_fees_master` (`id`, `is_system`, `student_session_id`, `fee_session_group_id`, `amount`, `is_active`, `created_at`) VALUES (26, 0, 111, 2, '0.00', 'no', '2023-08-12 11:05:38');
INSERT INTO `student_fees_master` (`id`, `is_system`, `student_session_id`, `fee_session_group_id`, `amount`, `is_active`, `created_at`) VALUES (27, 0, 111, 4, '0.00', 'no', '2023-08-12 11:05:38');
INSERT INTO `student_fees_master` (`id`, `is_system`, `student_session_id`, `fee_session_group_id`, `amount`, `is_active`, `created_at`) VALUES (28, 0, 111, 6, '0.00', 'no', '2023-08-12 11:05:38');
INSERT INTO `student_fees_master` (`id`, `is_system`, `student_session_id`, `fee_session_group_id`, `amount`, `is_active`, `created_at`) VALUES (29, 0, 111, 3, '0.00', 'no', '2023-08-12 11:05:38');
INSERT INTO `student_fees_master` (`id`, `is_system`, `student_session_id`, `fee_session_group_id`, `amount`, `is_active`, `created_at`) VALUES (30, 0, 111, 5, '0.00', 'no', '2023-08-12 11:05:38');
INSERT INTO `student_fees_master` (`id`, `is_system`, `student_session_id`, `fee_session_group_id`, `amount`, `is_active`, `created_at`) VALUES (31, 0, 112, 2, '0.00', 'no', '2023-08-12 11:10:41');
INSERT INTO `student_fees_master` (`id`, `is_system`, `student_session_id`, `fee_session_group_id`, `amount`, `is_active`, `created_at`) VALUES (32, 0, 113, 2, '0.00', 'no', '2023-08-12 17:03:21');
INSERT INTO `student_fees_master` (`id`, `is_system`, `student_session_id`, `fee_session_group_id`, `amount`, `is_active`, `created_at`) VALUES (33, 0, 114, 4, '0.00', 'no', '2023-08-12 17:06:35');
INSERT INTO `student_fees_master` (`id`, `is_system`, `student_session_id`, `fee_session_group_id`, `amount`, `is_active`, `created_at`) VALUES (34, 0, 114, 6, '0.00', 'no', '2023-08-12 17:06:35');
INSERT INTO `student_fees_master` (`id`, `is_system`, `student_session_id`, `fee_session_group_id`, `amount`, `is_active`, `created_at`) VALUES (35, 0, 115, 6, '0.00', 'no', '2023-08-12 17:09:20');
INSERT INTO `student_fees_master` (`id`, `is_system`, `student_session_id`, `fee_session_group_id`, `amount`, `is_active`, `created_at`) VALUES (36, 0, 115, 3, '0.00', 'no', '2023-08-12 17:09:20');
INSERT INTO `student_fees_master` (`id`, `is_system`, `student_session_id`, `fee_session_group_id`, `amount`, `is_active`, `created_at`) VALUES (37, 0, 116, 3, '0.00', 'no', '2023-08-12 17:12:37');
INSERT INTO `student_fees_master` (`id`, `is_system`, `student_session_id`, `fee_session_group_id`, `amount`, `is_active`, `created_at`) VALUES (38, 0, 116, 5, '0.00', 'no', '2023-08-12 17:12:37');
INSERT INTO `student_fees_master` (`id`, `is_system`, `student_session_id`, `fee_session_group_id`, `amount`, `is_active`, `created_at`) VALUES (39, 0, 117, 6, '0.00', 'no', '2023-08-12 17:15:18');
INSERT INTO `student_fees_master` (`id`, `is_system`, `student_session_id`, `fee_session_group_id`, `amount`, `is_active`, `created_at`) VALUES (40, 0, 118, 3, '0.00', 'no', '2023-08-12 17:17:14');
INSERT INTO `student_fees_master` (`id`, `is_system`, `student_session_id`, `fee_session_group_id`, `amount`, `is_active`, `created_at`) VALUES (41, 0, 118, 5, '0.00', 'no', '2023-08-12 17:17:14');
INSERT INTO `student_fees_master` (`id`, `is_system`, `student_session_id`, `fee_session_group_id`, `amount`, `is_active`, `created_at`) VALUES (42, 0, 119, 2, '0.00', 'no', '2023-08-12 17:19:22');
INSERT INTO `student_fees_master` (`id`, `is_system`, `student_session_id`, `fee_session_group_id`, `amount`, `is_active`, `created_at`) VALUES (43, 0, 119, 4, '0.00', 'no', '2023-08-12 17:19:22');
INSERT INTO `student_fees_master` (`id`, `is_system`, `student_session_id`, `fee_session_group_id`, `amount`, `is_active`, `created_at`) VALUES (44, 0, 120, 2, '0.00', 'no', '2023-08-12 17:22:56');
INSERT INTO `student_fees_master` (`id`, `is_system`, `student_session_id`, `fee_session_group_id`, `amount`, `is_active`, `created_at`) VALUES (45, 0, 120, 4, '0.00', 'no', '2023-08-12 17:22:56');
INSERT INTO `student_fees_master` (`id`, `is_system`, `student_session_id`, `fee_session_group_id`, `amount`, `is_active`, `created_at`) VALUES (46, 0, 120, 6, '0.00', 'no', '2023-08-12 17:22:56');
INSERT INTO `student_fees_master` (`id`, `is_system`, `student_session_id`, `fee_session_group_id`, `amount`, `is_active`, `created_at`) VALUES (47, 0, 121, 4, '0.00', 'no', '2023-08-12 17:25:11');
INSERT INTO `student_fees_master` (`id`, `is_system`, `student_session_id`, `fee_session_group_id`, `amount`, `is_active`, `created_at`) VALUES (48, 0, 121, 6, '0.00', 'no', '2023-08-12 17:25:11');
INSERT INTO `student_fees_master` (`id`, `is_system`, `student_session_id`, `fee_session_group_id`, `amount`, `is_active`, `created_at`) VALUES (49, 0, 121, 3, '0.00', 'no', '2023-08-12 17:25:11');
INSERT INTO `student_fees_master` (`id`, `is_system`, `student_session_id`, `fee_session_group_id`, `amount`, `is_active`, `created_at`) VALUES (50, 0, 122, 2, '0.00', 'no', '2023-08-12 17:27:29');
INSERT INTO `student_fees_master` (`id`, `is_system`, `student_session_id`, `fee_session_group_id`, `amount`, `is_active`, `created_at`) VALUES (51, 0, 122, 4, '0.00', 'no', '2023-08-12 17:27:29');
INSERT INTO `student_fees_master` (`id`, `is_system`, `student_session_id`, `fee_session_group_id`, `amount`, `is_active`, `created_at`) VALUES (52, 0, 122, 6, '0.00', 'no', '2023-08-12 17:27:29');
INSERT INTO `student_fees_master` (`id`, `is_system`, `student_session_id`, `fee_session_group_id`, `amount`, `is_active`, `created_at`) VALUES (53, 0, 123, 4, '0.00', 'no', '2023-08-12 17:30:30');
INSERT INTO `student_fees_master` (`id`, `is_system`, `student_session_id`, `fee_session_group_id`, `amount`, `is_active`, `created_at`) VALUES (54, 0, 123, 6, '0.00', 'no', '2023-08-12 17:30:30');
INSERT INTO `student_fees_master` (`id`, `is_system`, `student_session_id`, `fee_session_group_id`, `amount`, `is_active`, `created_at`) VALUES (55, 0, 123, 3, '0.00', 'no', '2023-08-12 17:30:30');
INSERT INTO `student_fees_master` (`id`, `is_system`, `student_session_id`, `fee_session_group_id`, `amount`, `is_active`, `created_at`) VALUES (56, 0, 124, 2, '0.00', 'no', '2023-08-12 17:33:12');
INSERT INTO `student_fees_master` (`id`, `is_system`, `student_session_id`, `fee_session_group_id`, `amount`, `is_active`, `created_at`) VALUES (57, 0, 124, 4, '0.00', 'no', '2023-08-12 17:33:12');
INSERT INTO `student_fees_master` (`id`, `is_system`, `student_session_id`, `fee_session_group_id`, `amount`, `is_active`, `created_at`) VALUES (58, 0, 124, 6, '0.00', 'no', '2023-08-12 17:33:12');
INSERT INTO `student_fees_master` (`id`, `is_system`, `student_session_id`, `fee_session_group_id`, `amount`, `is_active`, `created_at`) VALUES (59, 0, 124, 3, '0.00', 'no', '2023-08-12 17:33:12');
INSERT INTO `student_fees_master` (`id`, `is_system`, `student_session_id`, `fee_session_group_id`, `amount`, `is_active`, `created_at`) VALUES (60, 0, 124, 5, '0.00', 'no', '2023-08-12 17:33:12');
INSERT INTO `student_fees_master` (`id`, `is_system`, `student_session_id`, `fee_session_group_id`, `amount`, `is_active`, `created_at`) VALUES (61, 0, 125, 2, '0.00', 'no', '2023-08-12 17:43:19');
INSERT INTO `student_fees_master` (`id`, `is_system`, `student_session_id`, `fee_session_group_id`, `amount`, `is_active`, `created_at`) VALUES (62, 0, 125, 4, '0.00', 'no', '2023-08-12 17:43:19');
INSERT INTO `student_fees_master` (`id`, `is_system`, `student_session_id`, `fee_session_group_id`, `amount`, `is_active`, `created_at`) VALUES (63, 0, 126, 2, '0.00', 'no', '2023-08-12 17:46:53');
INSERT INTO `student_fees_master` (`id`, `is_system`, `student_session_id`, `fee_session_group_id`, `amount`, `is_active`, `created_at`) VALUES (64, 0, 126, 4, '0.00', 'no', '2023-08-12 17:46:53');
INSERT INTO `student_fees_master` (`id`, `is_system`, `student_session_id`, `fee_session_group_id`, `amount`, `is_active`, `created_at`) VALUES (65, 0, 126, 5, '0.00', 'no', '2023-08-12 17:46:53');
INSERT INTO `student_fees_master` (`id`, `is_system`, `student_session_id`, `fee_session_group_id`, `amount`, `is_active`, `created_at`) VALUES (66, 0, 127, 2, '0.00', 'no', '2023-08-12 17:50:13');
INSERT INTO `student_fees_master` (`id`, `is_system`, `student_session_id`, `fee_session_group_id`, `amount`, `is_active`, `created_at`) VALUES (67, 0, 127, 4, '0.00', 'no', '2023-08-12 17:50:13');
INSERT INTO `student_fees_master` (`id`, `is_system`, `student_session_id`, `fee_session_group_id`, `amount`, `is_active`, `created_at`) VALUES (68, 0, 128, 4, '0.00', 'no', '2023-08-12 17:52:15');
INSERT INTO `student_fees_master` (`id`, `is_system`, `student_session_id`, `fee_session_group_id`, `amount`, `is_active`, `created_at`) VALUES (69, 0, 128, 6, '0.00', 'no', '2023-08-12 17:52:15');
INSERT INTO `student_fees_master` (`id`, `is_system`, `student_session_id`, `fee_session_group_id`, `amount`, `is_active`, `created_at`) VALUES (72, 0, 130, 9, '0.00', 'no', '2023-08-29 19:42:13');
INSERT INTO `student_fees_master` (`id`, `is_system`, `student_session_id`, `fee_session_group_id`, `amount`, `is_active`, `created_at`) VALUES (73, 0, 131, 10, '0.00', 'no', '2023-08-29 19:58:42');
INSERT INTO `student_fees_master` (`id`, `is_system`, `student_session_id`, `fee_session_group_id`, `amount`, `is_active`, `created_at`) VALUES (74, 1, 131, 11, '19800.00', 'no', '2023-08-29 20:05:14');
INSERT INTO `student_fees_master` (`id`, `is_system`, `student_session_id`, `fee_session_group_id`, `amount`, `is_active`, `created_at`) VALUES (75, 1, 130, 12, '0.00', 'no', '2023-08-31 19:36:18');


#
# TABLE STRUCTURE FOR: student_fees_processing
#

DROP TABLE IF EXISTS `student_fees_processing`;

CREATE TABLE `student_fees_processing` (
  `id` int(11) NOT NULL AUTO_INCREMENT,
  `gateway_ins_id` int(11) NOT NULL,
  `fee_category` varchar(255) NOT NULL,
  `student_fees_master_id` int(11) DEFAULT NULL,
  `fee_groups_feetype_id` int(11) DEFAULT NULL,
  `student_transport_fee_id` int(11) DEFAULT NULL,
  `amount_detail` text,
  `is_active` varchar(10) NOT NULL DEFAULT 'no',
  `created_at` timestamp NOT NULL DEFAULT CURRENT_TIMESTAMP ON UPDATE CURRENT_TIMESTAMP,
  PRIMARY KEY (`id`),
  KEY `student_fees_master_id` (`student_fees_master_id`),
  KEY `fee_groups_feetype_id` (`fee_groups_feetype_id`),
  KEY `student_transport_fee_id` (`student_transport_fee_id`),
  KEY `gateway_ins_id` (`gateway_ins_id`),
  CONSTRAINT `student_fees_processing_ibfk_1` FOREIGN KEY (`student_fees_master_id`) REFERENCES `student_fees_master` (`id`) ON DELETE CASCADE,
  CONSTRAINT `student_fees_processing_ibfk_2` FOREIGN KEY (`student_transport_fee_id`) REFERENCES `student_transport_fees` (`id`) ON DELETE CASCADE,
  CONSTRAINT `student_fees_processing_ibfk_3` FOREIGN KEY (`fee_groups_feetype_id`) REFERENCES `fee_groups_feetype` (`id`) ON DELETE CASCADE,
  CONSTRAINT `student_fees_processing_ibfk_4` FOREIGN KEY (`gateway_ins_id`) REFERENCES `gateway_ins` (`id`) ON DELETE CASCADE
) ENGINE=InnoDB DEFAULT CHARSET=utf8;

#
# TABLE STRUCTURE FOR: student_session
#

DROP TABLE IF EXISTS `student_session`;

CREATE TABLE `student_session` (
  `id` int(11) NOT NULL AUTO_INCREMENT,
  `session_id` int(11) DEFAULT NULL,
  `student_id` int(11) DEFAULT NULL,
  `class_id` int(11) DEFAULT NULL,
  `section_id` int(11) DEFAULT NULL,
  `hostel_room_id` int(11) DEFAULT NULL,
  `vehroute_id` int(10) DEFAULT NULL,
  `route_pickup_point_id` int(11) DEFAULT NULL,
  `transport_fees` float(10,2) NOT NULL DEFAULT '0.00',
  `fees_discount` float(10,2) NOT NULL DEFAULT '0.00',
  `is_leave` int(1) NOT NULL DEFAULT '0',
  `is_active` varchar(255) DEFAULT 'no',
  `is_alumni` int(11) NOT NULL,
  `default_login` int(1) NOT NULL DEFAULT '0',
  `created_at` timestamp NOT NULL DEFAULT CURRENT_TIMESTAMP ON UPDATE CURRENT_TIMESTAMP,
  `updated_at` date DEFAULT NULL,
  PRIMARY KEY (`id`),
  KEY `session_id` (`session_id`),
  KEY `student_id` (`student_id`),
  KEY `class_id` (`class_id`),
  KEY `section_id` (`section_id`),
  KEY `student_session_ibfk_5` (`vehroute_id`),
  KEY `hostel_room_id` (`hostel_room_id`),
  KEY `student_session_ibfk_6` (`route_pickup_point_id`),
  CONSTRAINT `student_session_ibfk_1` FOREIGN KEY (`session_id`) REFERENCES `sessions` (`id`) ON DELETE CASCADE,
  CONSTRAINT `student_session_ibfk_2` FOREIGN KEY (`student_id`) REFERENCES `students` (`id`) ON DELETE CASCADE,
  CONSTRAINT `student_session_ibfk_3` FOREIGN KEY (`class_id`) REFERENCES `classes` (`id`) ON DELETE CASCADE,
  CONSTRAINT `student_session_ibfk_4` FOREIGN KEY (`section_id`) REFERENCES `sections` (`id`) ON DELETE CASCADE,
  CONSTRAINT `student_session_ibfk_5` FOREIGN KEY (`vehroute_id`) REFERENCES `vehicle_routes` (`id`) ON DELETE SET NULL,
  CONSTRAINT `student_session_ibfk_6` FOREIGN KEY (`route_pickup_point_id`) REFERENCES `route_pickup_point` (`id`) ON DELETE SET NULL,
  CONSTRAINT `student_session_ibfk_7` FOREIGN KEY (`hostel_room_id`) REFERENCES `hostel_rooms` (`id`) ON DELETE SET NULL
) ENGINE=InnoDB AUTO_INCREMENT=132 DEFAULT CHARSET=utf8;

INSERT INTO `student_session` (`id`, `session_id`, `student_id`, `class_id`, `section_id`, `hostel_room_id`, `vehroute_id`, `route_pickup_point_id`, `transport_fees`, `fees_discount`, `is_leave`, `is_active`, `is_alumni`, `default_login`, `created_at`, `updated_at`) VALUES (104, 18, 101, 2, 1, NULL, NULL, NULL, '0.00', '0.00', 0, 'no', 0, 1, '2023-08-31 09:08:17', NULL);
INSERT INTO `student_session` (`id`, `session_id`, `student_id`, `class_id`, `section_id`, `hostel_room_id`, `vehroute_id`, `route_pickup_point_id`, `transport_fees`, `fees_discount`, `is_leave`, `is_active`, `is_alumni`, `default_login`, `created_at`, `updated_at`) VALUES (105, 18, 102, 2, 2, NULL, NULL, NULL, '0.00', '0.00', 0, 'no', 0, 0, '2023-08-12 10:46:46', NULL);
INSERT INTO `student_session` (`id`, `session_id`, `student_id`, `class_id`, `section_id`, `hostel_room_id`, `vehroute_id`, `route_pickup_point_id`, `transport_fees`, `fees_discount`, `is_leave`, `is_active`, `is_alumni`, `default_login`, `created_at`, `updated_at`) VALUES (106, 18, 103, 2, 3, NULL, NULL, NULL, '0.00', '0.00', 0, 'no', 0, 1, '2023-09-02 19:27:07', NULL);
INSERT INTO `student_session` (`id`, `session_id`, `student_id`, `class_id`, `section_id`, `hostel_room_id`, `vehroute_id`, `route_pickup_point_id`, `transport_fees`, `fees_discount`, `is_leave`, `is_active`, `is_alumni`, `default_login`, `created_at`, `updated_at`) VALUES (107, 18, 104, 2, 1, NULL, NULL, NULL, '0.00', '0.00', 1, 'no', 1, 1, '2023-09-02 09:12:37', NULL);
INSERT INTO `student_session` (`id`, `session_id`, `student_id`, `class_id`, `section_id`, `hostel_room_id`, `vehroute_id`, `route_pickup_point_id`, `transport_fees`, `fees_discount`, `is_leave`, `is_active`, `is_alumni`, `default_login`, `created_at`, `updated_at`) VALUES (108, 18, 105, 2, 3, NULL, NULL, NULL, '0.00', '0.00', 0, 'no', 0, 0, '2023-08-12 10:55:59', NULL);
INSERT INTO `student_session` (`id`, `session_id`, `student_id`, `class_id`, `section_id`, `hostel_room_id`, `vehroute_id`, `route_pickup_point_id`, `transport_fees`, `fees_discount`, `is_leave`, `is_active`, `is_alumni`, `default_login`, `created_at`, `updated_at`) VALUES (109, 18, 106, 2, 1, NULL, NULL, NULL, '0.00', '0.00', 1, 'no', 1, 1, '2023-09-02 09:12:37', NULL);
INSERT INTO `student_session` (`id`, `session_id`, `student_id`, `class_id`, `section_id`, `hostel_room_id`, `vehroute_id`, `route_pickup_point_id`, `transport_fees`, `fees_discount`, `is_leave`, `is_active`, `is_alumni`, `default_login`, `created_at`, `updated_at`) VALUES (110, 18, 107, 2, 1, NULL, NULL, NULL, '0.00', '0.00', 1, 'no', 1, 0, '2023-09-02 09:12:37', NULL);
INSERT INTO `student_session` (`id`, `session_id`, `student_id`, `class_id`, `section_id`, `hostel_room_id`, `vehroute_id`, `route_pickup_point_id`, `transport_fees`, `fees_discount`, `is_leave`, `is_active`, `is_alumni`, `default_login`, `created_at`, `updated_at`) VALUES (111, 18, 108, 2, 4, NULL, NULL, NULL, '0.00', '0.00', 0, 'no', 0, 0, '2023-08-12 11:05:38', NULL);
INSERT INTO `student_session` (`id`, `session_id`, `student_id`, `class_id`, `section_id`, `hostel_room_id`, `vehroute_id`, `route_pickup_point_id`, `transport_fees`, `fees_discount`, `is_leave`, `is_active`, `is_alumni`, `default_login`, `created_at`, `updated_at`) VALUES (112, 18, 109, 5, 1, NULL, NULL, NULL, '0.00', '0.00', 0, 'no', 0, 0, '2023-08-12 11:10:41', NULL);
INSERT INTO `student_session` (`id`, `session_id`, `student_id`, `class_id`, `section_id`, `hostel_room_id`, `vehroute_id`, `route_pickup_point_id`, `transport_fees`, `fees_discount`, `is_leave`, `is_active`, `is_alumni`, `default_login`, `created_at`, `updated_at`) VALUES (113, 18, 110, 5, 1, NULL, NULL, NULL, '0.00', '0.00', 0, 'no', 0, 0, '2023-08-12 17:03:21', NULL);
INSERT INTO `student_session` (`id`, `session_id`, `student_id`, `class_id`, `section_id`, `hostel_room_id`, `vehroute_id`, `route_pickup_point_id`, `transport_fees`, `fees_discount`, `is_leave`, `is_active`, `is_alumni`, `default_login`, `created_at`, `updated_at`) VALUES (114, 18, 111, 5, 2, NULL, NULL, NULL, '0.00', '0.00', 0, 'no', 0, 0, '2023-08-12 17:06:35', NULL);
INSERT INTO `student_session` (`id`, `session_id`, `student_id`, `class_id`, `section_id`, `hostel_room_id`, `vehroute_id`, `route_pickup_point_id`, `transport_fees`, `fees_discount`, `is_leave`, `is_active`, `is_alumni`, `default_login`, `created_at`, `updated_at`) VALUES (115, 18, 112, 5, 1, NULL, NULL, NULL, '0.00', '0.00', 0, 'no', 0, 0, '2023-08-12 17:09:20', NULL);
INSERT INTO `student_session` (`id`, `session_id`, `student_id`, `class_id`, `section_id`, `hostel_room_id`, `vehroute_id`, `route_pickup_point_id`, `transport_fees`, `fees_discount`, `is_leave`, `is_active`, `is_alumni`, `default_login`, `created_at`, `updated_at`) VALUES (116, 18, 113, 5, 4, NULL, NULL, NULL, '0.00', '0.00', 0, 'no', 0, 0, '2023-08-12 17:12:37', NULL);
INSERT INTO `student_session` (`id`, `session_id`, `student_id`, `class_id`, `section_id`, `hostel_room_id`, `vehroute_id`, `route_pickup_point_id`, `transport_fees`, `fees_discount`, `is_leave`, `is_active`, `is_alumni`, `default_login`, `created_at`, `updated_at`) VALUES (117, 18, 114, 5, 1, NULL, NULL, NULL, '0.00', '0.00', 0, 'no', 0, 0, '2023-08-12 17:15:18', NULL);
INSERT INTO `student_session` (`id`, `session_id`, `student_id`, `class_id`, `section_id`, `hostel_room_id`, `vehroute_id`, `route_pickup_point_id`, `transport_fees`, `fees_discount`, `is_leave`, `is_active`, `is_alumni`, `default_login`, `created_at`, `updated_at`) VALUES (118, 18, 115, 5, 1, NULL, NULL, NULL, '0.00', '0.00', 0, 'no', 0, 0, '2023-08-12 17:17:14', NULL);
INSERT INTO `student_session` (`id`, `session_id`, `student_id`, `class_id`, `section_id`, `hostel_room_id`, `vehroute_id`, `route_pickup_point_id`, `transport_fees`, `fees_discount`, `is_leave`, `is_active`, `is_alumni`, `default_login`, `created_at`, `updated_at`) VALUES (119, 18, 116, 5, 1, NULL, NULL, NULL, '0.00', '0.00', 0, 'no', 0, 0, '2023-08-12 17:19:22', NULL);
INSERT INTO `student_session` (`id`, `session_id`, `student_id`, `class_id`, `section_id`, `hostel_room_id`, `vehroute_id`, `route_pickup_point_id`, `transport_fees`, `fees_discount`, `is_leave`, `is_active`, `is_alumni`, `default_login`, `created_at`, `updated_at`) VALUES (120, 18, 117, 3, 1, NULL, NULL, NULL, '0.00', '0.00', 0, 'no', 0, 0, '2023-08-12 17:22:56', NULL);
INSERT INTO `student_session` (`id`, `session_id`, `student_id`, `class_id`, `section_id`, `hostel_room_id`, `vehroute_id`, `route_pickup_point_id`, `transport_fees`, `fees_discount`, `is_leave`, `is_active`, `is_alumni`, `default_login`, `created_at`, `updated_at`) VALUES (121, 18, 118, 3, 2, NULL, NULL, NULL, '0.00', '0.00', 0, 'no', 0, 0, '2023-08-12 17:25:11', NULL);
INSERT INTO `student_session` (`id`, `session_id`, `student_id`, `class_id`, `section_id`, `hostel_room_id`, `vehroute_id`, `route_pickup_point_id`, `transport_fees`, `fees_discount`, `is_leave`, `is_active`, `is_alumni`, `default_login`, `created_at`, `updated_at`) VALUES (122, 18, 119, 3, 3, NULL, NULL, NULL, '0.00', '0.00', 0, 'no', 0, 0, '2023-08-12 17:27:29', NULL);
INSERT INTO `student_session` (`id`, `session_id`, `student_id`, `class_id`, `section_id`, `hostel_room_id`, `vehroute_id`, `route_pickup_point_id`, `transport_fees`, `fees_discount`, `is_leave`, `is_active`, `is_alumni`, `default_login`, `created_at`, `updated_at`) VALUES (123, 18, 120, 3, 4, NULL, NULL, NULL, '0.00', '0.00', 0, 'no', 0, 0, '2023-08-12 17:30:30', NULL);
INSERT INTO `student_session` (`id`, `session_id`, `student_id`, `class_id`, `section_id`, `hostel_room_id`, `vehroute_id`, `route_pickup_point_id`, `transport_fees`, `fees_discount`, `is_leave`, `is_active`, `is_alumni`, `default_login`, `created_at`, `updated_at`) VALUES (124, 18, 121, 3, 3, NULL, NULL, NULL, '0.00', '0.00', 0, 'no', 0, 0, '2023-08-12 17:33:12', NULL);
INSERT INTO `student_session` (`id`, `session_id`, `student_id`, `class_id`, `section_id`, `hostel_room_id`, `vehroute_id`, `route_pickup_point_id`, `transport_fees`, `fees_discount`, `is_leave`, `is_active`, `is_alumni`, `default_login`, `created_at`, `updated_at`) VALUES (125, 18, 122, 4, 1, NULL, NULL, NULL, '0.00', '0.00', 0, 'no', 0, 0, '2023-08-12 17:43:19', NULL);
INSERT INTO `student_session` (`id`, `session_id`, `student_id`, `class_id`, `section_id`, `hostel_room_id`, `vehroute_id`, `route_pickup_point_id`, `transport_fees`, `fees_discount`, `is_leave`, `is_active`, `is_alumni`, `default_login`, `created_at`, `updated_at`) VALUES (126, 18, 123, 4, 2, NULL, NULL, NULL, '0.00', '0.00', 0, 'no', 0, 0, '2023-08-12 17:46:53', NULL);
INSERT INTO `student_session` (`id`, `session_id`, `student_id`, `class_id`, `section_id`, `hostel_room_id`, `vehroute_id`, `route_pickup_point_id`, `transport_fees`, `fees_discount`, `is_leave`, `is_active`, `is_alumni`, `default_login`, `created_at`, `updated_at`) VALUES (127, 18, 124, 4, 3, NULL, NULL, NULL, '0.00', '0.00', 0, 'no', 0, 0, '2023-08-12 17:50:13', NULL);
INSERT INTO `student_session` (`id`, `session_id`, `student_id`, `class_id`, `section_id`, `hostel_room_id`, `vehroute_id`, `route_pickup_point_id`, `transport_fees`, `fees_discount`, `is_leave`, `is_active`, `is_alumni`, `default_login`, `created_at`, `updated_at`) VALUES (128, 18, 125, 4, 4, NULL, NULL, NULL, '0.00', '0.00', 0, 'no', 0, 0, '2023-08-12 17:52:15', NULL);
INSERT INTO `student_session` (`id`, `session_id`, `student_id`, `class_id`, `section_id`, `hostel_room_id`, `vehroute_id`, `route_pickup_point_id`, `transport_fees`, `fees_discount`, `is_leave`, `is_active`, `is_alumni`, `default_login`, `created_at`, `updated_at`) VALUES (130, 18, 127, 6, 5, NULL, NULL, NULL, '0.00', '0.00', 0, 'no', 0, 0, '2023-08-29 19:42:13', NULL);
INSERT INTO `student_session` (`id`, `session_id`, `student_id`, `class_id`, `section_id`, `hostel_room_id`, `vehroute_id`, `route_pickup_point_id`, `transport_fees`, `fees_discount`, `is_leave`, `is_active`, `is_alumni`, `default_login`, `created_at`, `updated_at`) VALUES (131, 19, 127, 8, 6, NULL, NULL, NULL, '0.00', '0.00', 0, 'no', 0, 0, '2023-08-29 19:48:23', NULL);


#
# TABLE STRUCTURE FOR: student_subject_attendances
#

DROP TABLE IF EXISTS `student_subject_attendances`;

CREATE TABLE `student_subject_attendances` (
  `id` int(11) NOT NULL AUTO_INCREMENT,
  `student_session_id` int(11) DEFAULT NULL,
  `subject_timetable_id` int(11) DEFAULT NULL,
  `attendence_type_id` int(11) DEFAULT NULL,
  `date` date DEFAULT NULL,
  `remark` text,
  `created_at` timestamp NOT NULL DEFAULT CURRENT_TIMESTAMP ON UPDATE CURRENT_TIMESTAMP,
  PRIMARY KEY (`id`),
  KEY `attendence_type_id` (`attendence_type_id`),
  KEY `student_session_id` (`student_session_id`),
  KEY `subject_timetable_id` (`subject_timetable_id`),
  CONSTRAINT `student_subject_attendances_ibfk_1` FOREIGN KEY (`attendence_type_id`) REFERENCES `attendence_type` (`id`) ON DELETE CASCADE,
  CONSTRAINT `student_subject_attendances_ibfk_2` FOREIGN KEY (`student_session_id`) REFERENCES `student_session` (`id`) ON DELETE CASCADE,
  CONSTRAINT `student_subject_attendances_ibfk_3` FOREIGN KEY (`subject_timetable_id`) REFERENCES `subject_timetable` (`id`) ON DELETE CASCADE
) ENGINE=InnoDB DEFAULT CHARSET=utf8;

#
# TABLE STRUCTURE FOR: student_timeline
#

DROP TABLE IF EXISTS `student_timeline`;

CREATE TABLE `student_timeline` (
  `id` int(11) NOT NULL AUTO_INCREMENT,
  `student_id` int(11) NOT NULL,
  `title` varchar(200) NOT NULL,
  `timeline_date` date NOT NULL,
  `description` text NOT NULL,
  `document` varchar(200) DEFAULT NULL,
  `status` varchar(200) NOT NULL,
  `created_student_id` int(11) NOT NULL,
  `date` date NOT NULL,
  PRIMARY KEY (`id`),
  KEY `student_id` (`student_id`),
  CONSTRAINT `student_timeline_ibfk_1` FOREIGN KEY (`student_id`) REFERENCES `students` (`id`) ON DELETE CASCADE
) ENGINE=InnoDB DEFAULT CHARSET=utf8;

#
# TABLE STRUCTURE FOR: student_transport_fees
#

DROP TABLE IF EXISTS `student_transport_fees`;

CREATE TABLE `student_transport_fees` (
  `id` int(11) NOT NULL AUTO_INCREMENT,
  `transport_feemaster_id` int(10) NOT NULL,
  `student_session_id` int(11) NOT NULL,
  `route_pickup_point_id` int(11) NOT NULL,
  `generated_by` int(11) DEFAULT NULL,
  `created_at` timestamp NOT NULL DEFAULT CURRENT_TIMESTAMP ON UPDATE CURRENT_TIMESTAMP,
  PRIMARY KEY (`id`),
  KEY `student_session_id` (`student_session_id`),
  KEY `route_pickup_point_id` (`route_pickup_point_id`),
  KEY `transport_feemaster_id` (`transport_feemaster_id`),
  CONSTRAINT `student_transport_fees_ibfk_1` FOREIGN KEY (`student_session_id`) REFERENCES `student_session` (`id`) ON DELETE CASCADE,
  CONSTRAINT `student_transport_fees_ibfk_2` FOREIGN KEY (`route_pickup_point_id`) REFERENCES `route_pickup_point` (`id`) ON DELETE CASCADE,
  CONSTRAINT `student_transport_fees_ibfk_3` FOREIGN KEY (`transport_feemaster_id`) REFERENCES `transport_feemaster` (`id`) ON DELETE CASCADE
) ENGINE=InnoDB DEFAULT CHARSET=utf8;

#
# TABLE STRUCTURE FOR: students
#

DROP TABLE IF EXISTS `students`;

CREATE TABLE `students` (
  `id` int(11) NOT NULL AUTO_INCREMENT,
  `parent_id` int(11) NOT NULL,
  `admission_no` varchar(100) DEFAULT NULL,
  `roll_no` varchar(100) DEFAULT NULL,
  `admission_date` date DEFAULT NULL,
  `firstname` varchar(100) DEFAULT NULL,
  `middlename` varchar(255) DEFAULT NULL,
  `lastname` varchar(100) DEFAULT NULL,
  `rte` varchar(20) DEFAULT NULL,
  `image` varchar(100) DEFAULT NULL,
  `mobileno` varchar(100) DEFAULT NULL,
  `email` varchar(100) DEFAULT NULL,
  `state` varchar(100) DEFAULT NULL,
  `city` varchar(100) DEFAULT NULL,
  `pincode` varchar(100) DEFAULT NULL,
  `religion` varchar(100) DEFAULT NULL,
  `cast` varchar(50) DEFAULT NULL,
  `dob` date DEFAULT NULL,
  `gender` varchar(100) DEFAULT NULL,
  `current_address` text,
  `permanent_address` text,
  `category_id` varchar(100) DEFAULT NULL,
  `school_house_id` int(11) DEFAULT NULL,
  `blood_group` varchar(200) NOT NULL,
  `hostel_room_id` int(11) DEFAULT NULL,
  `adhar_no` varchar(100) DEFAULT NULL,
  `samagra_id` varchar(100) DEFAULT NULL,
  `bank_account_no` varchar(100) DEFAULT NULL,
  `bank_name` varchar(100) DEFAULT NULL,
  `ifsc_code` varchar(100) DEFAULT NULL,
  `guardian_is` varchar(100) NOT NULL,
  `father_name` varchar(100) DEFAULT NULL,
  `father_phone` varchar(100) DEFAULT NULL,
  `father_occupation` varchar(100) DEFAULT NULL,
  `mother_name` varchar(100) DEFAULT NULL,
  `mother_phone` varchar(100) DEFAULT NULL,
  `mother_occupation` varchar(100) DEFAULT NULL,
  `guardian_name` varchar(100) DEFAULT NULL,
  `guardian_relation` varchar(100) DEFAULT NULL,
  `guardian_phone` varchar(100) DEFAULT NULL,
  `guardian_occupation` varchar(150) NOT NULL,
  `guardian_address` text,
  `guardian_email` varchar(100) DEFAULT NULL,
  `father_pic` varchar(200) NOT NULL,
  `mother_pic` varchar(200) NOT NULL,
  `guardian_pic` varchar(200) NOT NULL,
  `is_active` varchar(255) DEFAULT 'yes',
  `previous_school` text,
  `height` varchar(100) NOT NULL,
  `weight` varchar(100) NOT NULL,
  `measurement_date` date DEFAULT NULL,
  `dis_reason` int(11) NOT NULL,
  `note` varchar(200) DEFAULT NULL,
  `dis_note` text NOT NULL,
  `app_key` text,
  `parent_app_key` text,
  `disable_at` date DEFAULT NULL,
  `created_at` timestamp NOT NULL DEFAULT CURRENT_TIMESTAMP ON UPDATE CURRENT_TIMESTAMP,
  `updated_at` date DEFAULT NULL,
  PRIMARY KEY (`id`)
) ENGINE=InnoDB AUTO_INCREMENT=128 DEFAULT CHARSET=utf8;

INSERT INTO `students` (`id`, `parent_id`, `admission_no`, `roll_no`, `admission_date`, `firstname`, `middlename`, `lastname`, `rte`, `image`, `mobileno`, `email`, `state`, `city`, `pincode`, `religion`, `cast`, `dob`, `gender`, `current_address`, `permanent_address`, `category_id`, `school_house_id`, `blood_group`, `hostel_room_id`, `adhar_no`, `samagra_id`, `bank_account_no`, `bank_name`, `ifsc_code`, `guardian_is`, `father_name`, `father_phone`, `father_occupation`, `mother_name`, `mother_phone`, `mother_occupation`, `guardian_name`, `guardian_relation`, `guardian_phone`, `guardian_occupation`, `guardian_address`, `guardian_email`, `father_pic`, `mother_pic`, `guardian_pic`, `is_active`, `previous_school`, `height`, `weight`, `measurement_date`, `dis_reason`, `note`, `dis_note`, `app_key`, `parent_app_key`, `disable_at`, `created_at`, `updated_at`) VALUES (101, 202, '100', '', '2023-08-11', 'SAMPLE', NULL, '', 'No', NULL, '', 'samsen2@yopmail.com', NULL, NULL, NULL, '', '', '2023-08-11', 'Male', '', '', '', 0, '', 0, '', '', '', '', '', 'father', 'SAM SEN', '852963741852', '', '', '', '', 'SAM SEN', 'Father', '852963741852', '', '', '', '', '', '', 'yes', '', '', '', '2023-08-11', 0, '', '', NULL, NULL, NULL, '2023-08-11 17:22:19', NULL);
INSERT INTO `students` (`id`, `parent_id`, `admission_no`, `roll_no`, `admission_date`, `firstname`, `middlename`, `lastname`, `rte`, `image`, `mobileno`, `email`, `state`, `city`, `pincode`, `religion`, `cast`, `dob`, `gender`, `current_address`, `permanent_address`, `category_id`, `school_house_id`, `blood_group`, `hostel_room_id`, `adhar_no`, `samagra_id`, `bank_account_no`, `bank_name`, `ifsc_code`, `guardian_is`, `father_name`, `father_phone`, `father_occupation`, `mother_name`, `mother_phone`, `mother_occupation`, `guardian_name`, `guardian_relation`, `guardian_phone`, `guardian_occupation`, `guardian_address`, `guardian_email`, `father_pic`, `mother_pic`, `guardian_pic`, `is_active`, `previous_school`, `height`, `weight`, `measurement_date`, `dis_reason`, `note`, `dis_note`, `app_key`, `parent_app_key`, `disable_at`, `created_at`, `updated_at`) VALUES (102, 204, '125452', '23658542', '2023-08-12', 'MOHIT', NULL, 'CHOUHAN', 'No', NULL, '9652365242', 'adarshwebfeb@gmail.com', NULL, NULL, NULL, 'HINDU', 'CHOUHAN', '2009-07-11', 'Male', '', '', '2', 1, 'O+', 6, '', '', '', '', '', 'father', 'B K CHOUHAN', '9554664667', '', '', '', '', 'B K CHOUHAN', 'Father', '9554664667', '', '', '', '', '', '', 'yes', '', '123', '30', '2023-08-12', 0, '', '', NULL, NULL, NULL, '2023-08-12 10:46:46', NULL);
INSERT INTO `students` (`id`, `parent_id`, `admission_no`, `roll_no`, `admission_date`, `firstname`, `middlename`, `lastname`, `rte`, `image`, `mobileno`, `email`, `state`, `city`, `pincode`, `religion`, `cast`, `dob`, `gender`, `current_address`, `permanent_address`, `category_id`, `school_house_id`, `blood_group`, `hostel_room_id`, `adhar_no`, `samagra_id`, `bank_account_no`, `bank_name`, `ifsc_code`, `guardian_is`, `father_name`, `father_phone`, `father_occupation`, `mother_name`, `mother_phone`, `mother_occupation`, `guardian_name`, `guardian_relation`, `guardian_phone`, `guardian_occupation`, `guardian_address`, `guardian_email`, `father_pic`, `mother_pic`, `guardian_pic`, `is_active`, `previous_school`, `height`, `weight`, `measurement_date`, `dis_reason`, `note`, `dis_note`, `app_key`, `parent_app_key`, `disable_at`, `created_at`, `updated_at`) VALUES (103, 206, '12545425', '3663653', '2023-08-12', 'SATYAM', NULL, 'CHOUKSEY', 'No', NULL, '95235244254', 'Satyam15@gmail.com', NULL, NULL, NULL, 'HINDU', 'CHOUKSEY', '2000-11-05', 'Male', '', '', '2', 3, 'B+', 0, '', '', '', '', '', 'father', 'K B CHOUKSEY', '9525425425', 'BUSINESS', 'R R CHOUKSEY', '9542542669', '', 'K B CHOUKSEY', 'Father', '9525425425', 'BUSINESS', '', '', '', '', '', 'yes', '', '', '', '2023-08-12', 0, '', '', NULL, NULL, NULL, '2023-08-12 10:50:29', NULL);
INSERT INTO `students` (`id`, `parent_id`, `admission_no`, `roll_no`, `admission_date`, `firstname`, `middlename`, `lastname`, `rte`, `image`, `mobileno`, `email`, `state`, `city`, `pincode`, `religion`, `cast`, `dob`, `gender`, `current_address`, `permanent_address`, `category_id`, `school_house_id`, `blood_group`, `hostel_room_id`, `adhar_no`, `samagra_id`, `bank_account_no`, `bank_name`, `ifsc_code`, `guardian_is`, `father_name`, `father_phone`, `father_occupation`, `mother_name`, `mother_phone`, `mother_occupation`, `guardian_name`, `guardian_relation`, `guardian_phone`, `guardian_occupation`, `guardian_address`, `guardian_email`, `father_pic`, `mother_pic`, `guardian_pic`, `is_active`, `previous_school`, `height`, `weight`, `measurement_date`, `dis_reason`, `note`, `dis_note`, `app_key`, `parent_app_key`, `disable_at`, `created_at`, `updated_at`) VALUES (104, 208, '326260', '20230', '2023-08-12', 'Arpit', NULL, 'Patel', 'No', NULL, '9522125476', 'arpit12@gmail.com', NULL, NULL, NULL, '', '', '2015-01-10', 'Male', '', '', '3', 0, '', 0, '', '', '', '', '', 'father', 'Arun Patel', '849401561', '', '', '', '', 'Arun Patel', 'Father', '849401561', '', '', '', '', '', '', 'yes', '', '', '', '2023-08-12', 0, '', '', NULL, NULL, NULL, '2023-08-12 10:53:18', NULL);
INSERT INTO `students` (`id`, `parent_id`, `admission_no`, `roll_no`, `admission_date`, `firstname`, `middlename`, `lastname`, `rte`, `image`, `mobileno`, `email`, `state`, `city`, `pincode`, `religion`, `cast`, `dob`, `gender`, `current_address`, `permanent_address`, `category_id`, `school_house_id`, `blood_group`, `hostel_room_id`, `adhar_no`, `samagra_id`, `bank_account_no`, `bank_name`, `ifsc_code`, `guardian_is`, `father_name`, `father_phone`, `father_occupation`, `mother_name`, `mother_phone`, `mother_occupation`, `guardian_name`, `guardian_relation`, `guardian_phone`, `guardian_occupation`, `guardian_address`, `guardian_email`, `father_pic`, `mother_pic`, `guardian_pic`, `is_active`, `previous_school`, `height`, `weight`, `measurement_date`, `dis_reason`, `note`, `dis_note`, `app_key`, `parent_app_key`, `disable_at`, `created_at`, `updated_at`) VALUES (105, 210, '4654654654', '165165165', '2023-08-12', 'SOURABH', NULL, 'SONI', 'No', NULL, '9523652542', 'Sourabh45@gmail.com', NULL, NULL, NULL, 'HINDU', 'SONI', '2000-03-05', 'Male', '', '', '3', 3, 'AB-', 0, '', '', '', '', '', 'father', ' S P SONI', '9498651651', '', '', '', '', 'S P SONI', 'Father', '9498651651', '', '', '', '', '', '', 'yes', '', '', '', '2023-08-12', 0, '', '', NULL, NULL, NULL, '2023-08-12 10:55:59', NULL);
INSERT INTO `students` (`id`, `parent_id`, `admission_no`, `roll_no`, `admission_date`, `firstname`, `middlename`, `lastname`, `rte`, `image`, `mobileno`, `email`, `state`, `city`, `pincode`, `religion`, `cast`, `dob`, `gender`, `current_address`, `permanent_address`, `category_id`, `school_house_id`, `blood_group`, `hostel_room_id`, `adhar_no`, `samagra_id`, `bank_account_no`, `bank_name`, `ifsc_code`, `guardian_is`, `father_name`, `father_phone`, `father_occupation`, `mother_name`, `mother_phone`, `mother_occupation`, `guardian_name`, `guardian_relation`, `guardian_phone`, `guardian_occupation`, `guardian_address`, `guardian_email`, `father_pic`, `mother_pic`, `guardian_pic`, `is_active`, `previous_school`, `height`, `weight`, `measurement_date`, `dis_reason`, `note`, `dis_note`, `app_key`, `parent_app_key`, `disable_at`, `created_at`, `updated_at`) VALUES (106, 212, '5242512', '56465462', '2023-08-12', 'Rohit', NULL, 'Soni', 'No', NULL, '9542587541', 'Rohit12@gmai.com', NULL, NULL, NULL, 'Hindu', 'Soni', '2004-06-20', 'Male', '', '', '1', 4, 'B+', 0, '', '', '', '', '', 'father', 'S K Soni', '8525364747', 'Business', 'M k Soni', '9652542542', '', 'S K Soni', 'Father', '8525364747', 'Business', '', '', '', '', '', 'yes', '', '', '', '2023-08-12', 0, '', '', NULL, NULL, NULL, '2023-08-12 10:59:34', NULL);
INSERT INTO `students` (`id`, `parent_id`, `admission_no`, `roll_no`, `admission_date`, `firstname`, `middlename`, `lastname`, `rte`, `image`, `mobileno`, `email`, `state`, `city`, `pincode`, `religion`, `cast`, `dob`, `gender`, `current_address`, `permanent_address`, `category_id`, `school_house_id`, `blood_group`, `hostel_room_id`, `adhar_no`, `samagra_id`, `bank_account_no`, `bank_name`, `ifsc_code`, `guardian_is`, `father_name`, `father_phone`, `father_occupation`, `mother_name`, `mother_phone`, `mother_occupation`, `guardian_name`, `guardian_relation`, `guardian_phone`, `guardian_occupation`, `guardian_address`, `guardian_email`, `father_pic`, `mother_pic`, `guardian_pic`, `is_active`, `previous_school`, `height`, `weight`, `measurement_date`, `dis_reason`, `note`, `dis_note`, `app_key`, `parent_app_key`, `disable_at`, `created_at`, `updated_at`) VALUES (107, 214, '90775', '4322', '2023-08-12', 'Suresh', NULL, 'Patel', 'No', NULL, '9080678678', 'suresh@gmail.com', NULL, NULL, NULL, '', '', '2014-06-22', 'Male', '', '', '1', 2, 'O+', 0, '', '', '', '', '', 'father', 'Lokesh', '9638527410', '', '', '', '', 'Lokesh', 'Father', '9638527410', '', '', '', '', '', '', 'yes', '', '', '', '2023-08-12', 0, '', '', NULL, NULL, NULL, '2023-08-12 11:01:55', NULL);
INSERT INTO `students` (`id`, `parent_id`, `admission_no`, `roll_no`, `admission_date`, `firstname`, `middlename`, `lastname`, `rte`, `image`, `mobileno`, `email`, `state`, `city`, `pincode`, `religion`, `cast`, `dob`, `gender`, `current_address`, `permanent_address`, `category_id`, `school_house_id`, `blood_group`, `hostel_room_id`, `adhar_no`, `samagra_id`, `bank_account_no`, `bank_name`, `ifsc_code`, `guardian_is`, `father_name`, `father_phone`, `father_occupation`, `mother_name`, `mother_phone`, `mother_occupation`, `guardian_name`, `guardian_relation`, `guardian_phone`, `guardian_occupation`, `guardian_address`, `guardian_email`, `father_pic`, `mother_pic`, `guardian_pic`, `is_active`, `previous_school`, `height`, `weight`, `measurement_date`, `dis_reason`, `note`, `dis_note`, `app_key`, `parent_app_key`, `disable_at`, `created_at`, `updated_at`) VALUES (108, 216, '956536652', '64654651651', '2023-08-12', 'NIKETAN', NULL, 'ROY', 'No', NULL, '9652625421', 'Niketan15@gmail.com', NULL, NULL, NULL, 'HINDU', 'ROY', '2006-08-15', 'Male', '', '', '1', 4, 'O+', 6, '', '', '', '', '', 'father', 'S K ROY', '95666566652', '', '', '', '', 'S K ROY', 'Father', '95666566652', '', '', '', '', '', '', 'yes', '', '', '', '2023-08-12', 0, '', '', NULL, NULL, NULL, '2023-08-12 11:05:38', NULL);
INSERT INTO `students` (`id`, `parent_id`, `admission_no`, `roll_no`, `admission_date`, `firstname`, `middlename`, `lastname`, `rte`, `image`, `mobileno`, `email`, `state`, `city`, `pincode`, `religion`, `cast`, `dob`, `gender`, `current_address`, `permanent_address`, `category_id`, `school_house_id`, `blood_group`, `hostel_room_id`, `adhar_no`, `samagra_id`, `bank_account_no`, `bank_name`, `ifsc_code`, `guardian_is`, `father_name`, `father_phone`, `father_occupation`, `mother_name`, `mother_phone`, `mother_occupation`, `guardian_name`, `guardian_relation`, `guardian_phone`, `guardian_occupation`, `guardian_address`, `guardian_email`, `father_pic`, `mother_pic`, `guardian_pic`, `is_active`, `previous_school`, `height`, `weight`, `measurement_date`, `dis_reason`, `note`, `dis_note`, `app_key`, `parent_app_key`, `disable_at`, `created_at`, `updated_at`) VALUES (109, 218, '18003', '201', '2023-08-12', 'Nicolas', NULL, 'Fleming', 'No', NULL, '54564645564', 'nicolas@gmail.com', NULL, NULL, NULL, '', '', '2011-03-26', 'Male', '', '', '1', 2, 'AB+', 0, '', '', '', '', '', 'father', 'Dorian Fleming', '54646546', 'Business', '', '', '', 'Dorian Fleming', 'Father', '54646546', 'Business', '', '', '', '', '', 'no', '', '', '', '2023-08-12', 2, '', '', NULL, NULL, '2023-08-30', '2023-08-30 14:15:59', NULL);
INSERT INTO `students` (`id`, `parent_id`, `admission_no`, `roll_no`, `admission_date`, `firstname`, `middlename`, `lastname`, `rte`, `image`, `mobileno`, `email`, `state`, `city`, `pincode`, `religion`, `cast`, `dob`, `gender`, `current_address`, `permanent_address`, `category_id`, `school_house_id`, `blood_group`, `hostel_room_id`, `adhar_no`, `samagra_id`, `bank_account_no`, `bank_name`, `ifsc_code`, `guardian_is`, `father_name`, `father_phone`, `father_occupation`, `mother_name`, `mother_phone`, `mother_occupation`, `guardian_name`, `guardian_relation`, `guardian_phone`, `guardian_occupation`, `guardian_address`, `guardian_email`, `father_pic`, `mother_pic`, `guardian_pic`, `is_active`, `previous_school`, `height`, `weight`, `measurement_date`, `dis_reason`, `note`, `dis_note`, `app_key`, `parent_app_key`, `disable_at`, `created_at`, `updated_at`) VALUES (110, 220, '18006', '202', '2023-08-12', 'Simon', NULL, 'Peterson', 'No', NULL, '564656546', 'simon@gmail.com', NULL, NULL, NULL, '', '', '2011-05-02', 'Male', '', '', '1', 0, '', 1, '', '', '', '', '', 'father', 'Lucas Peterson', '946545445', 'Doctor', '', '', '', 'Lucas Peterson', 'Father', '946545445', 'Doctor', '', '', '', '', '', 'no', '', '', '', '2023-08-12', 2, '', '', NULL, NULL, '2023-08-30', '2023-08-30 14:16:16', NULL);
INSERT INTO `students` (`id`, `parent_id`, `admission_no`, `roll_no`, `admission_date`, `firstname`, `middlename`, `lastname`, `rte`, `image`, `mobileno`, `email`, `state`, `city`, `pincode`, `religion`, `cast`, `dob`, `gender`, `current_address`, `permanent_address`, `category_id`, `school_house_id`, `blood_group`, `hostel_room_id`, `adhar_no`, `samagra_id`, `bank_account_no`, `bank_name`, `ifsc_code`, `guardian_is`, `father_name`, `father_phone`, `father_occupation`, `mother_name`, `mother_phone`, `mother_occupation`, `guardian_name`, `guardian_relation`, `guardian_phone`, `guardian_occupation`, `guardian_address`, `guardian_email`, `father_pic`, `mother_pic`, `guardian_pic`, `is_active`, `previous_school`, `height`, `weight`, `measurement_date`, `dis_reason`, `note`, `dis_note`, `app_key`, `parent_app_key`, `disable_at`, `created_at`, `updated_at`) VALUES (111, 222, '18012', '210', '2023-08-12', 'Emma', NULL, 'Thomas', 'Yes', NULL, '8233366613', '', NULL, NULL, NULL, '', '', '2011-03-13', 'Female', '', '', '1', 0, 'B-', 6, '646541365', '500065', '541365541365541365', 'CBS Bank', '541365', 'father', 'Olivier Thomas', '98654646', 'Lawyer', '', '', '', 'Olivier Thomas', 'Father', '98654646', 'Lawyer', '', '', '', '', '', 'no', '', '', '', '2023-08-12', 2, '', '', NULL, NULL, '2023-08-30', '2023-08-30 14:16:08', NULL);
INSERT INTO `students` (`id`, `parent_id`, `admission_no`, `roll_no`, `admission_date`, `firstname`, `middlename`, `lastname`, `rte`, `image`, `mobileno`, `email`, `state`, `city`, `pincode`, `religion`, `cast`, `dob`, `gender`, `current_address`, `permanent_address`, `category_id`, `school_house_id`, `blood_group`, `hostel_room_id`, `adhar_no`, `samagra_id`, `bank_account_no`, `bank_name`, `ifsc_code`, `guardian_is`, `father_name`, `father_phone`, `father_occupation`, `mother_name`, `mother_phone`, `mother_occupation`, `guardian_name`, `guardian_relation`, `guardian_phone`, `guardian_occupation`, `guardian_address`, `guardian_email`, `father_pic`, `mother_pic`, `guardian_pic`, `is_active`, `previous_school`, `height`, `weight`, `measurement_date`, `dis_reason`, `note`, `dis_note`, `app_key`, `parent_app_key`, `disable_at`, `created_at`, `updated_at`) VALUES (112, 224, '18067', '990', '2023-08-12', 'Chiyo', NULL, 'Roy', 'No', NULL, '6784681213', 'chiyo@gmail.com', NULL, NULL, NULL, '', '', '2019-06-08', 'Female', '', '', '2', 0, '', 6, '', '', '', '', '', 'father', 'Apolline Roy', '6777777797', '', '', '', '', 'Apolline Roy', 'Father', '6777777797', '', '', '', '', '', '', 'yes', '', '', '', '2023-08-12', 0, '', '', NULL, NULL, NULL, '2023-08-12 17:09:20', NULL);
INSERT INTO `students` (`id`, `parent_id`, `admission_no`, `roll_no`, `admission_date`, `firstname`, `middlename`, `lastname`, `rte`, `image`, `mobileno`, `email`, `state`, `city`, `pincode`, `religion`, `cast`, `dob`, `gender`, `current_address`, `permanent_address`, `category_id`, `school_house_id`, `blood_group`, `hostel_room_id`, `adhar_no`, `samagra_id`, `bank_account_no`, `bank_name`, `ifsc_code`, `guardian_is`, `father_name`, `father_phone`, `father_occupation`, `mother_name`, `mother_phone`, `mother_occupation`, `guardian_name`, `guardian_relation`, `guardian_phone`, `guardian_occupation`, `guardian_address`, `guardian_email`, `father_pic`, `mother_pic`, `guardian_pic`, `is_active`, `previous_school`, `height`, `weight`, `measurement_date`, `dis_reason`, `note`, `dis_note`, `app_key`, `parent_app_key`, `disable_at`, `created_at`, `updated_at`) VALUES (113, 226, '1900422241', '2012200', '2023-08-12', 'अहुतोसा', NULL, 'एलिल्लारासन', 'No', NULL, '8233366513', 'thomggwwass@gmail.com', NULL, NULL, NULL, '', '', '2006-08-12', 'Male', '', '', '', 0, '', 0, '', '', '', '', '', 'father', 'अनादि', '9.86535E+11', 'जरूरी', '', '', '', 'अनादि', 'Father', '9.86535E+11', 'जरूरी', '', '', '', '', '', 'yes', '', '', '', '2023-08-12', 0, '', '', NULL, NULL, NULL, '2023-08-12 17:12:37', NULL);
INSERT INTO `students` (`id`, `parent_id`, `admission_no`, `roll_no`, `admission_date`, `firstname`, `middlename`, `lastname`, `rte`, `image`, `mobileno`, `email`, `state`, `city`, `pincode`, `religion`, `cast`, `dob`, `gender`, `current_address`, `permanent_address`, `category_id`, `school_house_id`, `blood_group`, `hostel_room_id`, `adhar_no`, `samagra_id`, `bank_account_no`, `bank_name`, `ifsc_code`, `guardian_is`, `father_name`, `father_phone`, `father_occupation`, `mother_name`, `mother_phone`, `mother_occupation`, `guardian_name`, `guardian_relation`, `guardian_phone`, `guardian_occupation`, `guardian_address`, `guardian_email`, `father_pic`, `mother_pic`, `guardian_pic`, `is_active`, `previous_school`, `height`, `weight`, `measurement_date`, `dis_reason`, `note`, `dis_note`, `app_key`, `parent_app_key`, `disable_at`, `created_at`, `updated_at`) VALUES (114, 228, '30021', '223302', '2023-08-12', 'jack', NULL, 'MArtin', 'No', NULL, '980806786', 'jack25@gmail.com', NULL, NULL, NULL, '', '', '2011-03-26', 'Male', '', '', '4', 2, 'A+', 0, '', '', '', '', '', 'father', 'Lawrence Martin ', '9638527410', '', '', '', '', 'Lawrence Martin', 'Father', '9638527410', '', '', '', '', '', '', 'yes', '', '', '', '2023-08-12', 0, '', '', NULL, NULL, NULL, '2023-08-12 17:15:18', NULL);
INSERT INTO `students` (`id`, `parent_id`, `admission_no`, `roll_no`, `admission_date`, `firstname`, `middlename`, `lastname`, `rte`, `image`, `mobileno`, `email`, `state`, `city`, `pincode`, `religion`, `cast`, `dob`, `gender`, `current_address`, `permanent_address`, `category_id`, `school_house_id`, `blood_group`, `hostel_room_id`, `adhar_no`, `samagra_id`, `bank_account_no`, `bank_name`, `ifsc_code`, `guardian_is`, `father_name`, `father_phone`, `father_occupation`, `mother_name`, `mother_phone`, `mother_occupation`, `guardian_name`, `guardian_relation`, `guardian_phone`, `guardian_occupation`, `guardian_address`, `guardian_email`, `father_pic`, `mother_pic`, `guardian_pic`, `is_active`, `previous_school`, `height`, `weight`, `measurement_date`, `dis_reason`, `note`, `dis_note`, `app_key`, `parent_app_key`, `disable_at`, `created_at`, `updated_at`) VALUES (115, 230, '53322', '', '2023-08-12', 'Harry', NULL, '', 'No', NULL, '', '', NULL, NULL, NULL, '', '', '2022-12-29', 'Male', '', '', '3', 0, '', 0, '', '', '', '', '', 'father', 'kalvin', '89089067868', '', '', '', '', 'kalvin', 'Father', '89089067868', '', '', '', '', '', '', 'yes', '', '', '', '2023-08-12', 0, '', '', NULL, NULL, NULL, '2023-08-12 17:17:14', NULL);
INSERT INTO `students` (`id`, `parent_id`, `admission_no`, `roll_no`, `admission_date`, `firstname`, `middlename`, `lastname`, `rte`, `image`, `mobileno`, `email`, `state`, `city`, `pincode`, `religion`, `cast`, `dob`, `gender`, `current_address`, `permanent_address`, `category_id`, `school_house_id`, `blood_group`, `hostel_room_id`, `adhar_no`, `samagra_id`, `bank_account_no`, `bank_name`, `ifsc_code`, `guardian_is`, `father_name`, `father_phone`, `father_occupation`, `mother_name`, `mother_phone`, `mother_occupation`, `guardian_name`, `guardian_relation`, `guardian_phone`, `guardian_occupation`, `guardian_address`, `guardian_email`, `father_pic`, `mother_pic`, `guardian_pic`, `is_active`, `previous_school`, `height`, `weight`, `measurement_date`, `dis_reason`, `note`, `dis_note`, `app_key`, `parent_app_key`, `disable_at`, `created_at`, `updated_at`) VALUES (116, 232, '8900008', '', '2023-08-12', 'Tarun', NULL, 'Patel', 'No', NULL, '7890890878', 'tarun@gmail.com', NULL, NULL, NULL, 'Hindu', 'General', '2014-08-16', 'Male', '', '', '1', 2, 'A+', 1, '', '', '', '', '', 'father', 'David', '98087678', 'Private Job', '', '', '', 'David', 'Father', '98087678', 'Private Job', '', '', '', '', '', 'yes', '', '', '', '2023-08-12', 0, '', '', NULL, NULL, NULL, '2023-08-12 17:19:22', NULL);
INSERT INTO `students` (`id`, `parent_id`, `admission_no`, `roll_no`, `admission_date`, `firstname`, `middlename`, `lastname`, `rte`, `image`, `mobileno`, `email`, `state`, `city`, `pincode`, `religion`, `cast`, `dob`, `gender`, `current_address`, `permanent_address`, `category_id`, `school_house_id`, `blood_group`, `hostel_room_id`, `adhar_no`, `samagra_id`, `bank_account_no`, `bank_name`, `ifsc_code`, `guardian_is`, `father_name`, `father_phone`, `father_occupation`, `mother_name`, `mother_phone`, `mother_occupation`, `guardian_name`, `guardian_relation`, `guardian_phone`, `guardian_occupation`, `guardian_address`, `guardian_email`, `father_pic`, `mother_pic`, `guardian_pic`, `is_active`, `previous_school`, `height`, `weight`, `measurement_date`, `dis_reason`, `note`, `dis_note`, `app_key`, `parent_app_key`, `disable_at`, `created_at`, `updated_at`) VALUES (117, 234, '11011', '78768', '2023-08-12', 'MANISH', NULL, 'RAJPUT', 'No', NULL, '9658471232', 'manish12@gmail.com', NULL, NULL, NULL, '', '', '2009-03-31', 'Male', '', '', '', 1, '', 0, '', '', '', '', '', 'father', 'Lokesh ', '9809808967', '', '', '', '', 'Lokesh', 'Father', '9809808967', '', '', '', '', '', '', 'yes', '', '', '', '2023-08-12', 0, '', '', NULL, NULL, NULL, '2023-08-12 17:22:56', NULL);
INSERT INTO `students` (`id`, `parent_id`, `admission_no`, `roll_no`, `admission_date`, `firstname`, `middlename`, `lastname`, `rte`, `image`, `mobileno`, `email`, `state`, `city`, `pincode`, `religion`, `cast`, `dob`, `gender`, `current_address`, `permanent_address`, `category_id`, `school_house_id`, `blood_group`, `hostel_room_id`, `adhar_no`, `samagra_id`, `bank_account_no`, `bank_name`, `ifsc_code`, `guardian_is`, `father_name`, `father_phone`, `father_occupation`, `mother_name`, `mother_phone`, `mother_occupation`, `guardian_name`, `guardian_relation`, `guardian_phone`, `guardian_occupation`, `guardian_address`, `guardian_email`, `father_pic`, `mother_pic`, `guardian_pic`, `is_active`, `previous_school`, `height`, `weight`, `measurement_date`, `dis_reason`, `note`, `dis_note`, `app_key`, `parent_app_key`, `disable_at`, `created_at`, `updated_at`) VALUES (118, 236, '1121', '13135', '2023-08-12', 'sumit', NULL, 'soni', 'No', NULL, '', 'sumit12@gmail.com', NULL, NULL, NULL, '', '', '2023-03-19', 'Male', '', '', '2', 0, '', 0, '', '', '', '', '', 'father', 'sumita soni', '9546546421', '', '', '', '', 'sumita soni', 'Father', '9546546421', '', '', '', '', '', '', 'yes', '', '', '', '2023-08-12', 0, '', '', NULL, NULL, NULL, '2023-08-12 17:25:11', NULL);
INSERT INTO `students` (`id`, `parent_id`, `admission_no`, `roll_no`, `admission_date`, `firstname`, `middlename`, `lastname`, `rte`, `image`, `mobileno`, `email`, `state`, `city`, `pincode`, `religion`, `cast`, `dob`, `gender`, `current_address`, `permanent_address`, `category_id`, `school_house_id`, `blood_group`, `hostel_room_id`, `adhar_no`, `samagra_id`, `bank_account_no`, `bank_name`, `ifsc_code`, `guardian_is`, `father_name`, `father_phone`, `father_occupation`, `mother_name`, `mother_phone`, `mother_occupation`, `guardian_name`, `guardian_relation`, `guardian_phone`, `guardian_occupation`, `guardian_address`, `guardian_email`, `father_pic`, `mother_pic`, `guardian_pic`, `is_active`, `previous_school`, `height`, `weight`, `measurement_date`, `dis_reason`, `note`, `dis_note`, `app_key`, `parent_app_key`, `disable_at`, `created_at`, `updated_at`) VALUES (119, 238, '12535', '154', '2023-08-12', 'gaurav', NULL, 'soni', 'No', NULL, '', 'gaurav12@gmail.com', NULL, NULL, NULL, '', '', '2023-08-28', 'Female', '', '', '3', 0, '', 0, '', '', '', '', '', 'father', 'gauri', '8520963741', '', '', '', '', 'gauri', 'Father', '8520963741', '', '', '', '', '', '', 'yes', '', '', '', '2023-08-12', 0, '', '', NULL, NULL, NULL, '2023-08-12 17:27:29', NULL);
INSERT INTO `students` (`id`, `parent_id`, `admission_no`, `roll_no`, `admission_date`, `firstname`, `middlename`, `lastname`, `rte`, `image`, `mobileno`, `email`, `state`, `city`, `pincode`, `religion`, `cast`, `dob`, `gender`, `current_address`, `permanent_address`, `category_id`, `school_house_id`, `blood_group`, `hostel_room_id`, `adhar_no`, `samagra_id`, `bank_account_no`, `bank_name`, `ifsc_code`, `guardian_is`, `father_name`, `father_phone`, `father_occupation`, `mother_name`, `mother_phone`, `mother_occupation`, `guardian_name`, `guardian_relation`, `guardian_phone`, `guardian_occupation`, `guardian_address`, `guardian_email`, `father_pic`, `mother_pic`, `guardian_pic`, `is_active`, `previous_school`, `height`, `weight`, `measurement_date`, `dis_reason`, `note`, `dis_note`, `app_key`, `parent_app_key`, `disable_at`, `created_at`, `updated_at`) VALUES (120, 240, '18066', '', '2023-08-12', 'Abhimanyu', NULL, 'Sinha', 'No', NULL, '8594712030', 'abhi@gmail.com', NULL, NULL, NULL, '', '', '2009-06-13', 'Male', '', '', '', 1, '', 0, '', '', '', '', '', 'father', 'Ritesh ', '9876543210', '', '', '', '', 'Ritesh', 'Father', '9876543210', '', '', '', '', '', '', 'yes', '', '', '', '2023-08-12', 0, '', '', NULL, NULL, NULL, '2023-08-12 17:30:30', NULL);
INSERT INTO `students` (`id`, `parent_id`, `admission_no`, `roll_no`, `admission_date`, `firstname`, `middlename`, `lastname`, `rte`, `image`, `mobileno`, `email`, `state`, `city`, `pincode`, `religion`, `cast`, `dob`, `gender`, `current_address`, `permanent_address`, `category_id`, `school_house_id`, `blood_group`, `hostel_room_id`, `adhar_no`, `samagra_id`, `bank_account_no`, `bank_name`, `ifsc_code`, `guardian_is`, `father_name`, `father_phone`, `father_occupation`, `mother_name`, `mother_phone`, `mother_occupation`, `guardian_name`, `guardian_relation`, `guardian_phone`, `guardian_occupation`, `guardian_address`, `guardian_email`, `father_pic`, `mother_pic`, `guardian_pic`, `is_active`, `previous_school`, `height`, `weight`, `measurement_date`, `dis_reason`, `note`, `dis_note`, `app_key`, `parent_app_key`, `disable_at`, `created_at`, `updated_at`) VALUES (121, 242, '18080', '', '2023-08-12', 'Oziva', NULL, 'Heli', 'No', NULL, '90808678678', '', NULL, NULL, NULL, '', '', '2023-08-22', 'Female', '', '', '', 1, 'A+', 0, '', '', '', '', '', 'father', 'Dezzy', '8854585555', '', '', '', '', 'Dezzy', 'Father', '8854585555', '', '', '', '', '', '', 'yes', '', '', '', '2023-08-12', 0, '', '', NULL, NULL, NULL, '2023-08-12 17:33:12', NULL);
INSERT INTO `students` (`id`, `parent_id`, `admission_no`, `roll_no`, `admission_date`, `firstname`, `middlename`, `lastname`, `rte`, `image`, `mobileno`, `email`, `state`, `city`, `pincode`, `religion`, `cast`, `dob`, `gender`, `current_address`, `permanent_address`, `category_id`, `school_house_id`, `blood_group`, `hostel_room_id`, `adhar_no`, `samagra_id`, `bank_account_no`, `bank_name`, `ifsc_code`, `guardian_is`, `father_name`, `father_phone`, `father_occupation`, `mother_name`, `mother_phone`, `mother_occupation`, `guardian_name`, `guardian_relation`, `guardian_phone`, `guardian_occupation`, `guardian_address`, `guardian_email`, `father_pic`, `mother_pic`, `guardian_pic`, `is_active`, `previous_school`, `height`, `weight`, `measurement_date`, `dis_reason`, `note`, `dis_note`, `app_key`, `parent_app_key`, `disable_at`, `created_at`, `updated_at`) VALUES (122, 244, '18001', '101', '2023-08-12', 'Edward', NULL, 'Thomas', 'No', NULL, '82333666113', 'nakultowish@gmail.com', NULL, NULL, NULL, 'Christen', 'Thomas', '2014-06-14', 'Male', '', '', '1', 3, 'O+', 4, '', '', '', '', '', 'father', 'Olivier Thomas', '98654646', 'Lawyer', '', '', '', 'Olivier Thomas', 'Father', '98654646', 'Lawyer', '', '', '', '', '', 'yes', '', '', '', '2023-08-12', 0, '', '', NULL, NULL, NULL, '2023-08-12 17:43:19', NULL);
INSERT INTO `students` (`id`, `parent_id`, `admission_no`, `roll_no`, `admission_date`, `firstname`, `middlename`, `lastname`, `rte`, `image`, `mobileno`, `email`, `state`, `city`, `pincode`, `religion`, `cast`, `dob`, `gender`, `current_address`, `permanent_address`, `category_id`, `school_house_id`, `blood_group`, `hostel_room_id`, `adhar_no`, `samagra_id`, `bank_account_no`, `bank_name`, `ifsc_code`, `guardian_is`, `father_name`, `father_phone`, `father_occupation`, `mother_name`, `mother_phone`, `mother_occupation`, `guardian_name`, `guardian_relation`, `guardian_phone`, `guardian_occupation`, `guardian_address`, `guardian_email`, `father_pic`, `mother_pic`, `guardian_pic`, `is_active`, `previous_school`, `height`, `weight`, `measurement_date`, `dis_reason`, `note`, `dis_note`, `app_key`, `parent_app_key`, `disable_at`, `created_at`, `updated_at`) VALUES (123, 246, '18005', '104', '2023-08-12', 'Glen', NULL, 'Stark', 'No', NULL, '9658471234', 'glen@gmail.com', NULL, NULL, NULL, '', '', '2010-02-13', 'Male', '	7 Main Street, Apt. Central Brooklyn, NY 11210-0000', '	7 Main Street, Apt. Central Brooklyn, NY 11210-0000', '1', 0, '', 2, '564564', '4564654', '65456465454', 'Capital Bank', '645646', 'father', 'James Stark', '54646546', 'Business', '', '', '', 'James Stark', 'Father', '54646546', 'Business', '', '', '', '', '', 'yes', '', '', '', '2023-08-12', 0, '', '', NULL, NULL, NULL, '2023-08-12 17:46:53', NULL);
INSERT INTO `students` (`id`, `parent_id`, `admission_no`, `roll_no`, `admission_date`, `firstname`, `middlename`, `lastname`, `rte`, `image`, `mobileno`, `email`, `state`, `city`, `pincode`, `religion`, `cast`, `dob`, `gender`, `current_address`, `permanent_address`, `category_id`, `school_house_id`, `blood_group`, `hostel_room_id`, `adhar_no`, `samagra_id`, `bank_account_no`, `bank_name`, `ifsc_code`, `guardian_is`, `father_name`, `father_phone`, `father_occupation`, `mother_name`, `mother_phone`, `mother_occupation`, `guardian_name`, `guardian_relation`, `guardian_phone`, `guardian_occupation`, `guardian_address`, `guardian_email`, `father_pic`, `mother_pic`, `guardian_pic`, `is_active`, `previous_school`, `height`, `weight`, `measurement_date`, `dis_reason`, `note`, `dis_note`, `app_key`, `parent_app_key`, `disable_at`, `created_at`, `updated_at`) VALUES (124, 248, '18008', '108', '2023-08-12', 'David', NULL, 'Heart', 'No', NULL, '646445641654', 'david@gmail.com', NULL, NULL, NULL, '', '', '2015-07-06', 'Male', '', '', '1', 0, '', 0, '', '', '', '', '', 'father', 'Glenn Heart', '645646544', '', '', '', '', 'Glenn Heart', 'Father', '645646544', '', '', '', '', '', '', 'yes', '', '', '', '2023-08-12', 0, '', '', NULL, NULL, NULL, '2023-08-12 17:50:13', NULL);
INSERT INTO `students` (`id`, `parent_id`, `admission_no`, `roll_no`, `admission_date`, `firstname`, `middlename`, `lastname`, `rte`, `image`, `mobileno`, `email`, `state`, `city`, `pincode`, `religion`, `cast`, `dob`, `gender`, `current_address`, `permanent_address`, `category_id`, `school_house_id`, `blood_group`, `hostel_room_id`, `adhar_no`, `samagra_id`, `bank_account_no`, `bank_name`, `ifsc_code`, `guardian_is`, `father_name`, `father_phone`, `father_occupation`, `mother_name`, `mother_phone`, `mother_occupation`, `guardian_name`, `guardian_relation`, `guardian_phone`, `guardian_occupation`, `guardian_address`, `guardian_email`, `father_pic`, `mother_pic`, `guardian_pic`, `is_active`, `previous_school`, `height`, `weight`, `measurement_date`, `dis_reason`, `note`, `dis_note`, `app_key`, `parent_app_key`, `disable_at`, `created_at`, `updated_at`) VALUES (125, 250, '18014', '4785', '2023-08-12', 'Devin', NULL, 'Coinneach', 'No', NULL, '7411478552', 'devin@gmail.com', NULL, NULL, NULL, '', '', '2021-01-30', 'Male', '', '', '2', 0, '', 0, '', '', '', '', '', 'father', 'jack Coinneach', '9638527410', '', '', '', '', 'jack Coinneach', 'Father', '9638527410', '', '', '', '', '', '', 'yes', '', '', '', '2023-08-12', 0, '', '', NULL, NULL, NULL, '2023-08-12 17:52:15', NULL);
INSERT INTO `students` (`id`, `parent_id`, `admission_no`, `roll_no`, `admission_date`, `firstname`, `middlename`, `lastname`, `rte`, `image`, `mobileno`, `email`, `state`, `city`, `pincode`, `religion`, `cast`, `dob`, `gender`, `current_address`, `permanent_address`, `category_id`, `school_house_id`, `blood_group`, `hostel_room_id`, `adhar_no`, `samagra_id`, `bank_account_no`, `bank_name`, `ifsc_code`, `guardian_is`, `father_name`, `father_phone`, `father_occupation`, `mother_name`, `mother_phone`, `mother_occupation`, `guardian_name`, `guardian_relation`, `guardian_phone`, `guardian_occupation`, `guardian_address`, `guardian_email`, `father_pic`, `mother_pic`, `guardian_pic`, `is_active`, `previous_school`, `height`, `weight`, `measurement_date`, `dis_reason`, `note`, `dis_note`, `app_key`, `parent_app_key`, `disable_at`, `created_at`, `updated_at`) VALUES (127, 254, '2023123456790', '', '2023-08-29', 'Dasaradha', NULL, 'Kurra', 'No', 'uploads/student_images/1693318333-185417227964edfcbd8a122!Dasaradha Rami Reddy Photo.jpg', '96000093286', 'drreddy.k@gmail.com', NULL, NULL, NULL, 'Hindi', 'OC', '2009-03-01', 'Male', 'Ranipeta', '', '2', 1, 'B+', 0, '', '', '', '', '', 'father', 'Krishna reddy', '9440959417', 'self', 'Guravamma', '', 'House wife', 'Krishna reddy', 'Father', '9440959417', 'self', '', '', '', '', '', 'yes', '', '5.8', '70', '2023-08-29', 0, '', '', NULL, NULL, NULL, '2023-08-29 19:42:13', NULL);


#
# TABLE STRUCTURE FOR: subject_group_class_sections
#

DROP TABLE IF EXISTS `subject_group_class_sections`;

CREATE TABLE `subject_group_class_sections` (
  `id` int(11) NOT NULL AUTO_INCREMENT,
  `subject_group_id` int(11) DEFAULT NULL,
  `class_section_id` int(11) DEFAULT NULL,
  `session_id` int(11) DEFAULT NULL,
  `description` text,
  `is_active` int(11) DEFAULT '0',
  `created_at` timestamp NOT NULL DEFAULT CURRENT_TIMESTAMP ON UPDATE CURRENT_TIMESTAMP,
  `updated_at` date DEFAULT NULL,
  PRIMARY KEY (`id`),
  KEY `class_section_id` (`class_section_id`),
  KEY `subject_group_id` (`subject_group_id`),
  KEY `session_id` (`session_id`),
  CONSTRAINT `subject_group_class_sections_ibfk_1` FOREIGN KEY (`class_section_id`) REFERENCES `class_sections` (`id`) ON DELETE CASCADE,
  CONSTRAINT `subject_group_class_sections_ibfk_2` FOREIGN KEY (`subject_group_id`) REFERENCES `subject_groups` (`id`) ON DELETE CASCADE,
  CONSTRAINT `subject_group_class_sections_ibfk_3` FOREIGN KEY (`session_id`) REFERENCES `sessions` (`id`) ON DELETE CASCADE
) ENGINE=InnoDB AUTO_INCREMENT=16 DEFAULT CHARSET=utf8;

INSERT INTO `subject_group_class_sections` (`id`, `subject_group_id`, `class_section_id`, `session_id`, `description`, `is_active`, `created_at`, `updated_at`) VALUES (1, 1, 2, 18, NULL, 0, '2023-08-11 15:50:01', NULL);
INSERT INTO `subject_group_class_sections` (`id`, `subject_group_id`, `class_section_id`, `session_id`, `description`, `is_active`, `created_at`, `updated_at`) VALUES (2, 1, 3, 18, NULL, 0, '2023-08-11 15:50:01', NULL);
INSERT INTO `subject_group_class_sections` (`id`, `subject_group_id`, `class_section_id`, `session_id`, `description`, `is_active`, `created_at`, `updated_at`) VALUES (3, 1, 4, 18, NULL, 0, '2023-08-11 15:50:01', NULL);
INSERT INTO `subject_group_class_sections` (`id`, `subject_group_id`, `class_section_id`, `session_id`, `description`, `is_active`, `created_at`, `updated_at`) VALUES (4, 2, 6, 18, NULL, 0, '2023-08-11 15:50:44', NULL);
INSERT INTO `subject_group_class_sections` (`id`, `subject_group_id`, `class_section_id`, `session_id`, `description`, `is_active`, `created_at`, `updated_at`) VALUES (5, 2, 7, 18, NULL, 0, '2023-08-11 15:50:44', NULL);
INSERT INTO `subject_group_class_sections` (`id`, `subject_group_id`, `class_section_id`, `session_id`, `description`, `is_active`, `created_at`, `updated_at`) VALUES (6, 2, 8, 18, NULL, 0, '2023-08-11 15:50:44', NULL);
INSERT INTO `subject_group_class_sections` (`id`, `subject_group_id`, `class_section_id`, `session_id`, `description`, `is_active`, `created_at`, `updated_at`) VALUES (7, 2, 9, 18, NULL, 0, '2023-08-11 15:50:44', NULL);
INSERT INTO `subject_group_class_sections` (`id`, `subject_group_id`, `class_section_id`, `session_id`, `description`, `is_active`, `created_at`, `updated_at`) VALUES (8, 3, 10, 18, NULL, 0, '2023-08-11 15:51:21', NULL);
INSERT INTO `subject_group_class_sections` (`id`, `subject_group_id`, `class_section_id`, `session_id`, `description`, `is_active`, `created_at`, `updated_at`) VALUES (9, 3, 11, 18, NULL, 0, '2023-08-11 15:51:21', NULL);
INSERT INTO `subject_group_class_sections` (`id`, `subject_group_id`, `class_section_id`, `session_id`, `description`, `is_active`, `created_at`, `updated_at`) VALUES (10, 3, 12, 18, NULL, 0, '2023-08-11 15:51:21', NULL);
INSERT INTO `subject_group_class_sections` (`id`, `subject_group_id`, `class_section_id`, `session_id`, `description`, `is_active`, `created_at`, `updated_at`) VALUES (11, 3, 13, 18, NULL, 0, '2023-08-11 15:51:21', NULL);
INSERT INTO `subject_group_class_sections` (`id`, `subject_group_id`, `class_section_id`, `session_id`, `description`, `is_active`, `created_at`, `updated_at`) VALUES (12, 4, 14, 18, NULL, 0, '2023-08-11 15:51:54', NULL);
INSERT INTO `subject_group_class_sections` (`id`, `subject_group_id`, `class_section_id`, `session_id`, `description`, `is_active`, `created_at`, `updated_at`) VALUES (13, 4, 15, 18, NULL, 0, '2023-08-11 15:51:54', NULL);
INSERT INTO `subject_group_class_sections` (`id`, `subject_group_id`, `class_section_id`, `session_id`, `description`, `is_active`, `created_at`, `updated_at`) VALUES (14, 4, 16, 18, NULL, 0, '2023-08-11 15:51:54', NULL);
INSERT INTO `subject_group_class_sections` (`id`, `subject_group_id`, `class_section_id`, `session_id`, `description`, `is_active`, `created_at`, `updated_at`) VALUES (15, 4, 17, 18, NULL, 0, '2023-08-11 15:51:54', NULL);


#
# TABLE STRUCTURE FOR: subject_group_subjects
#

DROP TABLE IF EXISTS `subject_group_subjects`;

CREATE TABLE `subject_group_subjects` (
  `id` int(11) NOT NULL AUTO_INCREMENT,
  `subject_group_id` int(11) DEFAULT NULL,
  `session_id` int(11) DEFAULT NULL,
  `subject_id` int(11) DEFAULT NULL,
  `created_at` timestamp NOT NULL DEFAULT CURRENT_TIMESTAMP ON UPDATE CURRENT_TIMESTAMP,
  PRIMARY KEY (`id`),
  KEY `subject_group_id` (`subject_group_id`),
  KEY `session_id` (`session_id`),
  KEY `subject_id` (`subject_id`),
  CONSTRAINT `subject_group_subjects_ibfk_1` FOREIGN KEY (`subject_group_id`) REFERENCES `subject_groups` (`id`) ON DELETE CASCADE,
  CONSTRAINT `subject_group_subjects_ibfk_2` FOREIGN KEY (`session_id`) REFERENCES `sessions` (`id`) ON DELETE CASCADE,
  CONSTRAINT `subject_group_subjects_ibfk_3` FOREIGN KEY (`subject_id`) REFERENCES `subjects` (`id`) ON DELETE CASCADE
) ENGINE=InnoDB AUTO_INCREMENT=31 DEFAULT CHARSET=utf8;

INSERT INTO `subject_group_subjects` (`id`, `subject_group_id`, `session_id`, `subject_id`, `created_at`) VALUES (1, 1, 18, 3, '2023-08-11 15:50:01');
INSERT INTO `subject_group_subjects` (`id`, `subject_group_id`, `session_id`, `subject_id`, `created_at`) VALUES (2, 1, 18, 5, '2023-08-11 15:50:01');
INSERT INTO `subject_group_subjects` (`id`, `subject_group_id`, `session_id`, `subject_id`, `created_at`) VALUES (3, 1, 18, 8, '2023-08-11 15:50:01');
INSERT INTO `subject_group_subjects` (`id`, `subject_group_id`, `session_id`, `subject_id`, `created_at`) VALUES (4, 1, 18, 9, '2023-08-11 15:50:01');
INSERT INTO `subject_group_subjects` (`id`, `subject_group_id`, `session_id`, `subject_id`, `created_at`) VALUES (5, 1, 18, 10, '2023-08-11 15:50:01');
INSERT INTO `subject_group_subjects` (`id`, `subject_group_id`, `session_id`, `subject_id`, `created_at`) VALUES (6, 1, 18, 11, '2023-08-11 15:50:01');
INSERT INTO `subject_group_subjects` (`id`, `subject_group_id`, `session_id`, `subject_id`, `created_at`) VALUES (7, 2, 18, 3, '2023-08-11 15:50:44');
INSERT INTO `subject_group_subjects` (`id`, `subject_group_id`, `session_id`, `subject_id`, `created_at`) VALUES (8, 2, 18, 5, '2023-08-11 15:50:44');
INSERT INTO `subject_group_subjects` (`id`, `subject_group_id`, `session_id`, `subject_id`, `created_at`) VALUES (9, 2, 18, 8, '2023-08-11 15:50:44');
INSERT INTO `subject_group_subjects` (`id`, `subject_group_id`, `session_id`, `subject_id`, `created_at`) VALUES (10, 2, 18, 9, '2023-08-11 15:50:44');
INSERT INTO `subject_group_subjects` (`id`, `subject_group_id`, `session_id`, `subject_id`, `created_at`) VALUES (11, 2, 18, 10, '2023-08-11 15:50:44');
INSERT INTO `subject_group_subjects` (`id`, `subject_group_id`, `session_id`, `subject_id`, `created_at`) VALUES (12, 2, 18, 11, '2023-08-11 15:50:44');
INSERT INTO `subject_group_subjects` (`id`, `subject_group_id`, `session_id`, `subject_id`, `created_at`) VALUES (13, 3, 18, 2, '2023-08-11 15:51:21');
INSERT INTO `subject_group_subjects` (`id`, `subject_group_id`, `session_id`, `subject_id`, `created_at`) VALUES (14, 3, 18, 3, '2023-08-11 15:51:21');
INSERT INTO `subject_group_subjects` (`id`, `subject_group_id`, `session_id`, `subject_id`, `created_at`) VALUES (15, 3, 18, 5, '2023-08-11 15:51:21');
INSERT INTO `subject_group_subjects` (`id`, `subject_group_id`, `session_id`, `subject_id`, `created_at`) VALUES (16, 3, 18, 7, '2023-08-11 15:51:21');
INSERT INTO `subject_group_subjects` (`id`, `subject_group_id`, `session_id`, `subject_id`, `created_at`) VALUES (17, 3, 18, 8, '2023-08-11 15:51:21');
INSERT INTO `subject_group_subjects` (`id`, `subject_group_id`, `session_id`, `subject_id`, `created_at`) VALUES (18, 3, 18, 9, '2023-08-11 15:51:21');
INSERT INTO `subject_group_subjects` (`id`, `subject_group_id`, `session_id`, `subject_id`, `created_at`) VALUES (19, 3, 18, 10, '2023-08-11 15:51:21');
INSERT INTO `subject_group_subjects` (`id`, `subject_group_id`, `session_id`, `subject_id`, `created_at`) VALUES (20, 3, 18, 11, '2023-08-11 15:51:21');
INSERT INTO `subject_group_subjects` (`id`, `subject_group_id`, `session_id`, `subject_id`, `created_at`) VALUES (21, 4, 18, 2, '2023-08-11 15:51:54');
INSERT INTO `subject_group_subjects` (`id`, `subject_group_id`, `session_id`, `subject_id`, `created_at`) VALUES (22, 4, 18, 3, '2023-08-11 15:51:54');
INSERT INTO `subject_group_subjects` (`id`, `subject_group_id`, `session_id`, `subject_id`, `created_at`) VALUES (23, 4, 18, 4, '2023-08-11 15:51:54');
INSERT INTO `subject_group_subjects` (`id`, `subject_group_id`, `session_id`, `subject_id`, `created_at`) VALUES (24, 4, 18, 5, '2023-08-11 15:51:54');
INSERT INTO `subject_group_subjects` (`id`, `subject_group_id`, `session_id`, `subject_id`, `created_at`) VALUES (25, 4, 18, 6, '2023-08-11 15:51:54');
INSERT INTO `subject_group_subjects` (`id`, `subject_group_id`, `session_id`, `subject_id`, `created_at`) VALUES (26, 4, 18, 7, '2023-08-11 15:51:54');
INSERT INTO `subject_group_subjects` (`id`, `subject_group_id`, `session_id`, `subject_id`, `created_at`) VALUES (27, 4, 18, 8, '2023-08-11 15:51:54');
INSERT INTO `subject_group_subjects` (`id`, `subject_group_id`, `session_id`, `subject_id`, `created_at`) VALUES (28, 4, 18, 9, '2023-08-11 15:51:54');
INSERT INTO `subject_group_subjects` (`id`, `subject_group_id`, `session_id`, `subject_id`, `created_at`) VALUES (29, 4, 18, 10, '2023-08-11 15:51:54');
INSERT INTO `subject_group_subjects` (`id`, `subject_group_id`, `session_id`, `subject_id`, `created_at`) VALUES (30, 4, 18, 11, '2023-08-11 15:51:54');


#
# TABLE STRUCTURE FOR: subject_groups
#

DROP TABLE IF EXISTS `subject_groups`;

CREATE TABLE `subject_groups` (
  `id` int(11) NOT NULL AUTO_INCREMENT,
  `name` varchar(250) DEFAULT NULL,
  `description` text,
  `session_id` int(11) DEFAULT NULL,
  `created_at` timestamp NOT NULL DEFAULT CURRENT_TIMESTAMP ON UPDATE CURRENT_TIMESTAMP,
  PRIMARY KEY (`id`),
  KEY `session_id` (`session_id`),
  CONSTRAINT `subject_groups_ibfk_1` FOREIGN KEY (`session_id`) REFERENCES `sessions` (`id`) ON DELETE CASCADE
) ENGINE=InnoDB AUTO_INCREMENT=5 DEFAULT CHARSET=utf8;

INSERT INTO `subject_groups` (`id`, `name`, `description`, `session_id`, `created_at`) VALUES (1, 'Class 1st Subject Group', '', 18, '2023-08-11 15:50:01');
INSERT INTO `subject_groups` (`id`, `name`, `description`, `session_id`, `created_at`) VALUES (2, 'Class 2nd Subject Group', '', 18, '2023-08-11 15:50:44');
INSERT INTO `subject_groups` (`id`, `name`, `description`, `session_id`, `created_at`) VALUES (3, 'Class 3rd Subject Group', '', 18, '2023-08-11 15:51:21');
INSERT INTO `subject_groups` (`id`, `name`, `description`, `session_id`, `created_at`) VALUES (4, 'Class 4th Subject Group', '', 18, '2023-08-11 15:51:54');


#
# TABLE STRUCTURE FOR: subject_syllabus
#

DROP TABLE IF EXISTS `subject_syllabus`;

CREATE TABLE `subject_syllabus` (
  `id` int(11) NOT NULL AUTO_INCREMENT,
  `topic_id` int(11) NOT NULL,
  `session_id` int(11) NOT NULL,
  `created_by` int(11) NOT NULL,
  `created_for` int(11) NOT NULL,
  `date` date NOT NULL,
  `time_from` varchar(255) NOT NULL,
  `time_to` varchar(255) NOT NULL,
  `presentation` text NOT NULL,
  `attachment` text NOT NULL,
  `lacture_youtube_url` varchar(255) NOT NULL,
  `lacture_video` varchar(255) NOT NULL,
  `sub_topic` text NOT NULL,
  `teaching_method` text NOT NULL,
  `general_objectives` text NOT NULL,
  `previous_knowledge` text NOT NULL,
  `comprehensive_questions` text NOT NULL,
  `status` int(11) NOT NULL,
  `created_at` timestamp NOT NULL DEFAULT CURRENT_TIMESTAMP ON UPDATE CURRENT_TIMESTAMP,
  PRIMARY KEY (`id`),
  KEY `topic_id` (`topic_id`),
  KEY `session_id` (`session_id`),
  KEY `created_by` (`created_by`),
  KEY `created_for` (`created_for`),
  CONSTRAINT `subject_syllabus_ibfk_1` FOREIGN KEY (`topic_id`) REFERENCES `topic` (`id`) ON DELETE CASCADE,
  CONSTRAINT `subject_syllabus_ibfk_2` FOREIGN KEY (`session_id`) REFERENCES `sessions` (`id`) ON DELETE CASCADE,
  CONSTRAINT `subject_syllabus_ibfk_3` FOREIGN KEY (`created_by`) REFERENCES `staff` (`id`) ON DELETE CASCADE,
  CONSTRAINT `subject_syllabus_ibfk_4` FOREIGN KEY (`created_for`) REFERENCES `staff` (`id`) ON DELETE CASCADE
) ENGINE=InnoDB AUTO_INCREMENT=2 DEFAULT CHARSET=utf8;

INSERT INTO `subject_syllabus` (`id`, `topic_id`, `session_id`, `created_by`, `created_for`, `date`, `time_from`, `time_to`, `presentation`, `attachment`, `lacture_youtube_url`, `lacture_video`, `sub_topic`, `teaching_method`, `general_objectives`, `previous_knowledge`, `comprehensive_questions`, `status`, `created_at`) VALUES (1, 3, 18, 1, 2, '2023-09-02', '8:18 AM', '9:18 AM', 'oiuhgfdsamnbvc', '', '', '', '', '', '', '', '', 0, '2023-08-31 09:18:52');


#
# TABLE STRUCTURE FOR: subject_timetable
#

DROP TABLE IF EXISTS `subject_timetable`;

CREATE TABLE `subject_timetable` (
  `id` int(11) NOT NULL AUTO_INCREMENT,
  `session_id` int(11) DEFAULT NULL,
  `class_id` int(11) DEFAULT NULL,
  `section_id` int(11) DEFAULT NULL,
  `subject_group_id` int(11) DEFAULT NULL,
  `subject_group_subject_id` int(11) DEFAULT NULL,
  `staff_id` int(11) DEFAULT NULL,
  `day` varchar(20) DEFAULT NULL,
  `time_from` varchar(20) DEFAULT NULL,
  `time_to` varchar(20) DEFAULT NULL,
  `start_time` time DEFAULT NULL,
  `end_time` time DEFAULT NULL,
  `room_no` varchar(20) DEFAULT NULL,
  `created_at` timestamp NOT NULL DEFAULT CURRENT_TIMESTAMP ON UPDATE CURRENT_TIMESTAMP,
  PRIMARY KEY (`id`),
  KEY `class_id` (`class_id`),
  KEY `section_id` (`section_id`),
  KEY `subject_group_id` (`subject_group_id`),
  KEY `subject_group_subject_id` (`subject_group_subject_id`),
  KEY `staff_id` (`staff_id`),
  KEY `session_id` (`session_id`),
  CONSTRAINT `subject_timetable_ibfk_1` FOREIGN KEY (`class_id`) REFERENCES `classes` (`id`) ON DELETE CASCADE,
  CONSTRAINT `subject_timetable_ibfk_2` FOREIGN KEY (`section_id`) REFERENCES `sections` (`id`) ON DELETE CASCADE,
  CONSTRAINT `subject_timetable_ibfk_3` FOREIGN KEY (`subject_group_id`) REFERENCES `subject_groups` (`id`) ON DELETE CASCADE,
  CONSTRAINT `subject_timetable_ibfk_4` FOREIGN KEY (`subject_group_subject_id`) REFERENCES `subject_group_subjects` (`id`) ON DELETE CASCADE,
  CONSTRAINT `subject_timetable_ibfk_5` FOREIGN KEY (`staff_id`) REFERENCES `staff` (`id`) ON DELETE CASCADE,
  CONSTRAINT `subject_timetable_ibfk_6` FOREIGN KEY (`session_id`) REFERENCES `sessions` (`id`) ON DELETE CASCADE
) ENGINE=InnoDB AUTO_INCREMENT=9 DEFAULT CHARSET=utf8;

INSERT INTO `subject_timetable` (`id`, `session_id`, `class_id`, `section_id`, `subject_group_id`, `subject_group_subject_id`, `staff_id`, `day`, `time_from`, `time_to`, `start_time`, `end_time`, `room_no`, `created_at`) VALUES (1, 18, 2, 1, 1, 4, 2, 'Thursday', '3:19 PM', '4:19 PM', '15:19:00', '16:19:00', '5', '2023-08-30 17:19:27');
INSERT INTO `subject_timetable` (`id`, `session_id`, `class_id`, `section_id`, `subject_group_id`, `subject_group_subject_id`, `staff_id`, `day`, `time_from`, `time_to`, `start_time`, `end_time`, `room_no`, `created_at`) VALUES (2, 18, 2, 1, 1, 1, 2, 'Friday', '3:19 PM', '4:19 PM', '15:19:00', '16:19:00', '6', '2023-08-30 17:19:47');
INSERT INTO `subject_timetable` (`id`, `session_id`, `class_id`, `section_id`, `subject_group_id`, `subject_group_subject_id`, `staff_id`, `day`, `time_from`, `time_to`, `start_time`, `end_time`, `room_no`, `created_at`) VALUES (3, 18, 2, 1, 1, 4, 5, 'Thursday', '3:20 PM', '4:20 PM', '15:20:00', '16:20:00', '6', '2023-08-30 17:20:23');
INSERT INTO `subject_timetable` (`id`, `session_id`, `class_id`, `section_id`, `subject_group_id`, `subject_group_subject_id`, `staff_id`, `day`, `time_from`, `time_to`, `start_time`, `end_time`, `room_no`, `created_at`) VALUES (4, 18, 2, 1, 1, 5, 8, 'Friday', '1:20 PM', '3:20 PM', '13:20:00', '15:20:00', '9', '2023-08-30 17:20:49');
INSERT INTO `subject_timetable` (`id`, `session_id`, `class_id`, `section_id`, `subject_group_id`, `subject_group_subject_id`, `staff_id`, `day`, `time_from`, `time_to`, `start_time`, `end_time`, `room_no`, `created_at`) VALUES (5, 18, 2, 1, 1, 6, 8, 'Saturday', '11:20 AM', '5:21 PM', '11:20:00', '17:21:00', '3', '2023-08-30 17:21:15');
INSERT INTO `subject_timetable` (`id`, `session_id`, `class_id`, `section_id`, `subject_group_id`, `subject_group_subject_id`, `staff_id`, `day`, `time_from`, `time_to`, `start_time`, `end_time`, `room_no`, `created_at`) VALUES (6, 18, 2, 1, 1, 6, 2, 'Thursday', '1:23 PM', '3:23 PM', '13:23:00', '15:23:00', '3', '2023-08-30 17:23:52');
INSERT INTO `subject_timetable` (`id`, `session_id`, `class_id`, `section_id`, `subject_group_id`, `subject_group_subject_id`, `staff_id`, `day`, `time_from`, `time_to`, `start_time`, `end_time`, `room_no`, `created_at`) VALUES (7, 18, 2, 1, 1, 2, 8, 'Thursday', '11:23 AM', '12:23 PM', '11:23:00', '12:23:00', '8', '2023-08-30 23:23:18');
INSERT INTO `subject_timetable` (`id`, `session_id`, `class_id`, `section_id`, `subject_group_id`, `subject_group_subject_id`, `staff_id`, `day`, `time_from`, `time_to`, `start_time`, `end_time`, `room_no`, `created_at`) VALUES (8, 18, 2, 1, 1, 6, 2, 'Saturday', '8:18 AM', '9:18 AM', '08:18:00', '09:18:00', '6', '2023-08-31 09:18:09');


#
# TABLE STRUCTURE FOR: subjects
#

DROP TABLE IF EXISTS `subjects`;

CREATE TABLE `subjects` (
  `id` int(11) NOT NULL AUTO_INCREMENT,
  `name` varchar(100) DEFAULT NULL,
  `code` varchar(100) NOT NULL,
  `type` varchar(100) NOT NULL,
  `is_active` varchar(255) DEFAULT 'no',
  `created_at` timestamp NOT NULL DEFAULT CURRENT_TIMESTAMP ON UPDATE CURRENT_TIMESTAMP,
  `updated_at` date DEFAULT NULL,
  PRIMARY KEY (`id`)
) ENGINE=InnoDB AUTO_INCREMENT=12 DEFAULT CHARSET=utf8;

INSERT INTO `subjects` (`id`, `name`, `code`, `type`, `is_active`, `created_at`, `updated_at`) VALUES (1, 'Elective 3', '103', 'theory', 'no', '2023-08-11 15:39:39', NULL);
INSERT INTO `subjects` (`id`, `name`, `code`, `type`, `is_active`, `created_at`, `updated_at`) VALUES (2, 'Elective 2', '102', 'theory', 'no', '2023-08-11 15:39:30', NULL);
INSERT INTO `subjects` (`id`, `name`, `code`, `type`, `is_active`, `created_at`, `updated_at`) VALUES (3, 'Elective 1', '101', 'theory', 'no', '2023-08-11 15:39:18', NULL);
INSERT INTO `subjects` (`id`, `name`, `code`, `type`, `is_active`, `created_at`, `updated_at`) VALUES (4, 'Computer', '00220', 'practical', 'no', '2023-08-11 15:40:02', NULL);
INSERT INTO `subjects` (`id`, `name`, `code`, `type`, `is_active`, `created_at`, `updated_at`) VALUES (5, 'Drawing', '200', 'practical', 'no', '2023-08-11 15:40:19', NULL);
INSERT INTO `subjects` (`id`, `name`, `code`, `type`, `is_active`, `created_at`, `updated_at`) VALUES (6, 'French', '231', 'practical', 'no', '2023-08-11 15:40:33', NULL);
INSERT INTO `subjects` (`id`, `name`, `code`, `type`, `is_active`, `created_at`, `updated_at`) VALUES (7, 'Social Studies', '212', 'theory', 'no', '2023-08-11 15:40:53', NULL);
INSERT INTO `subjects` (`id`, `name`, `code`, `type`, `is_active`, `created_at`, `updated_at`) VALUES (8, 'Science', '111', 'practical', 'no', '2023-08-11 15:41:18', NULL);
INSERT INTO `subjects` (`id`, `name`, `code`, `type`, `is_active`, `created_at`, `updated_at`) VALUES (9, 'Mathematics', '110', 'practical', 'no', '2023-08-11 15:41:39', NULL);
INSERT INTO `subjects` (`id`, `name`, `code`, `type`, `is_active`, `created_at`, `updated_at`) VALUES (10, 'Hindi', '230', 'theory', 'no', '2023-08-11 15:41:57', NULL);
INSERT INTO `subjects` (`id`, `name`, `code`, `type`, `is_active`, `created_at`, `updated_at`) VALUES (11, 'English', '210', 'theory', 'no', '2023-08-11 15:48:19', NULL);


#
# TABLE STRUCTURE FOR: submit_assignment
#

DROP TABLE IF EXISTS `submit_assignment`;

CREATE TABLE `submit_assignment` (
  `id` int(11) NOT NULL AUTO_INCREMENT,
  `homework_id` int(11) NOT NULL,
  `student_id` int(11) NOT NULL,
  `message` text NOT NULL,
  `docs` varchar(225) NOT NULL,
  `file_name` text,
  `created_at` timestamp NOT NULL DEFAULT CURRENT_TIMESTAMP ON UPDATE CURRENT_TIMESTAMP,
  PRIMARY KEY (`id`),
  KEY `student_id` (`student_id`),
  KEY `homework_id` (`homework_id`),
  CONSTRAINT `submit_assignment_ibfk_1` FOREIGN KEY (`student_id`) REFERENCES `students` (`id`) ON DELETE CASCADE,
  CONSTRAINT `submit_assignment_ibfk_2` FOREIGN KEY (`homework_id`) REFERENCES `homework` (`id`) ON DELETE CASCADE
) ENGINE=InnoDB DEFAULT CHARSET=utf8;

#
# TABLE STRUCTURE FOR: template_admitcards
#

DROP TABLE IF EXISTS `template_admitcards`;

CREATE TABLE `template_admitcards` (
  `id` int(11) NOT NULL AUTO_INCREMENT,
  `template` varchar(250) DEFAULT NULL,
  `heading` text,
  `title` text,
  `left_logo` varchar(200) DEFAULT NULL,
  `right_logo` varchar(200) DEFAULT NULL,
  `exam_name` varchar(200) DEFAULT NULL,
  `school_name` varchar(200) DEFAULT NULL,
  `exam_center` varchar(200) DEFAULT NULL,
  `sign` varchar(200) DEFAULT NULL,
  `background_img` varchar(200) DEFAULT NULL,
  `is_name` int(1) NOT NULL DEFAULT '1',
  `is_father_name` int(1) NOT NULL DEFAULT '1',
  `is_mother_name` int(1) NOT NULL DEFAULT '1',
  `is_dob` int(1) NOT NULL DEFAULT '1',
  `is_admission_no` int(1) NOT NULL DEFAULT '1',
  `is_roll_no` int(1) NOT NULL DEFAULT '1',
  `is_address` int(1) NOT NULL DEFAULT '1',
  `is_gender` int(1) NOT NULL DEFAULT '1',
  `is_photo` int(11) NOT NULL,
  `is_class` int(11) NOT NULL DEFAULT '0',
  `is_section` int(11) NOT NULL DEFAULT '0',
  `content_footer` text,
  `created_at` timestamp NOT NULL DEFAULT CURRENT_TIMESTAMP ON UPDATE CURRENT_TIMESTAMP,
  `updated_at` date DEFAULT NULL,
  PRIMARY KEY (`id`)
) ENGINE=InnoDB AUTO_INCREMENT=2 DEFAULT CHARSET=utf8;

INSERT INTO `template_admitcards` (`id`, `template`, `heading`, `title`, `left_logo`, `right_logo`, `exam_name`, `school_name`, `exam_center`, `sign`, `background_img`, `is_name`, `is_father_name`, `is_mother_name`, `is_dob`, `is_admission_no`, `is_roll_no`, `is_address`, `is_gender`, `is_photo`, `is_class`, `is_section`, `content_footer`, `created_at`, `updated_at`) VALUES (1, 'Sample Admit Card', '', '', '1693393129-18733240664ef20e99d2cb!Asset 6mdpi.png', '1693393087-5873522764ef20bf9fc7e!Asset 6mdpi.png', 'Test', 'Mount Carmel School', 'test dmit card2', '', '782a71f53ea6bca213012d49e9d46d98.jpg', 1, 1, 0, 1, 1, 0, 0, 1, 0, 0, 0, '', '2023-08-30 16:28:49', NULL);


#
# TABLE STRUCTURE FOR: template_marksheets
#

DROP TABLE IF EXISTS `template_marksheets`;

CREATE TABLE `template_marksheets` (
  `id` int(11) NOT NULL AUTO_INCREMENT,
  `header_image` varchar(200) DEFAULT NULL,
  `template` varchar(200) DEFAULT NULL,
  `heading` text,
  `title` text,
  `left_logo` varchar(200) DEFAULT NULL,
  `right_logo` varchar(200) DEFAULT NULL,
  `exam_name` varchar(200) DEFAULT NULL,
  `school_name` varchar(200) DEFAULT NULL,
  `exam_center` varchar(200) DEFAULT NULL,
  `left_sign` varchar(200) DEFAULT NULL,
  `middle_sign` varchar(200) DEFAULT NULL,
  `right_sign` varchar(200) DEFAULT NULL,
  `exam_session` int(1) DEFAULT '1',
  `is_name` int(1) DEFAULT '1',
  `is_father_name` int(1) DEFAULT '1',
  `is_mother_name` int(1) DEFAULT '1',
  `is_dob` int(1) DEFAULT '1',
  `is_admission_no` int(1) DEFAULT '1',
  `is_roll_no` int(1) DEFAULT '1',
  `is_photo` int(11) DEFAULT '1',
  `is_division` int(1) NOT NULL DEFAULT '1',
  `is_rank` int(1) NOT NULL DEFAULT '0',
  `is_customfield` int(1) NOT NULL,
  `background_img` varchar(200) DEFAULT NULL,
  `date` varchar(20) DEFAULT NULL,
  `is_class` int(11) NOT NULL DEFAULT '0',
  `is_teacher_remark` int(11) NOT NULL DEFAULT '1',
  `is_section` int(11) NOT NULL DEFAULT '0',
  `content` text,
  `content_footer` text,
  `created_at` timestamp NOT NULL DEFAULT CURRENT_TIMESTAMP ON UPDATE CURRENT_TIMESTAMP,
  `updated_at` date DEFAULT NULL,
  PRIMARY KEY (`id`)
) ENGINE=InnoDB AUTO_INCREMENT=2 DEFAULT CHARSET=utf8;

INSERT INTO `template_marksheets` (`id`, `header_image`, `template`, `heading`, `title`, `left_logo`, `right_logo`, `exam_name`, `school_name`, `exam_center`, `left_sign`, `middle_sign`, `right_sign`, `exam_session`, `is_name`, `is_father_name`, `is_mother_name`, `is_dob`, `is_admission_no`, `is_roll_no`, `is_photo`, `is_division`, `is_rank`, `is_customfield`, `background_img`, `date`, `is_class`, `is_teacher_remark`, `is_section`, `content`, `content_footer`, `created_at`, `updated_at`) VALUES (1, NULL, 'Sample Marksheet', NULL, NULL, '1693393767-195767650264ef23678c9a4!Asset 6mdpi.png', '1693393767-112852583364ef23678ccd9!Asset 6mdpi.png', 'HIGHER SECONDARY SCHOOL CERTIFICATE EXAMINATION', 'Mount Carmel School', 'GOVT GIRLS H S SCHOOL', '331e0690e50f8c6b7a219a0a2b9667f7.png', '351f513d79ee5c0f642c2d36514a1ff4.png', 'fb79d2c0d163357d1706b78550a05e2c.png', 1, 1, 1, 1, 1, 1, 1, 1, 1, 0, 1, '', '', 0, 1, 0, '', '', '2023-08-30 16:39:27', NULL);


#
# TABLE STRUCTURE FOR: topic
#

DROP TABLE IF EXISTS `topic`;

CREATE TABLE `topic` (
  `id` int(11) NOT NULL AUTO_INCREMENT,
  `session_id` int(11) NOT NULL,
  `lesson_id` int(11) NOT NULL,
  `name` varchar(255) NOT NULL,
  `status` int(11) NOT NULL,
  `complete_date` date DEFAULT NULL,
  `created_at` timestamp NOT NULL DEFAULT CURRENT_TIMESTAMP ON UPDATE CURRENT_TIMESTAMP,
  PRIMARY KEY (`id`),
  KEY `session_id` (`session_id`),
  KEY `lesson_id` (`lesson_id`),
  CONSTRAINT `topic_ibfk_1` FOREIGN KEY (`session_id`) REFERENCES `sessions` (`id`) ON DELETE CASCADE,
  CONSTRAINT `topic_ibfk_2` FOREIGN KEY (`lesson_id`) REFERENCES `lesson` (`id`) ON DELETE CASCADE
) ENGINE=InnoDB AUTO_INCREMENT=6 DEFAULT CHARSET=utf8;

INSERT INTO `topic` (`id`, `session_id`, `lesson_id`, `name`, `status`, `complete_date`, `created_at`) VALUES (1, 18, 4, 'Speak modulation', 0, NULL, '2023-08-24 07:50:24');
INSERT INTO `topic` (`id`, `session_id`, `lesson_id`, `name`, `status`, `complete_date`, `created_at`) VALUES (2, 18, 4, 'Basic Communication with child', 0, NULL, '2023-08-24 07:50:24');
INSERT INTO `topic` (`id`, `session_id`, `lesson_id`, `name`, `status`, `complete_date`, `created_at`) VALUES (3, 18, 2, 'Chapter-1 ', 0, NULL, '2023-08-24 07:51:29');
INSERT INTO `topic` (`id`, `session_id`, `lesson_id`, `name`, `status`, `complete_date`, `created_at`) VALUES (4, 18, 2, 'Chapter-2', 0, NULL, '2023-08-24 07:51:29');
INSERT INTO `topic` (`id`, `session_id`, `lesson_id`, `name`, `status`, `complete_date`, `created_at`) VALUES (5, 18, 8, 'Chapter 1', 0, NULL, '2023-08-24 07:58:05');


#
# TABLE STRUCTURE FOR: transport_feemaster
#

DROP TABLE IF EXISTS `transport_feemaster`;

CREATE TABLE `transport_feemaster` (
  `id` int(11) NOT NULL AUTO_INCREMENT,
  `session_id` int(11) NOT NULL,
  `month` varchar(50) DEFAULT NULL,
  `due_date` date DEFAULT NULL,
  `fine_amount` float(10,2) DEFAULT '0.00',
  `fine_type` varchar(50) DEFAULT NULL,
  `fine_percentage` float(10,2) DEFAULT '0.00',
  `created_at` timestamp NOT NULL DEFAULT CURRENT_TIMESTAMP ON UPDATE CURRENT_TIMESTAMP,
  PRIMARY KEY (`id`),
  KEY `session_id` (`session_id`),
  CONSTRAINT `transport_feemaster_ibfk_1` FOREIGN KEY (`session_id`) REFERENCES `sessions` (`id`) ON DELETE CASCADE
) ENGINE=InnoDB DEFAULT CHARSET=utf8;

#
# TABLE STRUCTURE FOR: transport_route
#

DROP TABLE IF EXISTS `transport_route`;

CREATE TABLE `transport_route` (
  `id` int(11) NOT NULL AUTO_INCREMENT,
  `route_title` varchar(100) DEFAULT NULL,
  `no_of_vehicle` int(11) DEFAULT NULL,
  `note` text,
  `is_active` varchar(255) DEFAULT 'no',
  `created_at` timestamp NOT NULL DEFAULT CURRENT_TIMESTAMP ON UPDATE CURRENT_TIMESTAMP,
  `updated_at` date DEFAULT NULL,
  PRIMARY KEY (`id`)
) ENGINE=InnoDB AUTO_INCREMENT=12 DEFAULT CHARSET=utf8;

INSERT INTO `transport_route` (`id`, `route_title`, `no_of_vehicle`, `note`, `is_active`, `created_at`, `updated_at`) VALUES (1, 'Brooklyn Central', NULL, NULL, 'no', '2023-08-24 08:36:02', NULL);
INSERT INTO `transport_route` (`id`, `route_title`, `no_of_vehicle`, `note`, `is_active`, `created_at`, `updated_at`) VALUES (2, 'Brooklyn East', NULL, NULL, 'no', '2023-08-24 08:36:08', NULL);
INSERT INTO `transport_route` (`id`, `route_title`, `no_of_vehicle`, `note`, `is_active`, `created_at`, `updated_at`) VALUES (3, 'Brooklyn West', NULL, NULL, 'no', '2023-08-24 08:36:18', NULL);
INSERT INTO `transport_route` (`id`, `route_title`, `no_of_vehicle`, `note`, `is_active`, `created_at`, `updated_at`) VALUES (4, 'Brooklyn South', NULL, NULL, 'no', '2023-08-24 08:36:22', NULL);
INSERT INTO `transport_route` (`id`, `route_title`, `no_of_vehicle`, `note`, `is_active`, `created_at`, `updated_at`) VALUES (5, 'Brooklyn North', NULL, NULL, 'no', '2023-08-24 08:36:30', NULL);
INSERT INTO `transport_route` (`id`, `route_title`, `no_of_vehicle`, `note`, `is_active`, `created_at`, `updated_at`) VALUES (6, 'Railway station', NULL, NULL, 'no', '2023-08-24 08:36:35', NULL);
INSERT INTO `transport_route` (`id`, `route_title`, `no_of_vehicle`, `note`, `is_active`, `created_at`, `updated_at`) VALUES (7, 'High Court', NULL, NULL, 'no', '2023-08-24 08:36:43', NULL);
INSERT INTO `transport_route` (`id`, `route_title`, `no_of_vehicle`, `note`, `is_active`, `created_at`, `updated_at`) VALUES (8, 'Vijay Nagar', NULL, NULL, 'no', '2023-08-24 08:36:47', NULL);
INSERT INTO `transport_route` (`id`, `route_title`, `no_of_vehicle`, `note`, `is_active`, `created_at`, `updated_at`) VALUES (9, 'Civil Line', NULL, NULL, 'no', '2023-08-24 08:36:54', NULL);
INSERT INTO `transport_route` (`id`, `route_title`, `no_of_vehicle`, `note`, `is_active`, `created_at`, `updated_at`) VALUES (10, 'Dindayal Chowk', NULL, NULL, 'no', '2023-08-24 08:37:00', NULL);
INSERT INTO `transport_route` (`id`, `route_title`, `no_of_vehicle`, `note`, `is_active`, `created_at`, `updated_at`) VALUES (11, 'Ranitaal', NULL, NULL, 'no', '2023-08-24 08:37:05', NULL);


#
# TABLE STRUCTURE FOR: upload_contents
#

DROP TABLE IF EXISTS `upload_contents`;

CREATE TABLE `upload_contents` (
  `id` int(11) NOT NULL AUTO_INCREMENT,
  `content_type_id` int(10) NOT NULL,
  `image` varchar(300) DEFAULT NULL,
  `thumb_path` varchar(300) DEFAULT NULL,
  `dir_path` varchar(300) DEFAULT NULL,
  `real_name` text NOT NULL,
  `img_name` varchar(300) DEFAULT NULL,
  `thumb_name` varchar(300) DEFAULT NULL,
  `file_type` varchar(100) NOT NULL,
  `mime_type` text NOT NULL,
  `file_size` varchar(100) NOT NULL,
  `vid_url` text NOT NULL,
  `vid_title` varchar(250) NOT NULL,
  `upload_by` int(10) NOT NULL,
  `created_at` timestamp NOT NULL DEFAULT CURRENT_TIMESTAMP ON UPDATE CURRENT_TIMESTAMP,
  PRIMARY KEY (`id`),
  KEY `upload_by` (`upload_by`),
  KEY `upload_contents_ibfk_2` (`content_type_id`),
  CONSTRAINT `upload_contents_ibfk_1` FOREIGN KEY (`upload_by`) REFERENCES `staff` (`id`) ON DELETE CASCADE,
  CONSTRAINT `upload_contents_ibfk_2` FOREIGN KEY (`content_type_id`) REFERENCES `content_types` (`id`) ON DELETE CASCADE
) ENGINE=InnoDB AUTO_INCREMENT=6 DEFAULT CHARSET=utf8;

INSERT INTO `upload_contents` (`id`, `content_type_id`, `image`, `thumb_path`, `dir_path`, `real_name`, `img_name`, `thumb_name`, `file_type`, `mime_type`, `file_size`, `vid_url`, `vid_title`, `upload_by`, `created_at`) VALUES (1, 2, NULL, 'uploads/school_content/material/media/thumb/', 'uploads/school_content/material/media/', '1691401054.jpg', '1692845700-28901979864e6c684e2f31!1691401054.jpg', '1692845700-28901979864e6c684e2f31!thumb_1691401054.jpg', 'jpeg', 'image/jpeg', '31130', '', '', 1, '2023-08-24 08:25:00');
INSERT INTO `upload_contents` (`id`, `content_type_id`, `image`, `thumb_path`, `dir_path`, `real_name`, `img_name`, `thumb_name`, `file_type`, `mime_type`, `file_size`, `vid_url`, `vid_title`, `upload_by`, `created_at`) VALUES (2, 1, NULL, 'uploads/school_content/material/media/thumb/', 'uploads/school_content/material/media/', 'Fee-Details.jpg', '1692845731-72554115564e6c6a36e796!Fee-Details.jpg', '1692845731-72554115564e6c6a36e796!thumb_Fee-Details.jpg', 'jpeg', 'image/jpeg', '1609563', '', '', 1, '2023-08-24 08:25:31');
INSERT INTO `upload_contents` (`id`, `content_type_id`, `image`, `thumb_path`, `dir_path`, `real_name`, `img_name`, `thumb_name`, `file_type`, `mime_type`, `file_size`, `vid_url`, `vid_title`, `upload_by`, `created_at`) VALUES (3, 4, NULL, 'uploads/school_content/material/media/thumb/', 'uploads/school_content/material/media/', 'CBSE-Admit 1.jpg', '1692845746-12317512764e6c6b2d08e7!CBSE-Admit 1.jpg', '1692845746-12317512764e6c6b2d08e7!thumb_CBSE-Admit 1.jpg', 'jpeg', 'image/jpeg', '59348', '', '', 1, '2023-08-24 08:25:46');
INSERT INTO `upload_contents` (`id`, `content_type_id`, `image`, `thumb_path`, `dir_path`, `real_name`, `img_name`, `thumb_name`, `file_type`, `mime_type`, `file_size`, `vid_url`, `vid_title`, `upload_by`, `created_at`) VALUES (4, 5, NULL, 'uploads/school_content/material/media/thumb/', 'uploads/school_content/material/media/', 'fees recipt (1).png', '1692845763-32528531264e6c6c3a7064!fees recipt (1).png', '1692845763-32528531264e6c6c3a7064!thumb_fees recipt (1).png', 'png', 'image/png', '34317', '', '', 1, '2023-08-24 08:26:03');
INSERT INTO `upload_contents` (`id`, `content_type_id`, `image`, `thumb_path`, `dir_path`, `real_name`, `img_name`, `thumb_name`, `file_type`, `mime_type`, `file_size`, `vid_url`, `vid_title`, `upload_by`, `created_at`) VALUES (5, 5, NULL, 'uploads/school_content/material/media/thumb/', 'uploads/school_content/material/media/', 'Screenshot (58).png', '1693592604-147885714464f22c1c905a9!Screenshot (58).png', '1693592604-147885714464f22c1c905a9!thumb_Screenshot (58).png', 'png', 'image/png', '311476', '', '', 1, '2023-09-01 23:53:24');


#
# TABLE STRUCTURE FOR: userlog
#

DROP TABLE IF EXISTS `userlog`;

CREATE TABLE `userlog` (
  `id` int(11) NOT NULL AUTO_INCREMENT,
  `user` varchar(100) DEFAULT NULL,
  `role` varchar(100) DEFAULT NULL,
  `class_section_id` int(11) DEFAULT NULL,
  `ipaddress` varchar(100) DEFAULT NULL,
  `user_agent` varchar(500) DEFAULT NULL,
  `login_datetime` timestamp NOT NULL DEFAULT CURRENT_TIMESTAMP ON UPDATE CURRENT_TIMESTAMP,
  PRIMARY KEY (`id`),
  KEY `class_section_id` (`class_section_id`),
  CONSTRAINT `userlog_ibfk_1` FOREIGN KEY (`class_section_id`) REFERENCES `class_sections` (`id`) ON DELETE CASCADE
) ENGINE=InnoDB AUTO_INCREMENT=91 DEFAULT CHARSET=utf8;

INSERT INTO `userlog` (`id`, `user`, `role`, `class_section_id`, `ipaddress`, `user_agent`, `login_datetime`) VALUES (1, 'admin@gmail.com', 'Super Admin', NULL, '157.48.64.28', 'Chrome 115.0.0.0, Windows 10', '2023-07-29 03:36:06');
INSERT INTO `userlog` (`id`, `user`, `role`, `class_section_id`, `ipaddress`, `user_agent`, `login_datetime`) VALUES (2, 'admin@gmail.com', 'Super Admin', NULL, '157.48.86.70', 'Chrome 114.0.0.0, Android', '2023-07-29 16:18:17');
INSERT INTO `userlog` (`id`, `user`, `role`, `class_section_id`, `ipaddress`, `user_agent`, `login_datetime`) VALUES (3, 'admin@gmail.com', 'Super Admin', NULL, '157.47.111.39', 'Chrome 115.0.0.0, Windows 10', '2023-07-30 12:39:57');
INSERT INTO `userlog` (`id`, `user`, `role`, `class_section_id`, `ipaddress`, `user_agent`, `login_datetime`) VALUES (4, 'admin@gmail.com', 'Super Admin', NULL, '157.47.124.163', 'Chrome 115.0.0.0, Windows 10', '2023-07-30 18:35:40');
INSERT INTO `userlog` (`id`, `user`, `role`, `class_section_id`, `ipaddress`, `user_agent`, `login_datetime`) VALUES (5, 'admin@gmail.com', 'Super Admin', NULL, '157.47.104.59', 'Chrome 115.0.0.0, Windows 10', '2023-07-31 05:13:38');
INSERT INTO `userlog` (`id`, `user`, `role`, `class_section_id`, `ipaddress`, `user_agent`, `login_datetime`) VALUES (6, 'admin@gmail.com', 'Super Admin', NULL, '157.47.126.104', 'Chrome 115.0.0.0, Windows 10', '2023-07-31 13:28:19');
INSERT INTO `userlog` (`id`, `user`, `role`, `class_section_id`, `ipaddress`, `user_agent`, `login_datetime`) VALUES (7, 'admin@gmail.com', 'Super Admin', NULL, '152.58.196.101', 'Chrome 115.0.0.0, Windows 10', '2023-07-31 15:58:20');
INSERT INTO `userlog` (`id`, `user`, `role`, `class_section_id`, `ipaddress`, `user_agent`, `login_datetime`) VALUES (8, 'admin@gmail.com', 'Super Admin', NULL, '152.58.197.203', 'Chrome 114.0.0.0, Linux', '2023-07-31 16:29:24');
INSERT INTO `userlog` (`id`, `user`, `role`, `class_section_id`, `ipaddress`, `user_agent`, `login_datetime`) VALUES (9, 'admin@gmail.com', 'Super Admin', NULL, '157.47.119.116', 'Chrome 115.0.0.0, Windows 10', '2023-08-01 01:49:01');
INSERT INTO `userlog` (`id`, `user`, `role`, `class_section_id`, `ipaddress`, `user_agent`, `login_datetime`) VALUES (10, 'admin@gmail.com', 'Super Admin', NULL, '157.47.107.170', 'Chrome 115.0.0.0, Windows 10', '2023-08-01 05:40:56');
INSERT INTO `userlog` (`id`, `user`, `role`, `class_section_id`, `ipaddress`, `user_agent`, `login_datetime`) VALUES (11, 'admin@gmail.com', 'Super Admin', NULL, '157.47.107.170', 'Chrome 115.0.0.0, Windows 10', '2023-08-01 05:50:01');
INSERT INTO `userlog` (`id`, `user`, `role`, `class_section_id`, `ipaddress`, `user_agent`, `login_datetime`) VALUES (12, 'admin@gmail.com', 'Super Admin', NULL, '59.182.3.80', 'Chrome 113.0.0.0, Android', '2023-08-01 07:46:34');
INSERT INTO `userlog` (`id`, `user`, `role`, `class_section_id`, `ipaddress`, `user_agent`, `login_datetime`) VALUES (13, 'admin@gmail.com', 'Super Admin', NULL, '157.47.107.170', 'Chrome 115.0.0.0, Windows 10', '2023-08-01 11:59:30');
INSERT INTO `userlog` (`id`, `user`, `role`, `class_section_id`, `ipaddress`, `user_agent`, `login_datetime`) VALUES (14, 'admin@gmail.com', 'Super Admin', NULL, '157.47.117.118', 'Chrome 115.0.0.0, Windows 10', '2023-08-01 13:53:41');
INSERT INTO `userlog` (`id`, `user`, `role`, `class_section_id`, `ipaddress`, `user_agent`, `login_datetime`) VALUES (15, 'admin@gmail.com', 'Super Admin', NULL, '157.48.206.212', 'Chrome 115.0.0.0, Windows 10', '2023-08-02 04:39:25');
INSERT INTO `userlog` (`id`, `user`, `role`, `class_section_id`, `ipaddress`, `user_agent`, `login_datetime`) VALUES (16, 'admin@gmail.com', 'Super Admin', NULL, '152.58.196.139', 'Chrome 113.0.0.0, Android', '2023-08-02 11:50:54');
INSERT INTO `userlog` (`id`, `user`, `role`, `class_section_id`, `ipaddress`, `user_agent`, `login_datetime`) VALUES (17, 'admin@gmail.com', 'Super Admin', NULL, '157.48.179.134', 'Chrome 115.0.0.0, Windows 10', '2023-08-03 04:05:53');
INSERT INTO `userlog` (`id`, `user`, `role`, `class_section_id`, `ipaddress`, `user_agent`, `login_datetime`) VALUES (18, 'admin@gmail.com', 'Super Admin', NULL, '49.43.250.73', 'Chrome 115.0.0.0, Windows 10', '2023-08-03 15:30:31');
INSERT INTO `userlog` (`id`, `user`, `role`, `class_section_id`, `ipaddress`, `user_agent`, `login_datetime`) VALUES (19, 'admin@gmail.com', 'Super Admin', NULL, '157.47.25.100', 'Chrome 115.0.0.0, Android', '2023-08-04 16:24:07');
INSERT INTO `userlog` (`id`, `user`, `role`, `class_section_id`, `ipaddress`, `user_agent`, `login_datetime`) VALUES (20, 'admin@gmail.com', 'Super Admin', NULL, '49.43.251.115', 'Chrome 115.0.0.0, Windows 10', '2023-08-04 21:32:39');
INSERT INTO `userlog` (`id`, `user`, `role`, `class_section_id`, `ipaddress`, `user_agent`, `login_datetime`) VALUES (21, 'admin@gmail.com', 'Super Admin', NULL, '157.48.67.215', 'Chrome 114.0.0.0, Linux', '2023-08-05 10:31:41');
INSERT INTO `userlog` (`id`, `user`, `role`, `class_section_id`, `ipaddress`, `user_agent`, `login_datetime`) VALUES (22, 'admin@gmail.com', 'Super Admin', NULL, '157.48.176.222', 'Chrome 114.0.0.0, Linux', '2023-08-05 16:41:51');
INSERT INTO `userlog` (`id`, `user`, `role`, `class_section_id`, `ipaddress`, `user_agent`, `login_datetime`) VALUES (23, 'admin@gmail.com', 'Super Admin', NULL, '157.48.92.246', 'Chrome 115.0.0.0, Windows 10', '2023-08-05 18:52:37');
INSERT INTO `userlog` (`id`, `user`, `role`, `class_section_id`, `ipaddress`, `user_agent`, `login_datetime`) VALUES (24, 'admin@gmail.com', 'Super Admin', NULL, '203.192.244.218', 'Chrome 115.0.0.0, Windows 10', '2023-08-06 03:07:34');
INSERT INTO `userlog` (`id`, `user`, `role`, `class_section_id`, `ipaddress`, `user_agent`, `login_datetime`) VALUES (25, 'admin@gmail.com', 'Super Admin', NULL, '203.192.244.218', 'Chrome 115.0.0.0, Windows 10', '2023-08-06 10:12:30');
INSERT INTO `userlog` (`id`, `user`, `role`, `class_section_id`, `ipaddress`, `user_agent`, `login_datetime`) VALUES (26, 'admin@gmail.com', 'Super Admin', NULL, '203.192.244.218', 'Chrome 115.0.0.0, Windows 10', '2023-08-06 10:58:59');
INSERT INTO `userlog` (`id`, `user`, `role`, `class_section_id`, `ipaddress`, `user_agent`, `login_datetime`) VALUES (27, 'admin@gmail.com', 'Super Admin', NULL, '203.192.244.218', 'Chrome 115.0.0.0, Windows 10', '2023-08-06 18:09:23');
INSERT INTO `userlog` (`id`, `user`, `role`, `class_section_id`, `ipaddress`, `user_agent`, `login_datetime`) VALUES (28, 'admin@gmail.com', 'Super Admin', NULL, '203.192.244.218', 'Chrome 115.0.0.0, Windows 10', '2023-08-06 23:13:29');
INSERT INTO `userlog` (`id`, `user`, `role`, `class_section_id`, `ipaddress`, `user_agent`, `login_datetime`) VALUES (29, 'admin@gmail.com', 'Super Admin', NULL, '203.192.244.104', 'Chrome 115.0.0.0, Windows 10', '2023-08-07 20:25:07');
INSERT INTO `userlog` (`id`, `user`, `role`, `class_section_id`, `ipaddress`, `user_agent`, `login_datetime`) VALUES (30, 'admin@gmail.com', 'Super Admin', NULL, '157.45.64.242', 'Chrome 115.0.0.0, Windows 10', '2023-08-08 17:46:08');
INSERT INTO `userlog` (`id`, `user`, `role`, `class_section_id`, `ipaddress`, `user_agent`, `login_datetime`) VALUES (31, 'admin@gmail.com', 'Super Admin', NULL, '157.48.76.182', 'Chrome 115.0.0.0, Windows 10', '2023-08-11 15:36:10');
INSERT INTO `userlog` (`id`, `user`, `role`, `class_section_id`, `ipaddress`, `user_agent`, `login_datetime`) VALUES (32, 'admin@gmail.com', 'Super Admin', NULL, '157.48.140.105', 'Chrome 115.0.0.0, Windows 10', '2023-08-11 21:59:16');
INSERT INTO `userlog` (`id`, `user`, `role`, `class_section_id`, `ipaddress`, `user_agent`, `login_datetime`) VALUES (33, 'admin@gmail.com', 'Super Admin', NULL, '157.48.81.208', 'Chrome 115.0.0.0, Windows 10', '2023-08-12 07:41:12');
INSERT INTO `userlog` (`id`, `user`, `role`, `class_section_id`, `ipaddress`, `user_agent`, `login_datetime`) VALUES (34, 'admin@gmail.com', 'Super Admin', NULL, '157.48.157.64', 'Chrome 115.0.0.0, Windows 10', '2023-08-12 10:39:01');
INSERT INTO `userlog` (`id`, `user`, `role`, `class_section_id`, `ipaddress`, `user_agent`, `login_datetime`) VALUES (35, 'admin@gmail.com', 'Super Admin', NULL, '157.48.247.247', 'Chrome 115.0.0.0, Windows 10', '2023-08-12 17:00:47');
INSERT INTO `userlog` (`id`, `user`, `role`, `class_section_id`, `ipaddress`, `user_agent`, `login_datetime`) VALUES (36, 'admin@gmail.com', 'Super Admin', NULL, '157.48.155.66', 'Chrome 116.0.0.0, Windows 10', '2023-08-23 18:49:18');
INSERT INTO `userlog` (`id`, `user`, `role`, `class_section_id`, `ipaddress`, `user_agent`, `login_datetime`) VALUES (37, 'std103', 'student', 4, '157.48.155.66', 'Chrome 116.0.0.0, Windows 10', '2023-08-23 18:50:28');
INSERT INTO `userlog` (`id`, `user`, `role`, `class_section_id`, `ipaddress`, `user_agent`, `login_datetime`) VALUES (38, 'admin@gmail.com', 'Super Admin', NULL, '157.48.91.15', 'Chrome 116.0.0.0, Windows 10', '2023-08-23 19:01:42');
INSERT INTO `userlog` (`id`, `user`, `role`, `class_section_id`, `ipaddress`, `user_agent`, `login_datetime`) VALUES (39, 'std104', 'student', 2, '157.48.155.66', 'Chrome 116.0.0.0, Windows 10', '2023-08-23 19:14:43');
INSERT INTO `userlog` (`id`, `user`, `role`, `class_section_id`, `ipaddress`, `user_agent`, `login_datetime`) VALUES (40, 'std104', 'student', 2, '157.48.155.66', 'Chrome 116.0.0.0, Windows 10', '2023-08-23 19:19:45');
INSERT INTO `userlog` (`id`, `user`, `role`, `class_section_id`, `ipaddress`, `user_agent`, `login_datetime`) VALUES (41, 'std104', 'student', 2, '157.48.155.66', 'Chrome 116.0.0.0, Windows 10', '2023-08-23 19:45:59');
INSERT INTO `userlog` (`id`, `user`, `role`, `class_section_id`, `ipaddress`, `user_agent`, `login_datetime`) VALUES (42, 'std104', 'student', 2, '157.48.155.66', 'Chrome 116.0.0.0, Windows 10', '2023-08-23 19:48:50');
INSERT INTO `userlog` (`id`, `user`, `role`, `class_section_id`, `ipaddress`, `user_agent`, `login_datetime`) VALUES (43, 'admin@gmail.com', 'Super Admin', NULL, '157.48.198.197', 'Chrome 116.0.0.0, Windows 10', '2023-08-23 23:28:44');
INSERT INTO `userlog` (`id`, `user`, `role`, `class_section_id`, `ipaddress`, `user_agent`, `login_datetime`) VALUES (44, 'admin@gmail.com', 'Super Admin', NULL, '157.48.224.57', 'Chrome 116.0.0.0, Windows 10', '2023-08-24 07:02:21');
INSERT INTO `userlog` (`id`, `user`, `role`, `class_section_id`, `ipaddress`, `user_agent`, `login_datetime`) VALUES (45, 'admin@gmail.com', 'Super Admin', NULL, '185.239.173.242', 'Chrome 116.0.0.0, Windows 10', '2023-08-24 13:32:40');
INSERT INTO `userlog` (`id`, `user`, `role`, `class_section_id`, `ipaddress`, `user_agent`, `login_datetime`) VALUES (46, 'admin@gmail.com', 'Super Admin', NULL, '185.239.173.242', 'Chrome 116.0.0.0, Windows 10', '2023-08-24 13:36:33');
INSERT INTO `userlog` (`id`, `user`, `role`, `class_section_id`, `ipaddress`, `user_agent`, `login_datetime`) VALUES (47, 'admin@gmail.com', 'Super Admin', NULL, '157.48.174.238', 'Chrome 116.0.0.0, Windows 10', '2023-08-25 11:10:50');
INSERT INTO `userlog` (`id`, `user`, `role`, `class_section_id`, `ipaddress`, `user_agent`, `login_datetime`) VALUES (48, 'admin@gmail.com', 'Super Admin', NULL, '157.48.228.149', 'Chrome 116.0.0.0, Windows 10', '2023-08-26 15:51:31');
INSERT INTO `userlog` (`id`, `user`, `role`, `class_section_id`, `ipaddress`, `user_agent`, `login_datetime`) VALUES (49, 'admin@gmail.com', 'Super Admin', NULL, '157.48.194.100', 'Chrome 116.0.0.0, Windows 10', '2023-08-26 21:39:05');
INSERT INTO `userlog` (`id`, `user`, `role`, `class_section_id`, `ipaddress`, `user_agent`, `login_datetime`) VALUES (50, 'admin@gmail.com', 'Super Admin', NULL, '157.48.204.89', 'Chrome 116.0.0.0, Windows 10', '2023-08-27 00:25:25');
INSERT INTO `userlog` (`id`, `user`, `role`, `class_section_id`, `ipaddress`, `user_agent`, `login_datetime`) VALUES (51, 'admin@gmail.com', 'Super Admin', NULL, '157.48.173.30', 'Chrome 116.0.0.0, Windows 10', '2023-08-27 09:16:53');
INSERT INTO `userlog` (`id`, `user`, `role`, `class_section_id`, `ipaddress`, `user_agent`, `login_datetime`) VALUES (52, 'std126', 'student', 20, '157.48.170.154', 'Chrome 116.0.0.0, Windows 10', '2023-08-27 10:34:17');
INSERT INTO `userlog` (`id`, `user`, `role`, `class_section_id`, `ipaddress`, `user_agent`, `login_datetime`) VALUES (53, 'std126', 'student', 20, '157.48.170.154', 'Chrome 116.0.0.0, Windows 10', '2023-08-27 11:45:10');
INSERT INTO `userlog` (`id`, `user`, `role`, `class_section_id`, `ipaddress`, `user_agent`, `login_datetime`) VALUES (54, 'std106', 'student', 2, '157.48.170.154', 'Chrome 116.0.0.0, Windows 10', '2023-08-27 11:46:44');
INSERT INTO `userlog` (`id`, `user`, `role`, `class_section_id`, `ipaddress`, `user_agent`, `login_datetime`) VALUES (55, 'admin@gmail.com', 'Super Admin', NULL, '157.48.163.27', 'Chrome 116.0.0.0, Windows 10', '2023-08-27 22:48:56');
INSERT INTO `userlog` (`id`, `user`, `role`, `class_section_id`, `ipaddress`, `user_agent`, `login_datetime`) VALUES (56, 'admin@gmail.com', 'Super Admin', NULL, '157.48.155.140', 'Chrome 116.0.0.0, Windows 10', '2023-08-28 12:23:07');
INSERT INTO `userlog` (`id`, `user`, `role`, `class_section_id`, `ipaddress`, `user_agent`, `login_datetime`) VALUES (57, 'admin@gmail.com', 'Super Admin', NULL, '157.48.184.46', 'Chrome 116.0.0.0, Windows 10', '2023-08-28 18:33:55');
INSERT INTO `userlog` (`id`, `user`, `role`, `class_section_id`, `ipaddress`, `user_agent`, `login_datetime`) VALUES (58, 'admin@gmail.com', 'Super Admin', NULL, '49.43.250.133', 'Chrome 116.0.0.0, Windows 10', '2023-08-28 20:44:34');
INSERT INTO `userlog` (`id`, `user`, `role`, `class_section_id`, `ipaddress`, `user_agent`, `login_datetime`) VALUES (59, 'admin@gmail.com', 'Super Admin', NULL, '49.37.217.154', 'Chrome 116.0.0.0, Windows 10', '2023-08-28 21:51:01');
INSERT INTO `userlog` (`id`, `user`, `role`, `class_section_id`, `ipaddress`, `user_agent`, `login_datetime`) VALUES (60, 'admin@gmail.com', 'Super Admin', NULL, '49.43.250.133', 'Chrome 116.0.0.0, Windows 10', '2023-08-29 19:01:43');
INSERT INTO `userlog` (`id`, `user`, `role`, `class_section_id`, `ipaddress`, `user_agent`, `login_datetime`) VALUES (61, 'admin@gmail.com', 'Super Admin', NULL, '157.47.106.112', 'Chrome 115.0.0.0, Linux', '2023-08-29 22:38:08');
INSERT INTO `userlog` (`id`, `user`, `role`, `class_section_id`, `ipaddress`, `user_agent`, `login_datetime`) VALUES (62, 'admin@gmail.com', 'Super Admin', NULL, '157.48.195.200', 'Chrome 116.0.0.0, Windows 10', '2023-08-30 09:45:13');
INSERT INTO `userlog` (`id`, `user`, `role`, `class_section_id`, `ipaddress`, `user_agent`, `login_datetime`) VALUES (63, 'admin@gmail.com', 'Super Admin', NULL, '157.48.159.181', 'Chrome 116.0.0.0, Windows 10', '2023-08-30 13:21:09');
INSERT INTO `userlog` (`id`, `user`, `role`, `class_section_id`, `ipaddress`, `user_agent`, `login_datetime`) VALUES (64, 'admin@gmail.com', 'Super Admin', NULL, '157.47.54.137', 'Chrome 116.0.0.0, Windows 10', '2023-08-30 23:21:50');
INSERT INTO `userlog` (`id`, `user`, `role`, `class_section_id`, `ipaddress`, `user_agent`, `login_datetime`) VALUES (65, 'admin@gmail.com', 'Super Admin', NULL, '157.47.37.93', 'Chrome 116.0.0.0, Windows 10', '2023-08-31 08:52:52');
INSERT INTO `userlog` (`id`, `user`, `role`, `class_section_id`, `ipaddress`, `user_agent`, `login_datetime`) VALUES (66, 'std101', 'student', 2, '157.47.37.93', 'Chrome 116.0.0.0, Windows 10', '2023-08-31 09:08:12');
INSERT INTO `userlog` (`id`, `user`, `role`, `class_section_id`, `ipaddress`, `user_agent`, `login_datetime`) VALUES (67, 'std104', 'student', 2, '157.47.37.93', 'Chrome 116.0.0.0, Windows 10', '2023-08-31 09:13:56');
INSERT INTO `userlog` (`id`, `user`, `role`, `class_section_id`, `ipaddress`, `user_agent`, `login_datetime`) VALUES (68, 'admin@gmail.com', 'Super Admin', NULL, '157.47.57.207', 'Chrome 116.0.0.0, Windows 10', '2023-08-31 14:01:09');
INSERT INTO `userlog` (`id`, `user`, `role`, `class_section_id`, `ipaddress`, `user_agent`, `login_datetime`) VALUES (69, 'std104', 'student', 2, '157.47.48.60', 'Chrome 116.0.0.0, Windows 10', '2023-08-31 14:31:33');
INSERT INTO `userlog` (`id`, `user`, `role`, `class_section_id`, `ipaddress`, `user_agent`, `login_datetime`) VALUES (70, 'admin@gmail.com', 'Super Admin', NULL, '157.45.206.231', 'Chrome 115.0.0.0, Linux', '2023-08-31 14:51:37');
INSERT INTO `userlog` (`id`, `user`, `role`, `class_section_id`, `ipaddress`, `user_agent`, `login_datetime`) VALUES (71, 'admin@gmail.com', 'Super Admin', NULL, '49.43.250.133', 'Chrome 116.0.0.0, Windows 10', '2023-08-31 19:31:48');
INSERT INTO `userlog` (`id`, `user`, `role`, `class_section_id`, `ipaddress`, `user_agent`, `login_datetime`) VALUES (72, 'admin@gmail.com', 'Super Admin', NULL, '157.47.124.146', 'Chrome 116.0.0.0, Windows 10', '2023-08-31 19:50:08');
INSERT INTO `userlog` (`id`, `user`, `role`, `class_section_id`, `ipaddress`, `user_agent`, `login_datetime`) VALUES (73, 'admin@gmail.com', 'Super Admin', NULL, '59.93.106.42', 'Chrome 115.0.0.0, Linux', '2023-09-01 20:39:50');
INSERT INTO `userlog` (`id`, `user`, `role`, `class_section_id`, `ipaddress`, `user_agent`, `login_datetime`) VALUES (74, 'admin@gmail.com', 'Super Admin', NULL, '157.45.52.67', 'Chrome 116.0.0.0, Windows 10', '2023-09-01 21:28:02');
INSERT INTO `userlog` (`id`, `user`, `role`, `class_section_id`, `ipaddress`, `user_agent`, `login_datetime`) VALUES (75, 'admin@gmail.com', 'Super Admin', NULL, '103.180.2.101', 'Chrome 116.0.0.0, Windows 10', '2023-09-01 23:47:22');
INSERT INTO `userlog` (`id`, `user`, `role`, `class_section_id`, `ipaddress`, `user_agent`, `login_datetime`) VALUES (76, 'admin@gmail.com', 'Super Admin', NULL, '103.180.2.101', 'Chrome 116.0.0.0, Windows 10', '2023-09-02 09:10:40');
INSERT INTO `userlog` (`id`, `user`, `role`, `class_section_id`, `ipaddress`, `user_agent`, `login_datetime`) VALUES (77, 'admin@gmail.com', 'Super Admin', NULL, '203.192.204.104', 'Chrome 116.0.0.0, Windows 10', '2023-09-02 18:46:04');
INSERT INTO `userlog` (`id`, `user`, `role`, `class_section_id`, `ipaddress`, `user_agent`, `login_datetime`) VALUES (78, 'std103', 'student', 4, '203.192.204.104', 'Chrome 116.0.0.0, Windows 10', '2023-09-02 19:27:02');
INSERT INTO `userlog` (`id`, `user`, `role`, `class_section_id`, `ipaddress`, `user_agent`, `login_datetime`) VALUES (79, 'admin@gmail.com', 'Super Admin', NULL, '103.110.168.31', 'Chrome 116.0.0.0, Windows 10', '2023-09-03 20:16:02');
INSERT INTO `userlog` (`id`, `user`, `role`, `class_section_id`, `ipaddress`, `user_agent`, `login_datetime`) VALUES (80, 'admin@gmail.com', 'Super Admin', NULL, '103.110.168.106', 'Chrome 116.0.0.0, Windows 10', '2023-09-04 13:03:32');
INSERT INTO `userlog` (`id`, `user`, `role`, `class_section_id`, `ipaddress`, `user_agent`, `login_datetime`) VALUES (81, 'admin@gmail.com', 'Super Admin', NULL, '103.110.168.92', 'Chrome 116.0.0.0, Windows 10', '2023-09-04 20:22:02');
INSERT INTO `userlog` (`id`, `user`, `role`, `class_section_id`, `ipaddress`, `user_agent`, `login_datetime`) VALUES (82, 'sunil@gmail.com', 'Admin', NULL, '103.110.168.92', 'Chrome 116.0.0.0, Windows 10', '2023-09-04 20:32:56');
INSERT INTO `userlog` (`id`, `user`, `role`, `class_section_id`, `ipaddress`, `user_agent`, `login_datetime`) VALUES (83, 'admin@gmail.com', 'Super Admin', NULL, '103.135.168.182', 'Chrome 116.0.0.0, Windows 10', '2023-09-05 00:13:13');
INSERT INTO `userlog` (`id`, `user`, `role`, `class_section_id`, `ipaddress`, `user_agent`, `login_datetime`) VALUES (84, 'admin@gmail.com', 'Super Admin', NULL, '103.110.168.217', 'Chrome 116.0.0.0, Windows 10', '2023-09-05 13:59:57');
INSERT INTO `userlog` (`id`, `user`, `role`, `class_section_id`, `ipaddress`, `user_agent`, `login_datetime`) VALUES (85, 'admin@gmail.com', 'Super Admin', NULL, '103.110.168.217', 'Chrome 116.0.0.0, Windows 10', '2023-09-05 14:01:45');
INSERT INTO `userlog` (`id`, `user`, `role`, `class_section_id`, `ipaddress`, `user_agent`, `login_datetime`) VALUES (86, 'admin@gmail.com', 'Super Admin', NULL, '157.47.52.30', 'Chrome 116.0.0.0, Windows 10', '2023-09-05 17:05:11');
INSERT INTO `userlog` (`id`, `user`, `role`, `class_section_id`, `ipaddress`, `user_agent`, `login_datetime`) VALUES (87, 'admin@gmail.com', 'Super Admin', NULL, '103.110.168.60', 'Chrome 116.0.0.0, Windows 10', '2023-09-05 23:32:23');
INSERT INTO `userlog` (`id`, `user`, `role`, `class_section_id`, `ipaddress`, `user_agent`, `login_datetime`) VALUES (88, 'admin@gmail.com', 'Super Admin', NULL, '157.47.122.237', 'Opera 101.0.0.0, Windows 10', '2023-09-06 02:43:11');
INSERT INTO `userlog` (`id`, `user`, `role`, `class_section_id`, `ipaddress`, `user_agent`, `login_datetime`) VALUES (89, 'admin@gmail.com', 'Super Admin', NULL, '157.47.122.237', 'Chrome 116.0.0.0, Windows 10', '2023-09-06 02:45:09');
INSERT INTO `userlog` (`id`, `user`, `role`, `class_section_id`, `ipaddress`, `user_agent`, `login_datetime`) VALUES (90, 'admin@gmail.com', 'Super Admin', NULL, '157.47.23.12', 'Chrome 116.0.0.0, Windows 10', '2023-09-06 09:03:25');


#
# TABLE STRUCTURE FOR: users
#

DROP TABLE IF EXISTS `users`;

CREATE TABLE `users` (
  `id` int(11) NOT NULL AUTO_INCREMENT,
  `user_id` int(10) NOT NULL,
  `username` varchar(50) DEFAULT NULL,
  `password` varchar(50) DEFAULT NULL,
  `childs` text NOT NULL,
  `role` varchar(30) NOT NULL,
  `lang_id` int(11) NOT NULL,
  `currency_id` int(1) DEFAULT '0',
  `verification_code` varchar(200) NOT NULL,
  `is_active` varchar(255) DEFAULT 'yes',
  `created_at` timestamp NOT NULL DEFAULT CURRENT_TIMESTAMP ON UPDATE CURRENT_TIMESTAMP,
  `updated_at` date DEFAULT NULL,
  PRIMARY KEY (`id`)
) ENGINE=InnoDB AUTO_INCREMENT=255 DEFAULT CHARSET=utf8;

INSERT INTO `users` (`id`, `user_id`, `username`, `password`, `childs`, `role`, `lang_id`, `currency_id`, `verification_code`, `is_active`, `created_at`, `updated_at`) VALUES (201, 101, 'std101', 'jnlc74', '', 'student', 4, 0, '', 'yes', '2023-08-11 17:22:19', NULL);
INSERT INTO `users` (`id`, `user_id`, `username`, `password`, `childs`, `role`, `lang_id`, `currency_id`, `verification_code`, `is_active`, `created_at`, `updated_at`) VALUES (202, 0, 'parent101', '8b7wqd', '101', 'parent', 0, 0, '', 'yes', '2023-08-11 17:22:19', NULL);
INSERT INTO `users` (`id`, `user_id`, `username`, `password`, `childs`, `role`, `lang_id`, `currency_id`, `verification_code`, `is_active`, `created_at`, `updated_at`) VALUES (203, 102, 'std102', 't5ocor', '', 'student', 4, 0, '', 'yes', '2023-08-12 10:46:46', NULL);
INSERT INTO `users` (`id`, `user_id`, `username`, `password`, `childs`, `role`, `lang_id`, `currency_id`, `verification_code`, `is_active`, `created_at`, `updated_at`) VALUES (204, 0, 'parent102', 'hogorh', '102', 'parent', 0, 0, '', 'yes', '2023-08-12 10:46:46', NULL);
INSERT INTO `users` (`id`, `user_id`, `username`, `password`, `childs`, `role`, `lang_id`, `currency_id`, `verification_code`, `is_active`, `created_at`, `updated_at`) VALUES (205, 103, 'std103', 'bibtve', '', 'student', 4, 0, '', 'yes', '2023-08-12 10:50:29', NULL);
INSERT INTO `users` (`id`, `user_id`, `username`, `password`, `childs`, `role`, `lang_id`, `currency_id`, `verification_code`, `is_active`, `created_at`, `updated_at`) VALUES (206, 0, 'parent103', '9mcylq', '103', 'parent', 0, 0, '', 'yes', '2023-08-12 10:50:29', NULL);
INSERT INTO `users` (`id`, `user_id`, `username`, `password`, `childs`, `role`, `lang_id`, `currency_id`, `verification_code`, `is_active`, `created_at`, `updated_at`) VALUES (207, 104, 'std104', '45re4q', '', 'student', 4, 0, '', 'yes', '2023-08-12 10:53:18', NULL);
INSERT INTO `users` (`id`, `user_id`, `username`, `password`, `childs`, `role`, `lang_id`, `currency_id`, `verification_code`, `is_active`, `created_at`, `updated_at`) VALUES (208, 0, 'parent104', 'jazcub', '104', 'parent', 0, 0, '', 'yes', '2023-08-12 10:53:18', NULL);
INSERT INTO `users` (`id`, `user_id`, `username`, `password`, `childs`, `role`, `lang_id`, `currency_id`, `verification_code`, `is_active`, `created_at`, `updated_at`) VALUES (209, 105, 'std105', 'e7rvwt', '', 'student', 4, 0, '', 'yes', '2023-08-12 10:55:59', NULL);
INSERT INTO `users` (`id`, `user_id`, `username`, `password`, `childs`, `role`, `lang_id`, `currency_id`, `verification_code`, `is_active`, `created_at`, `updated_at`) VALUES (210, 0, 'parent105', 'rvpgox', '105', 'parent', 0, 0, '', 'yes', '2023-08-12 10:55:59', NULL);
INSERT INTO `users` (`id`, `user_id`, `username`, `password`, `childs`, `role`, `lang_id`, `currency_id`, `verification_code`, `is_active`, `created_at`, `updated_at`) VALUES (211, 106, 'std106', 'f3bdli', '', 'student', 4, 0, '', 'yes', '2023-08-12 10:59:34', NULL);
INSERT INTO `users` (`id`, `user_id`, `username`, `password`, `childs`, `role`, `lang_id`, `currency_id`, `verification_code`, `is_active`, `created_at`, `updated_at`) VALUES (212, 0, 'parent106', 'rbycei', '106', 'parent', 0, 0, '', 'yes', '2023-08-12 10:59:34', NULL);
INSERT INTO `users` (`id`, `user_id`, `username`, `password`, `childs`, `role`, `lang_id`, `currency_id`, `verification_code`, `is_active`, `created_at`, `updated_at`) VALUES (213, 107, 'std107', '3icipt', '', 'student', 4, 0, '', 'yes', '2023-08-12 11:01:55', NULL);
INSERT INTO `users` (`id`, `user_id`, `username`, `password`, `childs`, `role`, `lang_id`, `currency_id`, `verification_code`, `is_active`, `created_at`, `updated_at`) VALUES (214, 0, 'parent107', '1cfpso', '107', 'parent', 0, 0, '', 'yes', '2023-08-12 11:01:55', NULL);
INSERT INTO `users` (`id`, `user_id`, `username`, `password`, `childs`, `role`, `lang_id`, `currency_id`, `verification_code`, `is_active`, `created_at`, `updated_at`) VALUES (215, 108, 'std108', 'pe023n', '', 'student', 4, 0, '', 'yes', '2023-08-12 11:05:38', NULL);
INSERT INTO `users` (`id`, `user_id`, `username`, `password`, `childs`, `role`, `lang_id`, `currency_id`, `verification_code`, `is_active`, `created_at`, `updated_at`) VALUES (216, 0, 'parent108', 'rwxkqp', '108', 'parent', 0, 0, '', 'yes', '2023-08-12 11:05:38', NULL);
INSERT INTO `users` (`id`, `user_id`, `username`, `password`, `childs`, `role`, `lang_id`, `currency_id`, `verification_code`, `is_active`, `created_at`, `updated_at`) VALUES (217, 109, 'std109', '0910b5', '', 'student', 4, 0, '', 'yes', '2023-08-12 11:10:41', NULL);
INSERT INTO `users` (`id`, `user_id`, `username`, `password`, `childs`, `role`, `lang_id`, `currency_id`, `verification_code`, `is_active`, `created_at`, `updated_at`) VALUES (218, 0, 'parent109', 'me2ekc', '109', 'parent', 0, 0, '', 'yes', '2023-08-12 11:10:41', NULL);
INSERT INTO `users` (`id`, `user_id`, `username`, `password`, `childs`, `role`, `lang_id`, `currency_id`, `verification_code`, `is_active`, `created_at`, `updated_at`) VALUES (219, 110, 'std110', 'x17ktc', '', 'student', 4, 0, '', 'yes', '2023-08-12 17:03:21', NULL);
INSERT INTO `users` (`id`, `user_id`, `username`, `password`, `childs`, `role`, `lang_id`, `currency_id`, `verification_code`, `is_active`, `created_at`, `updated_at`) VALUES (220, 0, 'parent110', '1rxg0a', '110', 'parent', 0, 0, '', 'yes', '2023-08-12 17:03:21', NULL);
INSERT INTO `users` (`id`, `user_id`, `username`, `password`, `childs`, `role`, `lang_id`, `currency_id`, `verification_code`, `is_active`, `created_at`, `updated_at`) VALUES (221, 111, 'std111', '57aplb', '', 'student', 4, 0, '', 'yes', '2023-08-12 17:06:35', NULL);
INSERT INTO `users` (`id`, `user_id`, `username`, `password`, `childs`, `role`, `lang_id`, `currency_id`, `verification_code`, `is_active`, `created_at`, `updated_at`) VALUES (222, 0, 'parent111', '8dsmtv', '111', 'parent', 0, 0, '', 'yes', '2023-08-12 17:06:35', NULL);
INSERT INTO `users` (`id`, `user_id`, `username`, `password`, `childs`, `role`, `lang_id`, `currency_id`, `verification_code`, `is_active`, `created_at`, `updated_at`) VALUES (223, 112, 'std112', 'ic4nzl', '', 'student', 4, 0, '', 'yes', '2023-08-12 17:09:20', NULL);
INSERT INTO `users` (`id`, `user_id`, `username`, `password`, `childs`, `role`, `lang_id`, `currency_id`, `verification_code`, `is_active`, `created_at`, `updated_at`) VALUES (224, 0, 'parent112', 'zt5gp8', '112', 'parent', 0, 0, '', 'yes', '2023-08-12 17:09:20', NULL);
INSERT INTO `users` (`id`, `user_id`, `username`, `password`, `childs`, `role`, `lang_id`, `currency_id`, `verification_code`, `is_active`, `created_at`, `updated_at`) VALUES (225, 113, 'std113', 'ruvlb1', '', 'student', 4, 0, '', 'yes', '2023-08-12 17:12:37', NULL);
INSERT INTO `users` (`id`, `user_id`, `username`, `password`, `childs`, `role`, `lang_id`, `currency_id`, `verification_code`, `is_active`, `created_at`, `updated_at`) VALUES (226, 0, 'parent113', 'hh05al', '113', 'parent', 0, 0, '', 'yes', '2023-08-12 17:12:37', NULL);
INSERT INTO `users` (`id`, `user_id`, `username`, `password`, `childs`, `role`, `lang_id`, `currency_id`, `verification_code`, `is_active`, `created_at`, `updated_at`) VALUES (227, 114, 'std114', 'clvk03', '', 'student', 4, 0, '', 'yes', '2023-08-12 17:15:18', NULL);
INSERT INTO `users` (`id`, `user_id`, `username`, `password`, `childs`, `role`, `lang_id`, `currency_id`, `verification_code`, `is_active`, `created_at`, `updated_at`) VALUES (228, 0, 'parent114', 'dqzhve', '114', 'parent', 0, 0, '', 'yes', '2023-08-12 17:15:18', NULL);
INSERT INTO `users` (`id`, `user_id`, `username`, `password`, `childs`, `role`, `lang_id`, `currency_id`, `verification_code`, `is_active`, `created_at`, `updated_at`) VALUES (229, 115, 'std115', '6q8bu0', '', 'student', 4, 0, '', 'yes', '2023-08-12 17:17:14', NULL);
INSERT INTO `users` (`id`, `user_id`, `username`, `password`, `childs`, `role`, `lang_id`, `currency_id`, `verification_code`, `is_active`, `created_at`, `updated_at`) VALUES (230, 0, 'parent115', 'slfqom', '115', 'parent', 0, 0, '', 'yes', '2023-08-12 17:17:14', NULL);
INSERT INTO `users` (`id`, `user_id`, `username`, `password`, `childs`, `role`, `lang_id`, `currency_id`, `verification_code`, `is_active`, `created_at`, `updated_at`) VALUES (231, 116, 'std116', 'o867ev', '', 'student', 4, 0, '', 'yes', '2023-08-12 17:19:22', NULL);
INSERT INTO `users` (`id`, `user_id`, `username`, `password`, `childs`, `role`, `lang_id`, `currency_id`, `verification_code`, `is_active`, `created_at`, `updated_at`) VALUES (232, 0, 'parent116', 'xymm7h', '116', 'parent', 0, 0, '', 'yes', '2023-08-12 17:19:22', NULL);
INSERT INTO `users` (`id`, `user_id`, `username`, `password`, `childs`, `role`, `lang_id`, `currency_id`, `verification_code`, `is_active`, `created_at`, `updated_at`) VALUES (233, 117, 'std117', 'liovn6', '', 'student', 4, 0, '', 'yes', '2023-08-12 17:22:56', NULL);
INSERT INTO `users` (`id`, `user_id`, `username`, `password`, `childs`, `role`, `lang_id`, `currency_id`, `verification_code`, `is_active`, `created_at`, `updated_at`) VALUES (234, 0, 'parent117', 'toxqx4', '117', 'parent', 0, 0, '', 'yes', '2023-08-12 17:22:56', NULL);
INSERT INTO `users` (`id`, `user_id`, `username`, `password`, `childs`, `role`, `lang_id`, `currency_id`, `verification_code`, `is_active`, `created_at`, `updated_at`) VALUES (235, 118, 'std118', 'w4nfbe', '', 'student', 4, 0, '', 'yes', '2023-08-12 17:25:11', NULL);
INSERT INTO `users` (`id`, `user_id`, `username`, `password`, `childs`, `role`, `lang_id`, `currency_id`, `verification_code`, `is_active`, `created_at`, `updated_at`) VALUES (236, 0, 'parent118', 'tb4gv6', '118', 'parent', 0, 0, '', 'yes', '2023-08-12 17:25:11', NULL);
INSERT INTO `users` (`id`, `user_id`, `username`, `password`, `childs`, `role`, `lang_id`, `currency_id`, `verification_code`, `is_active`, `created_at`, `updated_at`) VALUES (237, 119, 'std119', 'us27dh', '', 'student', 4, 0, '', 'yes', '2023-08-12 17:27:29', NULL);
INSERT INTO `users` (`id`, `user_id`, `username`, `password`, `childs`, `role`, `lang_id`, `currency_id`, `verification_code`, `is_active`, `created_at`, `updated_at`) VALUES (238, 0, 'parent119', 'lg409n', '119', 'parent', 0, 0, '', 'yes', '2023-08-12 17:27:29', NULL);
INSERT INTO `users` (`id`, `user_id`, `username`, `password`, `childs`, `role`, `lang_id`, `currency_id`, `verification_code`, `is_active`, `created_at`, `updated_at`) VALUES (239, 120, 'std120', 'ni7mf4', '', 'student', 4, 0, '', 'yes', '2023-08-12 17:30:30', NULL);
INSERT INTO `users` (`id`, `user_id`, `username`, `password`, `childs`, `role`, `lang_id`, `currency_id`, `verification_code`, `is_active`, `created_at`, `updated_at`) VALUES (240, 0, 'parent120', 'gyg8la', '120', 'parent', 0, 0, '', 'yes', '2023-08-12 17:30:30', NULL);
INSERT INTO `users` (`id`, `user_id`, `username`, `password`, `childs`, `role`, `lang_id`, `currency_id`, `verification_code`, `is_active`, `created_at`, `updated_at`) VALUES (241, 121, 'std121', 'uyv14d', '', 'student', 4, 0, '', 'yes', '2023-08-12 17:33:12', NULL);
INSERT INTO `users` (`id`, `user_id`, `username`, `password`, `childs`, `role`, `lang_id`, `currency_id`, `verification_code`, `is_active`, `created_at`, `updated_at`) VALUES (242, 0, 'parent121', 'aqifbb', '121', 'parent', 0, 0, '', 'yes', '2023-08-12 17:33:12', NULL);
INSERT INTO `users` (`id`, `user_id`, `username`, `password`, `childs`, `role`, `lang_id`, `currency_id`, `verification_code`, `is_active`, `created_at`, `updated_at`) VALUES (243, 122, 'std122', 'zi2j4b', '', 'student', 4, 0, '', 'yes', '2023-08-12 17:43:19', NULL);
INSERT INTO `users` (`id`, `user_id`, `username`, `password`, `childs`, `role`, `lang_id`, `currency_id`, `verification_code`, `is_active`, `created_at`, `updated_at`) VALUES (244, 0, 'parent122', '8f5o5z', '122', 'parent', 0, 0, '', 'yes', '2023-08-12 17:43:19', NULL);
INSERT INTO `users` (`id`, `user_id`, `username`, `password`, `childs`, `role`, `lang_id`, `currency_id`, `verification_code`, `is_active`, `created_at`, `updated_at`) VALUES (245, 123, 'std123', 'kbwcnx', '', 'student', 4, 0, '', 'yes', '2023-08-12 17:46:53', NULL);
INSERT INTO `users` (`id`, `user_id`, `username`, `password`, `childs`, `role`, `lang_id`, `currency_id`, `verification_code`, `is_active`, `created_at`, `updated_at`) VALUES (246, 0, 'parent123', 'zrfrk8', '123', 'parent', 0, 0, '', 'yes', '2023-08-12 17:46:53', NULL);
INSERT INTO `users` (`id`, `user_id`, `username`, `password`, `childs`, `role`, `lang_id`, `currency_id`, `verification_code`, `is_active`, `created_at`, `updated_at`) VALUES (247, 124, 'std124', 'eem5h9', '', 'student', 4, 0, '', 'yes', '2023-08-12 17:50:13', NULL);
INSERT INTO `users` (`id`, `user_id`, `username`, `password`, `childs`, `role`, `lang_id`, `currency_id`, `verification_code`, `is_active`, `created_at`, `updated_at`) VALUES (248, 0, 'parent124', '1ul2h5', '124', 'parent', 0, 0, '', 'yes', '2023-08-12 17:50:13', NULL);
INSERT INTO `users` (`id`, `user_id`, `username`, `password`, `childs`, `role`, `lang_id`, `currency_id`, `verification_code`, `is_active`, `created_at`, `updated_at`) VALUES (249, 125, 'std125', 'w428w1', '', 'student', 4, 0, '', 'yes', '2023-08-12 17:52:15', NULL);
INSERT INTO `users` (`id`, `user_id`, `username`, `password`, `childs`, `role`, `lang_id`, `currency_id`, `verification_code`, `is_active`, `created_at`, `updated_at`) VALUES (250, 0, 'parent125', 'r2as56', '125', 'parent', 0, 0, '', 'yes', '2023-08-12 17:52:15', NULL);
INSERT INTO `users` (`id`, `user_id`, `username`, `password`, `childs`, `role`, `lang_id`, `currency_id`, `verification_code`, `is_active`, `created_at`, `updated_at`) VALUES (253, 127, 'std127', '82b7f3', '', 'student', 4, 0, '', 'yes', '2023-08-29 19:42:13', NULL);
INSERT INTO `users` (`id`, `user_id`, `username`, `password`, `childs`, `role`, `lang_id`, `currency_id`, `verification_code`, `is_active`, `created_at`, `updated_at`) VALUES (254, 0, 'parent127', 'qzfhgf', '127', 'parent', 0, 0, '', 'yes', '2023-08-29 19:42:13', NULL);


#
# TABLE STRUCTURE FOR: users_authentication
#

DROP TABLE IF EXISTS `users_authentication`;

CREATE TABLE `users_authentication` (
  `id` int(11) NOT NULL AUTO_INCREMENT,
  `users_id` int(11) NOT NULL,
  `token` varchar(255) NOT NULL,
  `staff_id` int(11) DEFAULT NULL,
  `expired_at` timestamp NOT NULL DEFAULT CURRENT_TIMESTAMP,
  `created_at` date DEFAULT NULL,
  `updated_at` date DEFAULT NULL,
  PRIMARY KEY (`id`)
) ENGINE=InnoDB DEFAULT CHARSET=utf8;

#
# TABLE STRUCTURE FOR: vehicle_routes
#

DROP TABLE IF EXISTS `vehicle_routes`;

CREATE TABLE `vehicle_routes` (
  `id` int(11) NOT NULL AUTO_INCREMENT,
  `route_id` int(11) DEFAULT NULL,
  `vehicle_id` int(11) DEFAULT NULL,
  `created_at` timestamp NOT NULL DEFAULT CURRENT_TIMESTAMP ON UPDATE CURRENT_TIMESTAMP,
  PRIMARY KEY (`id`),
  KEY `route_id` (`route_id`),
  KEY `vehicle_id` (`vehicle_id`),
  CONSTRAINT `vehicle_routes_ibfk_1` FOREIGN KEY (`route_id`) REFERENCES `transport_route` (`id`) ON DELETE CASCADE,
  CONSTRAINT `vehicle_routes_ibfk_2` FOREIGN KEY (`vehicle_id`) REFERENCES `vehicles` (`id`) ON DELETE CASCADE
) ENGINE=InnoDB AUTO_INCREMENT=8 DEFAULT CHARSET=utf8;

INSERT INTO `vehicle_routes` (`id`, `route_id`, `vehicle_id`, `created_at`) VALUES (1, 1, 3, '2023-08-24 08:45:01');
INSERT INTO `vehicle_routes` (`id`, `route_id`, `vehicle_id`, `created_at`) VALUES (2, 2, 2, '2023-08-24 08:45:12');
INSERT INTO `vehicle_routes` (`id`, `route_id`, `vehicle_id`, `created_at`) VALUES (3, 2, 1, '2023-08-24 08:45:12');
INSERT INTO `vehicle_routes` (`id`, `route_id`, `vehicle_id`, `created_at`) VALUES (4, 3, 3, '2023-08-24 08:45:20');
INSERT INTO `vehicle_routes` (`id`, `route_id`, `vehicle_id`, `created_at`) VALUES (5, 3, 2, '2023-08-24 08:45:20');
INSERT INTO `vehicle_routes` (`id`, `route_id`, `vehicle_id`, `created_at`) VALUES (6, 9, 3, '2023-08-24 08:45:27');
INSERT INTO `vehicle_routes` (`id`, `route_id`, `vehicle_id`, `created_at`) VALUES (7, 10, 1, '2023-08-24 08:45:36');


#
# TABLE STRUCTURE FOR: vehicles
#

DROP TABLE IF EXISTS `vehicles`;

CREATE TABLE `vehicles` (
  `id` int(11) NOT NULL AUTO_INCREMENT,
  `vehicle_no` varchar(20) DEFAULT NULL,
  `vehicle_model` varchar(100) NOT NULL DEFAULT 'None',
  `vehicle_photo` varchar(255) DEFAULT NULL,
  `manufacture_year` varchar(4) DEFAULT NULL,
  `registration_number` varchar(50) NOT NULL,
  `chasis_number` varchar(100) NOT NULL,
  `max_seating_capacity` varchar(255) NOT NULL,
  `driver_name` varchar(50) DEFAULT NULL,
  `driver_licence` varchar(50) NOT NULL DEFAULT 'None',
  `driver_contact` varchar(20) DEFAULT NULL,
  `note` text,
  `created_at` timestamp NOT NULL DEFAULT CURRENT_TIMESTAMP ON UPDATE CURRENT_TIMESTAMP,
  PRIMARY KEY (`id`)
) ENGINE=InnoDB AUTO_INCREMENT=4 DEFAULT CHARSET=utf8;

INSERT INTO `vehicles` (`id`, `vehicle_no`, `vehicle_model`, `vehicle_photo`, `manufacture_year`, `registration_number`, `chasis_number`, `max_seating_capacity`, `driver_name`, `driver_licence`, `driver_contact`, `note`, `created_at`) VALUES (1, 'VH4584', 'Ford CAB', NULL, '2015', 'FFG-76575676787', '523422', '50', 'Jasper', '258714545', '8521479630', '', '2023-08-24 08:41:56');
INSERT INTO `vehicles` (`id`, `vehicle_no`, `vehicle_model`, `vehicle_photo`, `manufacture_year`, `registration_number`, `chasis_number`, `max_seating_capacity`, `driver_name`, `driver_licence`, `driver_contact`, `note`, `created_at`) VALUES (2, 'VH5645', 'Volvo Bus', NULL, '2018', 'BGBFDF787987956', '45433', '50', 'Maximus', '545645666776', '885456456', '', '2023-08-24 08:43:37');
INSERT INTO `vehicles` (`id`, `vehicle_no`, `vehicle_model`, `vehicle_photo`, `manufacture_year`, `registration_number`, `chasis_number`, `max_seating_capacity`, `driver_name`, `driver_licence`, `driver_contact`, `note`, `created_at`) VALUES (3, 'VH1001', 'Volvo Bus', NULL, '2017', 'FVFF-08797865', '45453', '50', 'Michel', 'R534534', '8667777869', '', '2023-08-24 08:44:17');


#
# TABLE STRUCTURE FOR: video_tutorial
#

DROP TABLE IF EXISTS `video_tutorial`;

CREATE TABLE `video_tutorial` (
  `id` int(11) NOT NULL AUTO_INCREMENT,
  `title` varchar(100) NOT NULL,
  `vid_title` text,
  `description` text NOT NULL,
  `thumb_path` varchar(500) DEFAULT NULL,
  `dir_path` varchar(500) DEFAULT NULL,
  `img_name` varchar(300) NOT NULL,
  `thumb_name` varchar(300) NOT NULL,
  `video_link` varchar(100) NOT NULL,
  `created_by` int(11) NOT NULL,
  `created_at` timestamp NOT NULL DEFAULT CURRENT_TIMESTAMP,
  PRIMARY KEY (`id`),
  KEY `created_by` (`created_by`),
  CONSTRAINT `video_tutorial_ibfk_1` FOREIGN KEY (`created_by`) REFERENCES `staff` (`id`) ON DELETE CASCADE
) ENGINE=InnoDB AUTO_INCREMENT=9 DEFAULT CHARSET=utf8;

INSERT INTO `video_tutorial` (`id`, `title`, `vid_title`, `description`, `thumb_path`, `dir_path`, `img_name`, `thumb_name`, `video_link`, `created_by`, `created_at`) VALUES (1, 'Planets of Our Solar System', 'Planets of Our Solar System | Science Grade 3 | Periwinkle', 'Planets of Our Solar System', 'uploads/video_tutorial/youtube_video/thumb/', 'uploads/video_tutorial/youtube_video/', '1692845155-119333572364e6c463ca4fd!1692845155.jpg', '1692845155-119333572364e6c463ca4fd!thumb_1692845155.jpg', 'https://www.youtube.com/watch?v=jpMyjPJ9HFg', 1, '2023-08-24 08:15:55');
INSERT INTO `video_tutorial` (`id`, `title`, `vid_title`, `description`, `thumb_path`, `dir_path`, `img_name`, `thumb_name`, `video_link`, `created_by`, `created_at`) VALUES (2, 'TEST 16', 'Java Tutorial for Beginners', 'test', 'uploads/video_tutorial/youtube_video/thumb/', 'uploads/video_tutorial/youtube_video/', '1692845211-109194615964e6c49b5f101!1692845211.jpg', '1692845211-109194615964e6c49b5f101!thumb_1692845211.jpg', 'https://www.youtube.com/watch?v=eIrMbAQSU34', 1, '2023-08-24 08:16:51');
INSERT INTO `video_tutorial` (`id`, `title`, `vid_title`, `description`, `thumb_path`, `dir_path`, `img_name`, `thumb_name`, `video_link`, `created_by`, `created_at`) VALUES (3, 'English Chapter', 'Lost Spring | Class 12 - Flamingo | Chapter 2 - Part 1 | Detailed Line by Line Explanation in Hindi', 'The learning materials provided by the teacher, school, company, or organization for learning and research is called study materials.', 'uploads/video_tutorial/youtube_video/thumb/', 'uploads/video_tutorial/youtube_video/', '1692845244-6225147864e6c4bc65d0f!1692845244.jpg', '1692845244-6225147864e6c4bc65d0f!thumb_1692845244.jpg', 'https://www.youtube.com/watch?v=WuUWmiiCyJ4', 1, '2023-08-24 08:17:24');
INSERT INTO `video_tutorial` (`id`, `title`, `vid_title`, `description`, `thumb_path`, `dir_path`, `img_name`, `thumb_name`, `video_link`, `created_by`, `created_at`) VALUES (4, 'Sound', 'Sound in One Shot | Physics - Class 8th | Umang | Physics Wallah', '', 'uploads/video_tutorial/youtube_video/thumb/', 'uploads/video_tutorial/youtube_video/', '1692845288-22705856964e6c4e8b2c58!1692845288.jpg', '1692845288-22705856964e6c4e8b2c58!thumb_1692845288.jpg', 'https://www.youtube.com/watch?v=eCTnAyc9m3k', 1, '2023-08-24 08:18:08');
INSERT INTO `video_tutorial` (`id`, `title`, `vid_title`, `description`, `thumb_path`, `dir_path`, `img_name`, `thumb_name`, `video_link`, `created_by`, `created_at`) VALUES (5, 'TEST 15', 'lost spring class 12 in hindi | WITH NOTES |', 'TEST ', 'uploads/video_tutorial/youtube_video/thumb/', 'uploads/video_tutorial/youtube_video/', '1692845332-68129195464e6c51493f7b!1692845332.jpg', '1692845332-68129195464e6c51493f7b!thumb_1692845332.jpg', 'https://www.youtube.com/watch?v=lEcA7faFU6Q&t=7s', 1, '2023-08-24 08:18:52');
INSERT INTO `video_tutorial` (`id`, `title`, `vid_title`, `description`, `thumb_path`, `dir_path`, `img_name`, `thumb_name`, `video_link`, `created_by`, `created_at`) VALUES (6, 'Rational Number', 'Rational Number in One Shot | Maths - Class 8th | Umang | Physics Wallah', '', 'uploads/video_tutorial/youtube_video/thumb/', 'uploads/video_tutorial/youtube_video/', '1692845379-86130175264e6c5433141b!1692845379.jpg', '1692845379-86130175264e6c5433141b!thumb_1692845379.jpg', 'https://www.youtube.com/watch?v=GJnvCdnrgqQ&list=PLcJiYBaxEj81YRp00ZkyO7fb4CYLEZKhw', 1, '2023-08-24 08:19:39');
INSERT INTO `video_tutorial` (`id`, `title`, `vid_title`, `description`, `thumb_path`, `dir_path`, `img_name`, `thumb_name`, `video_link`, `created_by`, `created_at`) VALUES (7, 'Mathematic Breaking Rule', 'Breaking the rules of math', 'The four basic Mathematical rules are addition, subtraction, multiplication, and division.', 'uploads/video_tutorial/youtube_video/thumb/', 'uploads/video_tutorial/youtube_video/', '1692845442-129072550464e6c5828d843!1692845442.jpg', '1692845442-129072550464e6c5828d843!thumb_1692845442.jpg', 'https://www.youtube.com/watch?v=NqWJEPlp1QY', 1, '2023-08-24 08:20:42');
INSERT INTO `video_tutorial` (`id`, `title`, `vid_title`, `description`, `thumb_path`, `dir_path`, `img_name`, `thumb_name`, `video_link`, `created_by`, `created_at`) VALUES (8, 'java developer', 'Variables in Java | Input Output | Complete Placement Course | Lecture 2', '', 'uploads/video_tutorial/youtube_video/thumb/', 'uploads/video_tutorial/youtube_video/', '1693113022-73833672764eadabeca46b!1693113022.jpg', '1693113022-73833672764eadabeca46b!thumb_1693113022.jpg', 'https://www.youtube.com/watch?v=LusTv0RlnSU&list=PLfqMhTWNBTe3LtFWcvwpqTkUSlB32kJop', 1, '2023-08-27 10:40:22');


#
# TABLE STRUCTURE FOR: video_tutorial_class_sections
#

DROP TABLE IF EXISTS `video_tutorial_class_sections`;

CREATE TABLE `video_tutorial_class_sections` (
  `id` int(11) NOT NULL AUTO_INCREMENT,
  `video_tutorial_id` int(11) NOT NULL,
  `class_section_id` int(11) NOT NULL,
  `created_date` date NOT NULL,
  PRIMARY KEY (`id`),
  KEY `class_section_id` (`class_section_id`),
  KEY `video_tutorial_id` (`video_tutorial_id`),
  CONSTRAINT `video_tutorial_class_sections_ibfk_1` FOREIGN KEY (`class_section_id`) REFERENCES `class_sections` (`id`) ON DELETE CASCADE,
  CONSTRAINT `video_tutorial_class_sections_ibfk_2` FOREIGN KEY (`video_tutorial_id`) REFERENCES `video_tutorial` (`id`) ON DELETE CASCADE
) ENGINE=InnoDB AUTO_INCREMENT=22 DEFAULT CHARSET=utf8;

INSERT INTO `video_tutorial_class_sections` (`id`, `video_tutorial_id`, `class_section_id`, `created_date`) VALUES (1, 1, 10, '2023-08-24');
INSERT INTO `video_tutorial_class_sections` (`id`, `video_tutorial_id`, `class_section_id`, `created_date`) VALUES (2, 1, 11, '2023-08-24');
INSERT INTO `video_tutorial_class_sections` (`id`, `video_tutorial_id`, `class_section_id`, `created_date`) VALUES (3, 1, 12, '2023-08-24');
INSERT INTO `video_tutorial_class_sections` (`id`, `video_tutorial_id`, `class_section_id`, `created_date`) VALUES (4, 1, 13, '2023-08-24');
INSERT INTO `video_tutorial_class_sections` (`id`, `video_tutorial_id`, `class_section_id`, `created_date`) VALUES (5, 2, 6, '2023-08-24');
INSERT INTO `video_tutorial_class_sections` (`id`, `video_tutorial_id`, `class_section_id`, `created_date`) VALUES (6, 2, 8, '2023-08-24');
INSERT INTO `video_tutorial_class_sections` (`id`, `video_tutorial_id`, `class_section_id`, `created_date`) VALUES (7, 3, 11, '2023-08-24');
INSERT INTO `video_tutorial_class_sections` (`id`, `video_tutorial_id`, `class_section_id`, `created_date`) VALUES (8, 3, 12, '2023-08-24');
INSERT INTO `video_tutorial_class_sections` (`id`, `video_tutorial_id`, `class_section_id`, `created_date`) VALUES (9, 3, 13, '2023-08-24');
INSERT INTO `video_tutorial_class_sections` (`id`, `video_tutorial_id`, `class_section_id`, `created_date`) VALUES (10, 4, 6, '2023-08-24');
INSERT INTO `video_tutorial_class_sections` (`id`, `video_tutorial_id`, `class_section_id`, `created_date`) VALUES (11, 4, 7, '2023-08-24');
INSERT INTO `video_tutorial_class_sections` (`id`, `video_tutorial_id`, `class_section_id`, `created_date`) VALUES (12, 4, 8, '2023-08-24');
INSERT INTO `video_tutorial_class_sections` (`id`, `video_tutorial_id`, `class_section_id`, `created_date`) VALUES (13, 4, 9, '2023-08-24');
INSERT INTO `video_tutorial_class_sections` (`id`, `video_tutorial_id`, `class_section_id`, `created_date`) VALUES (14, 5, 14, '2023-08-24');
INSERT INTO `video_tutorial_class_sections` (`id`, `video_tutorial_id`, `class_section_id`, `created_date`) VALUES (15, 6, 2, '2023-08-24');
INSERT INTO `video_tutorial_class_sections` (`id`, `video_tutorial_id`, `class_section_id`, `created_date`) VALUES (16, 6, 4, '2023-08-24');
INSERT INTO `video_tutorial_class_sections` (`id`, `video_tutorial_id`, `class_section_id`, `created_date`) VALUES (17, 6, 5, '2023-08-24');
INSERT INTO `video_tutorial_class_sections` (`id`, `video_tutorial_id`, `class_section_id`, `created_date`) VALUES (18, 7, 10, '2023-08-24');
INSERT INTO `video_tutorial_class_sections` (`id`, `video_tutorial_id`, `class_section_id`, `created_date`) VALUES (19, 7, 11, '2023-08-24');
INSERT INTO `video_tutorial_class_sections` (`id`, `video_tutorial_id`, `class_section_id`, `created_date`) VALUES (20, 7, 12, '2023-08-24');
INSERT INTO `video_tutorial_class_sections` (`id`, `video_tutorial_id`, `class_section_id`, `created_date`) VALUES (21, 8, 20, '2023-08-27');


#
# TABLE STRUCTURE FOR: visitors_book
#

DROP TABLE IF EXISTS `visitors_book`;

CREATE TABLE `visitors_book` (
  `id` int(11) NOT NULL AUTO_INCREMENT,
  `staff_id` int(11) DEFAULT NULL,
  `student_session_id` int(11) DEFAULT NULL,
  `source` varchar(100) DEFAULT NULL,
  `purpose` varchar(255) NOT NULL,
  `name` varchar(100) NOT NULL,
  `email` varchar(100) DEFAULT NULL,
  `contact` varchar(12) NOT NULL,
  `id_proof` varchar(50) NOT NULL,
  `no_of_people` int(11) NOT NULL,
  `date` date NOT NULL,
  `in_time` varchar(20) NOT NULL,
  `out_time` varchar(20) NOT NULL,
  `note` text NOT NULL,
  `image` varchar(100) DEFAULT NULL,
  `meeting_with` varchar(20) NOT NULL,
  `created_at` timestamp NOT NULL DEFAULT CURRENT_TIMESTAMP,
  PRIMARY KEY (`id`),
  KEY `staff_id` (`staff_id`),
  KEY `student_session_id` (`student_session_id`),
  CONSTRAINT `visitors_book_ibfk_1` FOREIGN KEY (`staff_id`) REFERENCES `staff` (`id`) ON DELETE CASCADE,
  CONSTRAINT `visitors_book_ibfk_2` FOREIGN KEY (`student_session_id`) REFERENCES `student_session` (`id`) ON DELETE CASCADE
) ENGINE=InnoDB AUTO_INCREMENT=6 DEFAULT CHARSET=utf8;

INSERT INTO `visitors_book` (`id`, `staff_id`, `student_session_id`, `source`, `purpose`, `name`, `email`, `contact`, `id_proof`, `no_of_people`, `date`, `in_time`, `out_time`, `note`, `image`, `meeting_with`, `created_at`) VALUES (1, NULL, 125, NULL, 'Student Meeting', 'Faran', NULL, '7667889776', '5567', 2, '2023-08-24', '07:04 AM', '07:04 AM', '', NULL, 'student', '2023-08-24 07:05:03');
INSERT INTO `visitors_book` (`id`, `staff_id`, `student_session_id`, `source`, `purpose`, `name`, `email`, `contact`, `id_proof`, `no_of_people`, `date`, `in_time`, `out_time`, `note`, `image`, `meeting_with`, `created_at`) VALUES (2, NULL, 125, NULL, 'Principal Meeting', 'Jhonson', NULL, '906786786', '234', 3, '2023-08-24', '07:05 AM', '07:05 AM', '', NULL, 'student', '2023-08-24 07:05:43');
INSERT INTO `visitors_book` (`id`, `staff_id`, `student_session_id`, `source`, `purpose`, `name`, `email`, `contact`, `id_proof`, `no_of_people`, `date`, `in_time`, `out_time`, `note`, `image`, `meeting_with`, `created_at`) VALUES (3, NULL, 105, NULL, 'School Events', 'Garry', NULL, '7890067688', '678', 9, '2023-08-24', '07:05 AM', '07:05 AM', '', NULL, 'student', '2023-08-24 07:06:22');
INSERT INTO `visitors_book` (`id`, `staff_id`, `student_session_id`, `source`, `purpose`, `name`, `email`, `contact`, `id_proof`, `no_of_people`, `date`, `in_time`, `out_time`, `note`, `image`, `meeting_with`, `created_at`) VALUES (4, NULL, 124, NULL, 'Marketing', 'Emma', NULL, '584521664', '5645', 5, '2023-08-24', '07:06 AM', '07:06 AM', '', NULL, 'student', '2023-08-24 07:07:22');
INSERT INTO `visitors_book` (`id`, `staff_id`, `student_session_id`, `source`, `purpose`, `name`, `email`, `contact`, `id_proof`, `no_of_people`, `date`, `in_time`, `out_time`, `note`, `image`, `meeting_with`, `created_at`) VALUES (5, 4, NULL, NULL, 'School Events', 'Smith', NULL, '6564444512', '543', 3, '2023-08-24', '07:07 AM', '07:07 AM', '', NULL, 'staff', '2023-08-24 07:07:58');


#
# TABLE STRUCTURE FOR: visitors_purpose
#

DROP TABLE IF EXISTS `visitors_purpose`;

CREATE TABLE `visitors_purpose` (
  `id` int(11) NOT NULL AUTO_INCREMENT,
  `visitors_purpose` varchar(100) NOT NULL,
  `description` text NOT NULL,
  `created_at` timestamp NOT NULL DEFAULT CURRENT_TIMESTAMP,
  PRIMARY KEY (`id`)
) ENGINE=InnoDB AUTO_INCREMENT=7 DEFAULT CHARSET=utf8;

INSERT INTO `visitors_purpose` (`id`, `visitors_purpose`, `description`, `created_at`) VALUES (1, 'Marketing', '', '2023-08-11 16:01:26');
INSERT INTO `visitors_purpose` (`id`, `visitors_purpose`, `description`, `created_at`) VALUES (2, 'Parent Teacher Meeting', '', '2023-08-11 16:01:33');
INSERT INTO `visitors_purpose` (`id`, `visitors_purpose`, `description`, `created_at`) VALUES (3, 'Student Meeting', '', '2023-08-11 16:01:39');
INSERT INTO `visitors_purpose` (`id`, `visitors_purpose`, `description`, `created_at`) VALUES (4, 'Staff Meeting', '', '2023-08-11 16:01:45');
INSERT INTO `visitors_purpose` (`id`, `visitors_purpose`, `description`, `created_at`) VALUES (5, 'Principal Meeting', '', '2023-08-11 16:01:52');
INSERT INTO `visitors_purpose` (`id`, `visitors_purpose`, `description`, `created_at`) VALUES (6, 'School Events', '', '2023-08-11 16:02:00');


